[07/31/2026 - 08:39:00PM] Papyrus log opened (PC)
[07/31/2026 - 08:39:00PM] warning: Replacing native function GetOutfitNameMaxLength on unlinked object SkyrimOutfitEquipmentSystemNativeFuncs.
[07/31/2026 - 08:39:00PM] Update budget: 1.200000ms (Extra tasklet budget: 1.200000ms, Load screen budget: 2000.000000ms)
[07/31/2026 - 08:39:00PM] Memory page: 128 (min) 512 (max) 153600 (max total)
[07/31/2026 - 08:39:03PM] Cannot open store for class "OlenMessagesTriggers", missing file?
[07/31/2026 - 08:39:03PM] Cannot open store for class "OlenveldEvergaolBossDeathScript", missing file?
[07/31/2026 - 08:39:03PM] Cannot open store for class "ConjureHorseScript", missing file?
[07/31/2026 - 08:39:03PM] Error: Unable to bind script ZZDaedraFormQuestScript (ZZDaedraFormQuestScript) to ZZDaedraFormQuest (0B2A5251) because their base types do not match
[07/31/2026 - 08:39:03PM] Cannot open store for class "CannabisAttractedNPCUseBudFXScript", missing file?
[07/31/2026 - 08:39:03PM] Cannot open store for class "CannabisAttractedNPCActiveFXScript", missing file?
[07/31/2026 - 08:39:03PM] Cannot open store for class "CannabisAttractNPCFXScript", missing file?
[07/31/2026 - 08:39:03PM] Cannot open store for class "CannabisAttractedNPCFXScript", missing file?
[07/31/2026 - 08:39:03PM] Cannot open store for class "CannabisBookScript", missing file?
[07/31/2026 - 08:39:03PM] Cannot open store for class "HSProudspireShackles", missing file?
[07/31/2026 - 08:39:03PM] Cannot open store for class "HSHoneysideBoatTravel", missing file?
[07/31/2026 - 08:39:03PM] Cannot open store for class "aaasmutilityscript", missing file?
[07/31/2026 - 08:39:03PM] Cannot open store for class "ddunequiphandlerscript", missing file?
[07/31/2026 - 08:39:03PM] Cannot open store for class "ddunequipmcmscript", missing file?
[07/31/2026 - 08:39:03PM] Error: Unable to bind script SKI_PlayerLoadGameAlias (SKI_PlayerLoadGameAlias->ReferenceAlias->Alias) to CollisionResetConfig (FE036805) because their base types do not match
[07/31/2026 - 08:39:03PM] Error: Unable to bind script SKI_PlayerLoadGameAlias (SKI_PlayerLoadGameAlias->ReferenceAlias->Alias) to CollisionResetConfig (FE036805) because their base types do not match
[07/31/2026 - 08:39:04PM] Cannot open store for class "LightingBallController", missing file?
[07/31/2026 - 08:39:04PM] Cannot open store for class "LightingBall", missing file?
[07/31/2026 - 08:39:04PM] Cannot open store for class "ccFFBSSE002_GlobalSetScript", missing file?
[07/31/2026 - 08:39:04PM] Cannot open store for class "PRKF_Aur_LordStone_Perk_2_Ab_03000A08", missing file?
[07/31/2026 - 08:39:04PM] Error: Script PRKF_Aur_LordStone_Perk_2_Ab_03000A08 cannot be bound to  (51000A08) because the script does not exist or is not currently loaded
[07/31/2026 - 08:39:05PM] Cannot open store for class "AAFlyStorm", missing file?
[07/31/2026 - 08:39:05PM] Cannot open store for class "ME_Script_LearningBook", missing file?
[07/31/2026 - 08:39:05PM] error: Native static function GetGamePathString could find no matching static function on linked type PL_StationScript. Function will not be bound.
[07/31/2026 - 08:39:05PM] error: Native static function GetLegacyDirString could find no matching static function on linked type PL_StationScript. Function will not be bound.
[07/31/2026 - 08:39:05PM] Cannot open store for class "BennyShelterReturnChestScript", missing file?
[07/31/2026 - 08:39:05PM] Cannot open store for class "OBodyMCMScript", missing file?
[07/31/2026 - 08:39:05PM] Error: Script OBodyMCMScript cannot be bound to OBodyMCMQuest (FE182D69) because the script does not exist or is not currently loaded
[07/31/2026 - 08:39:05PM] Cannot open store for class "sslthreadcontroller", missing file?
[07/31/2026 - 08:39:05PM] Cannot open store for class "SexLabFramework", missing file?
[07/31/2026 - 08:39:05PM] Cannot open store for class "osexintegrationmain", missing file?
[07/31/2026 - 08:39:05PM] Cannot open store for class "RDO_DefaultIdleCommentTimer", missing file?
[07/31/2026 - 08:39:05PM] Error: Script RDO_DefaultIdleCommentTimer cannot be bound to aa_RDOMaleCondescendingNonHate (96029049) because the script does not exist or is not currently loaded
[07/31/2026 - 08:39:06PM] Cannot open store for class "ARQuest", missing file?
[07/31/2026 - 08:39:06PM] Cannot open store for class "TrThFalkreathThaneArmourGauntlets", missing file?
[07/31/2026 - 08:39:06PM] Cannot open store for class "TrThFalkreathThaneBootsMuffleScript", missing file?
[07/31/2026 - 08:39:06PM] Cannot open store for class "TrThFalkreathThaneArmourScript", missing file?
[07/31/2026 - 08:39:07PM] Error: Unable to bind script JaxonzEnhGrabObject (JaxonzEnhGrabObject->ReferenceAlias->Alias) to JaxonzEnhGrabUpdateQuest (CA000D62) because their base types do not match
[07/31/2026 - 08:39:07PM] Error: Unable to bind script JaxonzConsolePlugIn (JaxonzConsolePlugIn) to JaxonzEnhGrabUpdateQuest (CA000D62) because their base types do not match
[07/31/2026 - 08:39:08PM] Error: Unable to bind script dunexplorecompletescript (dunexplorecompletescript->ReferenceAlias->Alias) to  (C00FAE59) because their base types do not match
[07/31/2026 - 08:39:08PM] Cannot open store for class "WRMeadBarrelDrinking", missing file?
[07/31/2026 - 08:39:08PM] Error: Script WRMeadBarrelDrinking cannot be bound to  (68003EF8) because the script does not exist or is not currently loaded
[07/31/2026 - 08:39:08PM] Error: Unable to bind script CarryActorManualScript (CarryActorManualScript->CarryActorScript->Actor->ObjectReference->Form) to  (C216DEB8) because their base types do not match
[07/31/2026 - 08:39:08PM] Error: Unable to bind script CarryActorScript (CarryActorScript->Actor->ObjectReference->Form) to  (C216DEB1) because their base types do not match
[07/31/2026 - 08:39:08PM] Error: Unable to bind script CarryActorManualScript (CarryActorManualScript->CarryActorScript->Actor->ObjectReference->Form) to  (C216DEB4) because their base types do not match
[07/31/2026 - 08:39:08PM] Error: Script ccFFBSSE002_GlobalSetScript cannot be bound to Item 5 in container  (02007B89) because the script does not exist or is not currently loaded
[07/31/2026 - 08:39:08PM] Error: Unable to bind script MarriageSleepABScript (MarriageSleepABScript->ActiveMagicEffect) to  (C15C9A10) because their base types do not match
[07/31/2026 - 08:39:08PM] Error: Unable to bind script MarriageSleepABScript (MarriageSleepABScript->ActiveMagicEffect) to  (C15C9A13) because their base types do not match
[07/31/2026 - 08:39:08PM] Error: Unable to bind script CarryActorScript (CarryActorScript->Actor->ObjectReference->Form) to  (C207E29C) because their base types do not match
[07/31/2026 - 08:39:08PM] Error: Unable to bind script CarryActorManualScript (CarryActorManualScript->CarryActorScript->Actor->ObjectReference->Form) to  (C207E29F) because their base types do not match
[07/31/2026 - 08:39:08PM] Error: Unable to bind script MarriageSleepABScript (MarriageSleepABScript->ActiveMagicEffect) to  (C25C9A10) because their base types do not match
[07/31/2026 - 08:39:08PM] Error: Unable to bind script MarriageSleepABScript (MarriageSleepABScript->ActiveMagicEffect) to  (C25C9A13) because their base types do not match
[07/31/2026 - 08:39:08PM] Error: Script ARQuest cannot be bound to  (AD038327) because the script does not exist or is not currently loaded
[07/31/2026 - 08:39:09PM] Cannot open store for class "TimedLightSwitch", missing file?
[07/31/2026 - 08:39:09PM] Error: Script TimedLightSwitch cannot be bound to  (C200AA7A) because the script does not exist or is not currently loaded
[07/31/2026 - 08:39:09PM] Error: Script TimedLightSwitch cannot be bound to  (C100AA7A) because the script does not exist or is not currently loaded
[07/31/2026 - 08:39:09PM] Error: Script TimedLightSwitch cannot be bound to  (C106B304) because the script does not exist or is not currently loaded
[07/31/2026 - 08:39:09PM] Cannot open store for class "arth_utils_lightswitchtoggle", missing file?
[07/31/2026 - 08:39:09PM] Error: Script arth_utils_lightswitchtoggle cannot be bound to  (C11C43C3) because the script does not exist or is not currently loaded
[07/31/2026 - 08:39:09PM] Error: Script arth_utils_lightswitchtoggle cannot be bound to  (C21C43C3) because the script does not exist or is not currently loaded
[07/31/2026 - 08:39:09PM] Error: Script arth_utils_lightswitchtoggle cannot be bound to  (C105BFAD) because the script does not exist or is not currently loaded
[07/31/2026 - 08:39:09PM] Error: Script TimedLightSwitch cannot be bound to  (C206B304) because the script does not exist or is not currently loaded
[07/31/2026 - 08:39:09PM] Error: Script arth_utils_lightswitchtoggle cannot be bound to  (C11C950C) because the script does not exist or is not currently loaded
[07/31/2026 - 08:39:09PM] Error: Script arth_utils_lightswitchtoggle cannot be bound to  (C11ECDA2) because the script does not exist or is not currently loaded
[07/31/2026 - 08:39:09PM] Error: Script arth_utils_lightswitchtoggle cannot be bound to  (C11ECDA8) because the script does not exist or is not currently loaded
[07/31/2026 - 08:39:09PM] Error: Script arth_utils_lightswitchtoggle cannot be bound to  (C170A88D) because the script does not exist or is not currently loaded
[07/31/2026 - 08:39:09PM] Error: Script arth_utils_lightswitchtoggle cannot be bound to  (C170A890) because the script does not exist or is not currently loaded
[07/31/2026 - 08:39:09PM] Error: Script arth_utils_lightswitchtoggle cannot be bound to  (C11D8911) because the script does not exist or is not currently loaded
[07/31/2026 - 08:39:09PM] Error: Script arth_utils_lightswitchtoggle cannot be bound to  (C11ECDA5) because the script does not exist or is not currently loaded
[07/31/2026 - 08:39:09PM] Cannot open store for class "DT_GateOpenCloseScript", missing file?
[07/31/2026 - 08:39:09PM] Error: Script DT_GateOpenCloseScript cannot be bound to  (61135DF3) because the script does not exist or is not currently loaded
[07/31/2026 - 08:39:09PM] Cannot open store for class "DBP_GettoBluePalaceFaction", missing file?
[07/31/2026 - 08:39:09PM] Error: Script DBP_GettoBluePalaceFaction cannot be bound to  (61187321) because the script does not exist or is not currently loaded
[07/31/2026 - 08:39:09PM] Error: Script DT_GateOpenCloseScript cannot be bound to  (61207B20) because the script does not exist or is not currently loaded
[07/31/2026 - 08:39:09PM] Error: Script DT_GateOpenCloseScript cannot be bound to  (6138F0C7) because the script does not exist or is not currently loaded
[07/31/2026 - 08:39:09PM] Error: Script DT_GateOpenCloseScript cannot be bound to  (61338A03) because the script does not exist or is not currently loaded
[07/31/2026 - 08:39:09PM] Error: Script DT_GateOpenCloseScript cannot be bound to  (610BC86B) because the script does not exist or is not currently loaded
[07/31/2026 - 08:39:09PM] Error: Script DT_GateOpenCloseScript cannot be bound to  (6136B791) because the script does not exist or is not currently loaded
[07/31/2026 - 08:39:09PM] Cannot open store for class "activatescript", missing file?
[07/31/2026 - 08:39:09PM] Error: Script activatescript cannot be bound to  (0D5A754C) because the script does not exist or is not currently loaded
[07/31/2026 - 08:39:09PM] Error: Unable to bind script EarthForge_MagicArrow_Spell (EarthForge_MagicArrow_Spell->ActiveMagicEffect) to  (1DBE208C) because their base types do not match
[07/31/2026 - 08:39:09PM] Error: Unable to bind script EarthForge_MagicArrow_Spell (EarthForge_MagicArrow_Spell->ActiveMagicEffect) to  (1DBE208F) because their base types do not match
[07/31/2026 - 08:39:09PM] Error: Unable to bind script EarthForge_MagicArrow_Spell (EarthForge_MagicArrow_Spell->ActiveMagicEffect) to  (1DBE208D) because their base types do not match
[07/31/2026 - 08:39:09PM] Error: Unable to bind script EarthForge_MagicArrow_Spell (EarthForge_MagicArrow_Spell->ActiveMagicEffect) to  (1DBE208E) because their base types do not match
[07/31/2026 - 08:39:09PM] Error: Unable to bind script EarthForge_MagicArrow_Spell (EarthForge_MagicArrow_Spell->ActiveMagicEffect) to  (1DBE2090) because their base types do not match
[07/31/2026 - 08:39:09PM] Error: Unable to bind script ALCWPBH_UndressMagicEffect (ALCWPBH_UndressMagicEffect->ActiveMagicEffect) to  (6E03E1A6) because their base types do not match
[07/31/2026 - 08:39:09PM] Error: Unable to bind script ALCWPBH_UndressMagicEffect (ALCWPBH_UndressMagicEffect->ActiveMagicEffect) to  (6E03E1A7) because their base types do not match
[07/31/2026 - 08:39:09PM] Error: Unable to bind script AA_DCK_UndressMagicEffect (AA_DCK_UndressMagicEffect->ActiveMagicEffect) to  (6E0432AE) because their base types do not match
[07/31/2026 - 08:39:09PM] Error: Unable to bind script ME_Script_SE_Fix (ME_Script_SE_Fix->Quest->Form) to  (76797A52) because their base types do not match
[07/31/2026 - 08:39:09PM] Cannot open store for class "aaaRedspireIngredientStorageScript", missing file?
[07/31/2026 - 08:39:09PM] Error: Script aaaRedspireIngredientStorageScript cannot be bound to  (790A5BBF) because the script does not exist or is not currently loaded
[07/31/2026 - 08:39:09PM] Cannot open store for class "aaaBlackCookingScript", missing file?
[07/31/2026 - 08:39:09PM] Error: Script aaaBlackCookingScript cannot be bound to  (790F7EE0) because the script does not exist or is not currently loaded
[07/31/2026 - 08:39:09PM] Error: Script aaaBlackCookingScript cannot be bound to  (791072C8) because the script does not exist or is not currently loaded
[07/31/2026 - 08:39:09PM] Error: Script aaaBlackCookingScript cannot be bound to  (7907CF30) because the script does not exist or is not currently loaded
[07/31/2026 - 08:39:09PM] Error: Script BennyShelterReturnChestScript cannot be bound to  (7B13FF7C) because the script does not exist or is not currently loaded
[07/31/2026 - 08:39:34PM] Error: Unable to bind script Placeable_SetInIBool (Placeable_SetInIBool) to alias Campfire_Unleashed_Quest on quest Placeable_Skyrim_Settlement_Quest (1643EFE6) because their base types do not match
[07/31/2026 - 08:39:34PM] Error: Unable to bind script defaultsetstageonplayeracquireitem (defaultsetstageonplayeracquireitem->ObjectReference->Form) to alias decree on quest GoodStormcloaks (2B000D62) because their base types do not match
[07/31/2026 - 08:39:34PM] Error: Unable to bind script Lvx_Player_Travel_Script (Lvx_Player_Travel_Script) to alias Player_Travel on quest Lvx_AirShip_Quest (7200537A) because their base types do not match
[07/31/2026 - 08:39:34PM] Error: Unable to bind script aaaShipQuestCompleteScript (aaaShipQuestCompleteScript->ObjectReference->Form) to alias TheScarlett on quest aaaShipQuest (790595DE) because their base types do not match
[07/31/2026 - 08:39:34PM] Error: Unable to bind script aaaLostportRebuildQuestCompleteScript (aaaLostportRebuildQuestCompleteScript->ObjectReference->Form) to alias CompleteWorkbench on quest aaaLostportRebuildQuest (790D4659) because their base types do not match
[07/31/2026 - 08:39:34PM] Error: Unable to bind script aaaSSAToolsTimeCtrlScript (aaaSSAToolsTimeCtrlScript->ActiveMagicEffect) to alias aaaSSATime on quest aaaSSAToolsTimeCtrlQuest (FE1E4815) because their base types do not match
[07/31/2026 - 08:39:34PM] Error: Unable to bind script aaaSSAToolsWeatherCtrlScript (aaaSSAToolsWeatherCtrlScript->ActiveMagicEffect) to alias aaaSSAWeather on quest aaaSSAToolsWeatherCtrlQuest (FE1E4816) because their base types do not match
[07/31/2026 - 08:39:34PM] warning: Property knockBackExplosion on script dragonactorscript attached to  (000FDBB1) cannot be initialized because the script no longer contains that property
[07/31/2026 - 08:39:34PM] warning: Property SnowDragonSkin on script dragonactorscript attached to  (000FDBB1) cannot be initialized because the script no longer contains that property
[07/31/2026 - 08:39:34PM] warning: Property forestDragonSkin on script dragonactorscript attached to  (000FDBB1) cannot be initialized because the script no longer contains that property
[07/31/2026 - 08:39:34PM] warning: Property TundraDragonSkin on script dragonactorscript attached to  (000FDBB1) cannot be initialized because the script no longer contains that property
[07/31/2026 - 08:39:34PM] warning: Property knockBackExplosion on script dragonactorscript attached to  (000FDBB0) cannot be initialized because the script no longer contains that property
[07/31/2026 - 08:39:34PM] warning: Property SnowDragonSkin on script dragonactorscript attached to  (000FDBB0) cannot be initialized because the script no longer contains that property
[07/31/2026 - 08:39:34PM] warning: Property forestDragonSkin on script dragonactorscript attached to  (000FDBB0) cannot be initialized because the script no longer contains that property
[07/31/2026 - 08:39:34PM] warning: Property TundraDragonSkin on script dragonactorscript attached to  (000FDBB0) cannot be initialized because the script no longer contains that property
[07/31/2026 - 08:39:34PM] warning: Property knockBackExplosion on script dragonactorscript attached to  (000936AD) cannot be initialized because the script no longer contains that property
[07/31/2026 - 08:39:34PM] warning: Property SnowDragonSkin on script dragonactorscript attached to  (000936AD) cannot be initialized because the script no longer contains that property
[07/31/2026 - 08:39:34PM] warning: Property forestDragonSkin on script dragonactorscript attached to  (000936AD) cannot be initialized because the script no longer contains that property
[07/31/2026 - 08:39:34PM] warning: Property TundraDragonSkin on script dragonactorscript attached to  (000936AD) cannot be initialized because the script no longer contains that property
[07/31/2026 - 08:39:34PM] warning: Property BasinMessage on script ME_Script_WashBasin attached to  (761A184C) cannot be initialized because the script no longer contains that property
[07/31/2026 - 08:39:34PM] warning: Property ME_G_GhostDeath on script Me_Script_Fireplace attached to  (7609EA86) cannot be initialized because the script no longer contains that property
[07/31/2026 - 08:39:34PM] warning: Property ME_Ref_Ghost on script Me_Script_Fireplace attached to  (7609EA86) cannot be initialized because the script no longer contains that property
[07/31/2026 - 08:39:34PM] warning: Property ME_Ref_FireplaceMarkers on script Me_Script_Fireplace attached to  (7609EA86) cannot be initialized because the script no longer contains that property
[07/31/2026 - 08:39:34PM] warning: Property ME_X_RitualSpot on script Me_Script_Fireplace attached to  (7609EA86) cannot be initialized because the script no longer contains that property
[07/31/2026 - 08:39:34PM] warning: Property ME_FL_SpawnMarker on script Me_Script_Fireplace attached to  (7609EA86) cannot be initialized because the script no longer contains that property
[07/31/2026 - 08:39:34PM] warning: Property bModActive on script jaxonzenhgrab attached to JaxonzEnhGrabUpdateQuest (CA000D62) cannot be initialized because the script no longer contains that property
[07/31/2026 - 08:39:34PM] warning: Property knockBackExplosion on script dragonactorscript attached to  (000A1941) cannot be initialized because the script no longer contains that property
[07/31/2026 - 08:39:34PM] warning: Property SnowDragonSkin on script dragonactorscript attached to  (000A1941) cannot be initialized because the script no longer contains that property
[07/31/2026 - 08:39:34PM] warning: Property forestDragonSkin on script dragonactorscript attached to  (000A1941) cannot be initialized because the script no longer contains that property
[07/31/2026 - 08:39:34PM] warning: Property TundraDragonSkin on script dragonactorscript attached to  (000A1941) cannot be initialized because the script no longer contains that property
[07/31/2026 - 08:39:34PM] warning: Property PlayerRef on script Placeable_MISC_Placement_Script attached to Item 173 in container  (16002789) cannot be initialized because the script no longer contains that property
[07/31/2026 - 08:39:34PM] warning: Property ME_G_GhostDeath on script Me_Script_Fireplace attached to  (7616ECFF) cannot be initialized because the script no longer contains that property
[07/31/2026 - 08:39:34PM] warning: Property ME_X_RitualSpot on script Me_Script_Fireplace attached to  (7616ECFF) cannot be initialized because the script no longer contains that property
[07/31/2026 - 08:39:34PM] warning: Property ME_Ref_FireplaceMarkers on script Me_Script_Fireplace attached to  (7616ECFF) cannot be initialized because the script no longer contains that property
[07/31/2026 - 08:39:34PM] warning: Property ME_FL_SpawnMarker on script Me_Script_Fireplace attached to  (7616ECFF) cannot be initialized because the script no longer contains that property
[07/31/2026 - 08:39:34PM] warning: Property ME_Ref_Ghost on script Me_Script_Fireplace attached to  (7616ECFF) cannot be initialized because the script no longer contains that property
[07/31/2026 - 08:39:34PM] warning: Property ShadeKills on script OlenShadeKILLz attached to  (0A6E02C3) cannot be initialized because the script no longer contains that property
[07/31/2026 - 08:39:34PM] warning: Property knockBackExplosion on script dragonactorscript attached to  (000A194B) cannot be initialized because the script no longer contains that property
[07/31/2026 - 08:39:34PM] warning: Property SnowDragonSkin on script dragonactorscript attached to  (000A194B) cannot be initialized because the script no longer contains that property
[07/31/2026 - 08:39:34PM] warning: Property forestDragonSkin on script dragonactorscript attached to  (000A194B) cannot be initialized because the script no longer contains that property
[07/31/2026 - 08:39:34PM] warning: Property TundraDragonSkin on script dragonactorscript attached to  (000A194B) cannot be initialized because the script no longer contains that property
[07/31/2026 - 08:39:34PM] warning: Property knockBackExplosion on script dragonactorscript attached to  (0008BC83) cannot be initialized because the script no longer contains that property
[07/31/2026 - 08:39:34PM] warning: Property SnowDragonSkin on script dragonactorscript attached to  (0008BC83) cannot be initialized because the script no longer contains that property
[07/31/2026 - 08:39:34PM] warning: Property forestDragonSkin on script dragonactorscript attached to  (0008BC83) cannot be initialized because the script no longer contains that property
[07/31/2026 - 08:39:34PM] warning: Property TundraDragonSkin on script dragonactorscript attached to  (0008BC83) cannot be initialized because the script no longer contains that property
[07/31/2026 - 08:39:34PM] warning: Property DirtinessSpellList on script mzinbathequest attached to mzinBatheQuest (AE0279ED) cannot be initialized because the script no longer contains that property
[07/31/2026 - 08:39:34PM] warning: Property BathingInSkyrimEnabled on script mzinbathequest attached to mzinBatheQuest (AE0279ED) cannot be initialized because the script no longer contains that property
[07/31/2026 - 08:39:34PM] warning: Property PlayShowerAnimationWithSoap on script mzinbathequest attached to mzinBatheQuest (AE0279ED) cannot be initialized because the script no longer contains that property
[07/31/2026 - 08:39:34PM] warning: Property PlayBatheAnimationWithSoap on script mzinbathequest attached to mzinBatheQuest (AE0279ED) cannot be initialized because the script no longer contains that property
[07/31/2026 - 08:39:34PM] warning: Property WaterList on script mzinbathequest attached to mzinBatheQuest (AE0279ED) cannot be initialized because the script no longer contains that property
[07/31/2026 - 08:39:34PM] warning: Property DefaultBatheAttemptSpell on script mzinbathequest attached to mzinBatheQuest (AE0279ED) cannot be initialized because the script no longer contains that property
[07/31/2026 - 08:39:34PM] warning: Property BatheKeyCode on script mzinbathequest attached to mzinBatheQuest (AE0279ED) cannot be initialized because the script no longer contains that property
[07/31/2026 - 08:39:34PM] warning: Property PlayBatheAnimationWithoutSoap on script mzinbathequest attached to mzinBatheQuest (AE0279ED) cannot be initialized because the script no longer contains that property
[07/31/2026 - 08:39:34PM] warning: Property BatheAttemptSpellList on script mzinbathequest attached to mzinBatheQuest (AE0279ED) cannot be initialized because the script no longer contains that property
[07/31/2026 - 08:39:34PM] warning: Property CheckStatusKeyCode on script mzinbathequest attached to mzinBatheQuest (AE0279ED) cannot be initialized because the script no longer contains that property
[07/31/2026 - 08:39:34PM] warning: Property PlayShowerAnimationWithoutSoap on script mzinbathequest attached to mzinBatheQuest (AE0279ED) cannot be initialized because the script no longer contains that property
[07/31/2026 - 08:39:34PM] warning: Property ShowerKeyCode on script mzinbathequest attached to mzinBatheQuest (AE0279ED) cannot be initialized because the script no longer contains that property
[07/31/2026 - 08:39:34PM] warning: Property DirtinessStatusMessage on script mzinbathequest attached to mzinBatheQuest (AE0279ED) cannot be initialized because the script no longer contains that property
[07/31/2026 - 08:39:34PM] warning: Property FollowerRelaxing on script rdo_valericafollowerscript attached to aa_RDODLC1Valerica (9602E152) cannot be initialized because the script no longer contains that property
[07/31/2026 - 08:39:34PM] warning: Property FollowerWaitingMessage on script rdo_valericafollowerscript attached to aa_RDODLC1Valerica (9602E152) cannot be initialized because the script no longer contains that property
[07/31/2026 - 08:39:34PM] warning: Property MS01WeylinBeserk on script RDO_KaieConfrontQuestFragments attached to a_RDOKaieConfrontPlayer (96CE742C) cannot be initialized because the script no longer contains that property
[07/31/2026 - 08:39:34PM] warning: Property PerkName on script tc_ShardShrine attached to  (C0132A4E) cannot be initialized because the script no longer contains that property
[07/31/2026 - 08:39:34PM] warning: Property PlayerRef on script Placeable_MISC_Placement_Script attached to Item 126 in container  (16002789) cannot be initialized because the script no longer contains that property
[07/31/2026 - 08:39:34PM] warning: Property knockBackExplosion on script dragonactorscript attached to  (0005A6CA) cannot be initialized because the script no longer contains that property
[07/31/2026 - 08:39:34PM] warning: Property SnowDragonSkin on script dragonactorscript attached to  (0005A6CA) cannot be initialized because the script no longer contains that property
[07/31/2026 - 08:39:34PM] warning: Property forestDragonSkin on script dragonactorscript attached to  (0005A6CA) cannot be initialized because the script no longer contains that property
[07/31/2026 - 08:39:34PM] warning: Property TundraDragonSkin on script dragonactorscript attached to  (0005A6CA) cannot be initialized because the script no longer contains that property
[07/31/2026 - 08:39:34PM] warning: Property knockBackExplosion on script dragonactorscript attached to  (0008BC85) cannot be initialized because the script no longer contains that property
[07/31/2026 - 08:39:34PM] warning: Property SnowDragonSkin on script dragonactorscript attached to  (0008BC85) cannot be initialized because the script no longer contains that property
[07/31/2026 - 08:39:34PM] warning: Property forestDragonSkin on script dragonactorscript attached to  (0008BC85) cannot be initialized because the script no longer contains that property
[07/31/2026 - 08:39:34PM] warning: Property TundraDragonSkin on script dragonactorscript attached to  (0008BC85) cannot be initialized because the script no longer contains that property
[07/31/2026 - 08:39:34PM] warning: Property knockBackExplosion on script dragonactorscript attached to  (0008BC84) cannot be initialized because the script no longer contains that property
[07/31/2026 - 08:39:34PM] warning: Property SnowDragonSkin on script dragonactorscript attached to  (0008BC84) cannot be initialized because the script no longer contains that property
[07/31/2026 - 08:39:34PM] warning: Property forestDragonSkin on script dragonactorscript attached to  (0008BC84) cannot be initialized because the script no longer contains that property
[07/31/2026 - 08:39:34PM] warning: Property TundraDragonSkin on script dragonactorscript attached to  (0008BC84) cannot be initialized because the script no longer contains that property
[07/31/2026 - 08:39:34PM] warning: Property knockBackExplosion on script dragonactorscript attached to  (6B006AD5) cannot be initialized because the script no longer contains that property
[07/31/2026 - 08:39:34PM] warning: Property SnowDragonSkin on script dragonactorscript attached to  (6B006AD5) cannot be initialized because the script no longer contains that property
[07/31/2026 - 08:39:34PM] warning: Property forestDragonSkin on script dragonactorscript attached to  (6B006AD5) cannot be initialized because the script no longer contains that property
[07/31/2026 - 08:39:34PM] warning: Property TundraDragonSkin on script dragonactorscript attached to  (6B006AD5) cannot be initialized because the script no longer contains that property
[07/31/2026 - 08:39:34PM] warning: Property MasterMask on script uskpretroactive204script attached to USKPRetroactive204 (07012C3A) cannot be initialized because the script no longer contains that property
[07/31/2026 - 08:39:34PM] warning: Property MaskBust3 on script uskpretroactive204script attached to USKPRetroactive204 (07012C3A) cannot be initialized because the script no longer contains that property
[07/31/2026 - 08:39:34PM] warning: Property MaskChest1 on script uskpretroactive204script attached to USKPRetroactive204 (07012C3A) cannot be initialized because the script no longer contains that property
[07/31/2026 - 08:39:34PM] warning: Property MaskChest4 on script uskpretroactive204script attached to USKPRetroactive204 (07012C3A) cannot be initialized because the script no longer contains that property
[07/31/2026 - 08:39:34PM] warning: Property MasterMaskChest on script uskpretroactive204script attached to USKPRetroactive204 (07012C3A) cannot be initialized because the script no longer contains that property
[07/31/2026 - 08:39:34PM] warning: Property MaskChest3 on script uskpretroactive204script attached to USKPRetroactive204 (07012C3A) cannot be initialized because the script no longer contains that property
[07/31/2026 - 08:39:34PM] warning: Property MaskChest5 on script uskpretroactive204script attached to USKPRetroactive204 (07012C3A) cannot be initialized because the script no longer contains that property
[07/31/2026 - 08:39:34PM] warning: Property MaskChest7 on script uskpretroactive204script attached to USKPRetroactive204 (07012C3A) cannot be initialized because the script no longer contains that property
[07/31/2026 - 08:39:34PM] warning: Property MaskBust6 on script uskpretroactive204script attached to USKPRetroactive204 (07012C3A) cannot be initialized because the script no longer contains that property
[07/31/2026 - 08:39:34PM] warning: Property MaskChest8 on script uskpretroactive204script attached to USKPRetroactive204 (07012C3A) cannot be initialized because the script no longer contains that property
[07/31/2026 - 08:39:34PM] warning: Property MaskBust7 on script uskpretroactive204script attached to USKPRetroactive204 (07012C3A) cannot be initialized because the script no longer contains that property
[07/31/2026 - 08:39:34PM] warning: Property MaskBust1 on script uskpretroactive204script attached to USKPRetroactive204 (07012C3A) cannot be initialized because the script no longer contains that property
[07/31/2026 - 08:39:34PM] warning: Property MaskBust4 on script uskpretroactive204script attached to USKPRetroactive204 (07012C3A) cannot be initialized because the script no longer contains that property
[07/31/2026 - 08:39:34PM] warning: Property MaskBust8 on script uskpretroactive204script attached to USKPRetroactive204 (07012C3A) cannot be initialized because the script no longer contains that property
[07/31/2026 - 08:39:34PM] warning: Property MaskBust5 on script uskpretroactive204script attached to USKPRetroactive204 (07012C3A) cannot be initialized because the script no longer contains that property
[07/31/2026 - 08:39:34PM] warning: Property MaskChest2 on script uskpretroactive204script attached to USKPRetroactive204 (07012C3A) cannot be initialized because the script no longer contains that property
[07/31/2026 - 08:39:34PM] warning: Property MaskChest6 on script uskpretroactive204script attached to USKPRetroactive204 (07012C3A) cannot be initialized because the script no longer contains that property
[07/31/2026 - 08:39:34PM] warning: Property MaskBust2 on script uskpretroactive204script attached to USKPRetroactive204 (07012C3A) cannot be initialized because the script no longer contains that property
[07/31/2026 - 08:39:34PM] warning: Property knockBackExplosion on script dragonactorscript attached to  (000FDBAF) cannot be initialized because the script no longer contains that property
[07/31/2026 - 08:39:34PM] warning: Property SnowDragonSkin on script dragonactorscript attached to  (000FDBAF) cannot be initialized because the script no longer contains that property
[07/31/2026 - 08:39:34PM] warning: Property forestDragonSkin on script dragonactorscript attached to  (000FDBAF) cannot be initialized because the script no longer contains that property
[07/31/2026 - 08:39:34PM] warning: Property TundraDragonSkin on script dragonactorscript attached to  (000FDBAF) cannot be initialized because the script no longer contains that property
[07/31/2026 - 08:39:34PM] warning: Property PlayerRef on script Placeable_MISC_Placement_Script attached to Item 134 in container  (16002789) cannot be initialized because the script no longer contains that property
[07/31/2026 - 08:39:34PM] warning: Property RaceChangerInitMessage on script RaceChangerscript attached to alias PlayerChangingRace on quest RaceChangerQuest (4D00945D) cannot be initialized because the script no longer contains that property
[07/31/2026 - 08:39:34PM] warning: Property knockBackExplosion on script dragonactorscript attached to  (000FD688) cannot be initialized because the script no longer contains that property
[07/31/2026 - 08:39:34PM] warning: Property SnowDragonSkin on script dragonactorscript attached to  (000FD688) cannot be initialized because the script no longer contains that property
[07/31/2026 - 08:39:34PM] warning: Property forestDragonSkin on script dragonactorscript attached to  (000FD688) cannot be initialized because the script no longer contains that property
[07/31/2026 - 08:39:34PM] warning: Property TundraDragonSkin on script dragonactorscript attached to  (000FD688) cannot be initialized because the script no longer contains that property
[07/31/2026 - 08:39:34PM] warning: Property RBMORTHALBURNTPROPERTY on script RedBagsMorthalBurntHouseScript attached to  (60052558) cannot be initialized because the script no longer contains that property
[07/31/2026 - 08:39:34PM] warning: Property ShadeKills on script OlenShadeKILLz attached to  (0A6E02D7) cannot be initialized because the script no longer contains that property
[07/31/2026 - 08:39:34PM] Error: Property UpdateSpell on script AixUpdateScript attached to alias PlayerUpdater on quest AixUpdater (FE04B888) cannot be bound because  (FE04B802) is not the right type
[07/31/2026 - 08:39:34PM] warning: Property PlayerRef on script Placeable_MISC_Placement_Script attached to Item 170 in container  (16002789) cannot be initialized because the script no longer contains that property
[07/31/2026 - 08:39:34PM] warning: Property knockBackExplosion on script dragonactorscript attached to  (000936BE) cannot be initialized because the script no longer contains that property
[07/31/2026 - 08:39:34PM] warning: Property SnowDragonSkin on script dragonactorscript attached to  (000936BE) cannot be initialized because the script no longer contains that property
[07/31/2026 - 08:39:34PM] warning: Property forestDragonSkin on script dragonactorscript attached to  (000936BE) cannot be initialized because the script no longer contains that property
[07/31/2026 - 08:39:34PM] warning: Property TundraDragonSkin on script dragonactorscript attached to  (000936BE) cannot be initialized because the script no longer contains that property
[07/31/2026 - 08:39:34PM] warning: Property ShadeKills on script OlenShadeKILLz attached to  (0A6E02D8) cannot be initialized because the script no longer contains that property
[07/31/2026 - 08:39:34PM] warning: Property knockBackExplosion on script dragonactorscript attached to  (0009FBEE) cannot be initialized because the script no longer contains that property
[07/31/2026 - 08:39:34PM] warning: Property SnowDragonSkin on script dragonactorscript attached to  (0009FBEE) cannot be initialized because the script no longer contains that property
[07/31/2026 - 08:39:34PM] warning: Property forestDragonSkin on script dragonactorscript attached to  (0009FBEE) cannot be initialized because the script no longer contains that property
[07/31/2026 - 08:39:34PM] warning: Property TundraDragonSkin on script dragonactorscript attached to  (0009FBEE) cannot be initialized because the script no longer contains that property
[07/31/2026 - 08:39:34PM] warning: Property knockBackExplosion on script dragonactorscript attached to  (04019ACC) cannot be initialized because the script no longer contains that property
[07/31/2026 - 08:39:34PM] warning: Property forestDragonSkin on script dragonactorscript attached to  (04019ACC) cannot be initialized because the script no longer contains that property
[07/31/2026 - 08:39:34PM] warning: Property TundraDragonSkin on script dragonactorscript attached to  (04019ACC) cannot be initialized because the script no longer contains that property
[07/31/2026 - 08:39:34PM] warning: Property SnowDragonSkin on script dragonactorscript attached to  (04019ACC) cannot be initialized because the script no longer contains that property
[07/31/2026 - 08:39:34PM] warning: Property knockBackExplosion on script dragonactorscript attached to  (00034DDB) cannot be initialized because the script no longer contains that property
[07/31/2026 - 08:39:34PM] warning: Property SnowDragonSkin on script dragonactorscript attached to  (00034DDB) cannot be initialized because the script no longer contains that property
[07/31/2026 - 08:39:34PM] warning: Property forestDragonSkin on script dragonactorscript attached to  (00034DDB) cannot be initialized because the script no longer contains that property
[07/31/2026 - 08:39:34PM] warning: Property TundraDragonSkin on script dragonactorscript attached to  (00034DDB) cannot be initialized because the script no longer contains that property
[07/31/2026 - 08:39:34PM] warning: Property BFBDragon on script BFBdragonFlyoverSCRIPT attached to  (0005A0C6) cannot be initialized because the script no longer contains that property
[07/31/2026 - 08:39:34PM] warning: Property knockBackExplosion on script dragonactorscript attached to  (0A46FE41) cannot be initialized because the script no longer contains that property
[07/31/2026 - 08:39:34PM] warning: Property knockBackExplosion on script dragonactorscript attached to  (00035541) cannot be initialized because the script no longer contains that property
[07/31/2026 - 08:39:34PM] warning: Property SnowDragonSkin on script dragonactorscript attached to  (00035541) cannot be initialized because the script no longer contains that property
[07/31/2026 - 08:39:34PM] warning: Property forestDragonSkin on script dragonactorscript attached to  (00035541) cannot be initialized because the script no longer contains that property
[07/31/2026 - 08:39:34PM] warning: Property TundraDragonSkin on script dragonactorscript attached to  (00035541) cannot be initialized because the script no longer contains that property
[07/31/2026 - 08:39:34PM] warning: Property knockBackExplosion on script dragonactorscript attached to  (0009E082) cannot be initialized because the script no longer contains that property
[07/31/2026 - 08:39:34PM] warning: Property SnowDragonSkin on script dragonactorscript attached to  (0009E082) cannot be initialized because the script no longer contains that property
[07/31/2026 - 08:39:34PM] warning: Property forestDragonSkin on script dragonactorscript attached to  (0009E082) cannot be initialized because the script no longer contains that property
[07/31/2026 - 08:39:34PM] warning: Property TundraDragonSkin on script dragonactorscript attached to  (0009E082) cannot be initialized because the script no longer contains that property
[07/31/2026 - 08:39:34PM] warning: Property knockBackExplosion on script dragonactorscript attached to  (0009E085) cannot be initialized because the script no longer contains that property
[07/31/2026 - 08:39:34PM] warning: Property SnowDragonSkin on script dragonactorscript attached to  (0009E085) cannot be initialized because the script no longer contains that property
[07/31/2026 - 08:39:34PM] warning: Property forestDragonSkin on script dragonactorscript attached to  (0009E085) cannot be initialized because the script no longer contains that property
[07/31/2026 - 08:39:34PM] warning: Property TundraDragonSkin on script dragonactorscript attached to  (0009E085) cannot be initialized because the script no longer contains that property
[07/31/2026 - 08:39:34PM] warning: Property knockBackExplosion on script dragonactorscript attached to  (0004E9BD) cannot be initialized because the script no longer contains that property
[07/31/2026 - 08:39:34PM] warning: Property SnowDragonSkin on script dragonactorscript attached to  (0004E9BD) cannot be initialized because the script no longer contains that property
[07/31/2026 - 08:39:34PM] warning: Property forestDragonSkin on script dragonactorscript attached to  (0004E9BD) cannot be initialized because the script no longer contains that property
[07/31/2026 - 08:39:34PM] warning: Property TundraDragonSkin on script dragonactorscript attached to  (0004E9BD) cannot be initialized because the script no longer contains that property
[07/31/2026 - 08:39:34PM] warning: Property knockBackExplosion on script dragonactorscript attached to  (04039887) cannot be initialized because the script no longer contains that property
[07/31/2026 - 08:39:34PM] warning: Property SnowDragonSkin on script dragonactorscript attached to  (04039887) cannot be initialized because the script no longer contains that property
[07/31/2026 - 08:39:34PM] warning: Property forestDragonSkin on script dragonactorscript attached to  (04039887) cannot be initialized because the script no longer contains that property
[07/31/2026 - 08:39:34PM] warning: Property TundraDragonSkin on script dragonactorscript attached to  (04039887) cannot be initialized because the script no longer contains that property
[07/31/2026 - 08:39:34PM] warning: Property PlayerRef on script Placeable_MISC_Placement_Script attached to Item 171 in container  (16002789) cannot be initialized because the script no longer contains that property
[07/31/2026 - 08:39:34PM] warning: Property knockBackExplosion on script dragonactorscript attached to  (0BF3FD26) cannot be initialized because the script no longer contains that property
[07/31/2026 - 08:39:34PM] warning: Property forestDragonSkin on script dragonactorscript attached to  (0BF3FD26) cannot be initialized because the script no longer contains that property
[07/31/2026 - 08:39:34PM] warning: Property TundraDragonSkin on script dragonactorscript attached to  (0BF3FD26) cannot be initialized because the script no longer contains that property
[07/31/2026 - 08:39:34PM] warning: Property SnowDragonSkin on script dragonactorscript attached to  (0BF3FD26) cannot be initialized because the script no longer contains that property
[07/31/2026 - 08:39:34PM] warning: Property knockBackExplosion on script dragonactorscript attached to  (0009E088) cannot be initialized because the script no longer contains that property
[07/31/2026 - 08:39:34PM] warning: Property SnowDragonSkin on script dragonactorscript attached to  (0009E088) cannot be initialized because the script no longer contains that property
[07/31/2026 - 08:39:34PM] warning: Property forestDragonSkin on script dragonactorscript attached to  (0009E088) cannot be initialized because the script no longer contains that property
[07/31/2026 - 08:39:34PM] warning: Property TundraDragonSkin on script dragonactorscript attached to  (0009E088) cannot be initialized because the script no longer contains that property
[07/31/2026 - 08:39:34PM] warning: Property knockBackExplosion on script dragonactorscript attached to  (0009E08B) cannot be initialized because the script no longer contains that property
[07/31/2026 - 08:39:34PM] warning: Property SnowDragonSkin on script dragonactorscript attached to  (0009E08B) cannot be initialized because the script no longer contains that property
[07/31/2026 - 08:39:34PM] warning: Property forestDragonSkin on script dragonactorscript attached to  (0009E08B) cannot be initialized because the script no longer contains that property
[07/31/2026 - 08:39:34PM] warning: Property TundraDragonSkin on script dragonactorscript attached to  (0009E08B) cannot be initialized because the script no longer contains that property
[07/31/2026 - 08:39:34PM] warning: Property ThaneDialogue on script QF_TrThMakeThaneQuest_02026643 attached to TrThMakeThaneQuest (B3026643) cannot be initialized because the script no longer contains that property
[07/31/2026 - 08:39:34PM] warning: Property ME_G_GhostDeath on script ME_Script_Ghost attached to  (762676C1) cannot be initialized because the script no longer contains that property
[07/31/2026 - 08:39:34PM] warning: Property knockBackExplosion on script dragonactorscript attached to  (00032AC2) cannot be initialized because the script no longer contains that property
[07/31/2026 - 08:39:34PM] warning: Property SnowDragonSkin on script dragonactorscript attached to  (00032AC2) cannot be initialized because the script no longer contains that property
[07/31/2026 - 08:39:34PM] warning: Property forestDragonSkin on script dragonactorscript attached to  (00032AC2) cannot be initialized because the script no longer contains that property
[07/31/2026 - 08:39:34PM] warning: Property TundraDragonSkin on script dragonactorscript attached to  (00032AC2) cannot be initialized because the script no longer contains that property
[07/31/2026 - 08:39:34PM] warning: Property knockBackExplosion on script dragonactorscript attached to  (0004377E) cannot be initialized because the script no longer contains that property
[07/31/2026 - 08:39:34PM] warning: Property SnowDragonSkin on script dragonactorscript attached to  (0004377E) cannot be initialized because the script no longer contains that property
[07/31/2026 - 08:39:34PM] warning: Property forestDragonSkin on script dragonactorscript attached to  (0004377E) cannot be initialized because the script no longer contains that property
[07/31/2026 - 08:39:34PM] warning: Property TundraDragonSkin on script dragonactorscript attached to  (0004377E) cannot be initialized because the script no longer contains that property
[07/31/2026 - 08:39:34PM] warning: Property EndFX on script Placeable_CreativeMode_Anvil attached to  (16A68504) cannot be initialized because the script no longer contains that property
[07/31/2026 - 08:39:34PM] warning: Property PlayerRef on script Placeable_MISC_Placement_Script attached to Item 172 in container  (16002789) cannot be initialized because the script no longer contains that property
[07/31/2026 - 08:39:34PM] warning: Property EnchRedFXShader on script xGSxSortingChest attached to  (5500FBD3) cannot be initialized because the script no longer contains that property
[07/31/2026 - 08:39:34PM] warning: Property TimerEffectStartWaitTime on script xGSxSortingChest attached to  (5500FBD3) cannot be initialized because the script no longer contains that property
[07/31/2026 - 08:39:34PM] warning: Property TimerFunctionStartWaitTime on script xGSxSortingChest attached to  (5500FBD3) cannot be initialized because the script no longer contains that property
[07/31/2026 - 08:39:34PM] warning: Property TimerEffectEndWaitTime on script xGSxSortingChest attached to  (5500FBD3) cannot be initialized because the script no longer contains that property
[07/31/2026 - 08:39:34PM] warning: Property TimerEffectShaderPlayTime on script xGSxSortingChest attached to  (5500FBD3) cannot be initialized because the script no longer contains that property
[07/31/2026 - 08:39:34PM] warning: Property knockBackExplosion on script dragonactorscript attached to  (00060BAE) cannot be initialized because the script no longer contains that property
[07/31/2026 - 08:39:34PM] warning: Property SnowDragonSkin on script dragonactorscript attached to  (00060BAE) cannot be initialized because the script no longer contains that property
[07/31/2026 - 08:39:34PM] warning: Property forestDragonSkin on script dragonactorscript attached to  (00060BAE) cannot be initialized because the script no longer contains that property
[07/31/2026 - 08:39:34PM] warning: Property TundraDragonSkin on script dragonactorscript attached to  (00060BAE) cannot be initialized because the script no longer contains that property
[07/31/2026 - 08:39:34PM] warning: Property timerHasStarted on script rdo_kaiequeststarter attached to alias Madanach on quest a_RDOMiscSharedInfoDialogue (96C17A62) cannot be initialized because the script no longer contains that property
[07/31/2026 - 08:39:34PM] warning: Property USSEPElevatorPowerRequiredMessage on script blackreachExitElevatorScript attached to  (000EF933) cannot be initialized because the script no longer contains that property
[07/31/2026 - 08:39:34PM] warning: Property AliasClearingNPC on script PF_TrThUniquePerksMarkarthHo_02039A76 attached to  (B3039A76) cannot be initialized because the script no longer contains that property
[07/31/2026 - 08:39:34PM] warning: Property TravelAlias on script PF_TrThUniquePerksMarkarthHo_02039A76 attached to  (B3039A76) cannot be initialized because the script no longer contains that property
[07/31/2026 - 08:39:34PM] warning: Property RaceList on script playervampirequestscript attached to PlayerVampireQuest (000EAFD5) cannot be initialized because the script no longer contains that property
[07/31/2026 - 08:39:34PM] warning: Property VampireList on script playervampirequestscript attached to PlayerVampireQuest (000EAFD5) cannot be initialized because the script no longer contains that property
[07/31/2026 - 08:39:34PM] warning: Property NazeemREF on script StuckOnScreenFixAliasScript attached to alias Player on quest StuckOnScreenFixQuest (FE037D62) cannot be initialized because the script no longer contains that property
[07/31/2026 - 08:39:34PM] warning: Property someTopic on script StuckOnScreenFixAliasScript attached to alias Player on quest StuckOnScreenFixQuest (FE037D62) cannot be initialized because the script no longer contains that property
[07/31/2026 - 08:39:34PM] warning: Property AliasClearingNPC on script PF_TrThUniquePerksMarkarthHo_02039A73 attached to  (B3039A73) cannot be initialized because the script no longer contains that property
[07/31/2026 - 08:39:34PM] warning: Property TravelAlias on script PF_TrThUniquePerksMarkarthHo_02039A73 attached to  (B3039A73) cannot be initialized because the script no longer contains that property
[07/31/2026 - 08:39:34PM] warning: Property knockBackExplosion on script dragonactorscript attached to  (0401F99A) cannot be initialized because the script no longer contains that property
[07/31/2026 - 08:39:34PM] warning: Property SnowDragonSkin on script dragonactorscript attached to  (0401F99A) cannot be initialized because the script no longer contains that property
[07/31/2026 - 08:39:34PM] warning: Property forestDragonSkin on script dragonactorscript attached to  (0401F99A) cannot be initialized because the script no longer contains that property
[07/31/2026 - 08:39:34PM] warning: Property TundraDragonSkin on script dragonactorscript attached to  (0401F99A) cannot be initialized because the script no longer contains that property
[07/31/2026 - 08:39:34PM] warning: Property knockBackExplosion on script dragonactorscript attached to  (000263CE) cannot be initialized because the script no longer contains that property
[07/31/2026 - 08:39:34PM] warning: Property SnowDragonSkin on script dragonactorscript attached to  (000263CE) cannot be initialized because the script no longer contains that property
[07/31/2026 - 08:39:34PM] warning: Property forestDragonSkin on script dragonactorscript attached to  (000263CE) cannot be initialized because the script no longer contains that property
[07/31/2026 - 08:39:34PM] warning: Property TundraDragonSkin on script dragonactorscript attached to  (000263CE) cannot be initialized because the script no longer contains that property
[07/31/2026 - 08:39:34PM] warning: Property ME_G_GhostDeath on script Me_Script_Fireplace attached to  (7618D3E6) cannot be initialized because the script no longer contains that property
[07/31/2026 - 08:39:34PM] warning: Property ME_Ref_FireplaceMarkers on script Me_Script_Fireplace attached to  (7618D3E6) cannot be initialized because the script no longer contains that property
[07/31/2026 - 08:39:34PM] warning: Property ME_X_RitualSpot on script Me_Script_Fireplace attached to  (7618D3E6) cannot be initialized because the script no longer contains that property
[07/31/2026 - 08:39:34PM] warning: Property ME_FL_SpawnMarker on script Me_Script_Fireplace attached to  (7618D3E6) cannot be initialized because the script no longer contains that property
[07/31/2026 - 08:39:34PM] warning: Property ME_Ref_Ghost on script Me_Script_Fireplace attached to  (7618D3E6) cannot be initialized because the script no longer contains that property
[07/31/2026 - 08:39:34PM] warning: Property GetDirtyOverTimeReactivatorCloakSpell on script mzinbatheplayeralias attached to alias PlayerAlias on quest mzinBatheMCMQuest (AE001311) cannot be initialized because the script no longer contains that property
[07/31/2026 - 08:39:34PM] warning: Property USSEPElevatorPowerRequiredMessage on script blackreachExitElevatorScript attached to  (000EF7B8) cannot be initialized because the script no longer contains that property
[07/31/2026 - 08:39:34PM] warning: Property USSEPElevatorPowerRequiredMessage on script blackreachExitElevatorScript attached to  (000EF7BA) cannot be initialized because the script no longer contains that property
[07/31/2026 - 08:39:34PM] warning: Property knockBackExplosion on script dragonactorscript attached to  (020038F0) cannot be initialized because the script no longer contains that property
[07/31/2026 - 08:39:34PM] warning: Property forestDragonSkin on script dragonactorscript attached to  (020038F0) cannot be initialized because the script no longer contains that property
[07/31/2026 - 08:39:34PM] warning: Property SnowDragonSkin on script dragonactorscript attached to  (020038F0) cannot be initialized because the script no longer contains that property
[07/31/2026 - 08:39:34PM] warning: Property TundraDragonSkin on script dragonactorscript attached to  (020038F0) cannot be initialized because the script no longer contains that property
[07/31/2026 - 08:39:34PM] warning: Property VampireKeyword on script OPubesNGScript attached to OPubesNGQuest (FE168802) cannot be initialized because the script no longer contains that property
[07/31/2026 - 08:39:34PM] warning: Property pDoomRitualRemovedMSG on script CheatRoomDoomShrineScript attached to  (4B1C07FF) cannot be initialized because the script no longer contains that property
[07/31/2026 - 08:39:34PM] warning: Property pDoomSerpentRemovedMSG on script CheatRoomDoomShrineScript attached to  (4B1C07FF) cannot be initialized because the script no longer contains that property
[07/31/2026 - 08:39:34PM] warning: Property pDoomApprenticeRemovedMSG on script CheatRoomDoomShrineScript attached to  (4B1C07FF) cannot be initialized because the script no longer contains that property
[07/31/2026 - 08:39:34PM] warning: Property pDoomAtronachRemovedMSG on script CheatRoomDoomShrineScript attached to  (4B1C07FF) cannot be initialized because the script no longer contains that property
[07/31/2026 - 08:39:34PM] warning: Property pDoomWarriorRemovedMSG on script CheatRoomDoomShrineScript attached to  (4B1C07FF) cannot be initialized because the script no longer contains that property
[07/31/2026 - 08:39:34PM] warning: Property pDoomLordRemovedMSG on script CheatRoomDoomShrineScript attached to  (4B1C07FF) cannot be initialized because the script no longer contains that property
[07/31/2026 - 08:39:34PM] warning: Property pDoomThiefRemovedMSG on script CheatRoomDoomShrineScript attached to  (4B1C07FF) cannot be initialized because the script no longer contains that property
[07/31/2026 - 08:39:34PM] warning: Property pDoomLadyRemovedMSG on script CheatRoomDoomShrineScript attached to  (4B1C07FF) cannot be initialized because the script no longer contains that property
[07/31/2026 - 08:39:34PM] warning: Property pDoomTowerRemovedMSG on script CheatRoomDoomShrineScript attached to  (4B1C07FF) cannot be initialized because the script no longer contains that property
[07/31/2026 - 08:39:34PM] warning: Property pDoomShadowRemovedMSG on script CheatRoomDoomShrineScript attached to  (4B1C07FF) cannot be initialized because the script no longer contains that property
[07/31/2026 - 08:39:34PM] warning: Property pDoomLoverRemovedMSG on script CheatRoomDoomShrineScript attached to  (4B1C07FF) cannot be initialized because the script no longer contains that property
[07/31/2026 - 08:39:34PM] warning: Property pDoomMageRemovedMSG on script CheatRoomDoomShrineScript attached to  (4B1C07FF) cannot be initialized because the script no longer contains that property
[07/31/2026 - 08:39:34PM] warning: Property pDoomSteedRemovedMSG on script CheatRoomDoomShrineScript attached to  (4B1C07FF) cannot be initialized because the script no longer contains that property
[07/31/2026 - 08:39:34PM] warning: Property BathingIgnoredArmorSlotsMaskFollowers on script mzinbathemcmmenu attached to mzinBatheMCMQuest (AE001311) cannot be initialized because the script no longer contains that property
[07/31/2026 - 08:39:34PM] warning: Property SoapBonusSpellList on script mzinbathemcmmenu attached to mzinBatheMCMQuest (AE001311) cannot be initialized because the script no longer contains that property
[07/31/2026 - 08:39:34PM] warning: Property DirtyActors on script mzinbathemcmmenu attached to mzinBatheMCMQuest (AE001311) cannot be initialized because the script no longer contains that property
[07/31/2026 - 08:39:34PM] warning: Property LeveledItemListGeneral on script mzinbathemcmmenu attached to mzinBatheMCMQuest (AE001311) cannot be initialized because the script no longer contains that property
[07/31/2026 - 08:39:34PM] warning: Property CheckStatusQuest on script mzinbathemcmmenu attached to mzinBatheMCMQuest (AE001311) cannot be initialized because the script no longer contains that property
[07/31/2026 - 08:39:34PM] warning: Property BathingIgnoredArmorSlotsMask on script mzinbathemcmmenu attached to mzinBatheMCMQuest (AE001311) cannot be initialized because the script no longer contains that property
[07/31/2026 - 08:39:34PM] warning: Property ShowerKeyCode on script mzinbathemcmmenu attached to mzinBatheMCMQuest (AE001311) cannot be initialized because the script no longer contains that property
[07/31/2026 - 08:39:34PM] warning: Property LegacySpellList on script mzinbathemcmmenu attached to mzinBatheMCMQuest (AE001311) cannot be initialized because the script no longer contains that property
[07/31/2026 - 08:39:34PM] warning: Property Player on script mzinbathemcmmenu attached to mzinBatheMCMQuest (AE001311) cannot be initialized because the script no longer contains that property
[07/31/2026 - 08:39:34PM] warning: Property SoapFormList on script mzinbathemcmmenu attached to mzinBatheMCMQuest (AE001311) cannot be initialized because the script no longer contains that property
[07/31/2026 - 08:39:34PM] warning: Property BathingAnimationEnabled on script mzinbathemcmmenu attached to mzinBatheMCMQuest (AE001311) cannot be initialized because the script no longer contains that property
[07/31/2026 - 08:39:34PM] warning: Property LeveledItemListInnkeeper on script mzinbathemcmmenu attached to mzinBatheMCMQuest (AE001311) cannot be initialized because the script no longer contains that property
[07/31/2026 - 08:39:34PM] warning: Property GetDirtyOverTimeReactivatorCloakSpell on script mzinbathemcmmenu attached to mzinBatheMCMQuest (AE001311) cannot be initialized because the script no longer contains that property
[07/31/2026 - 08:39:34PM] warning: Property knockBackExplosion on script dragonactorscript attached to  (FE0BC10A) cannot be initialized because the script no longer contains that property
[07/31/2026 - 08:39:34PM] warning: Property SnowDragonSkin on script dragonactorscript attached to  (FE0BC10A) cannot be initialized because the script no longer contains that property
[07/31/2026 - 08:39:34PM] warning: Property forestDragonSkin on script dragonactorscript attached to  (FE0BC10A) cannot be initialized because the script no longer contains that property
[07/31/2026 - 08:39:34PM] warning: Property TundraDragonSkin on script dragonactorscript attached to  (FE0BC10A) cannot be initialized because the script no longer contains that property
[07/31/2026 - 08:39:34PM] warning: Property PlayerRef on script Placeable_MISC_Placement_Script attached to Item 174 in container  (16002789) cannot be initialized because the script no longer contains that property
[07/31/2026 - 08:39:34PM] warning: Property knockBackExplosion on script dragonactorscript attached to  (00083588) cannot be initialized because the script no longer contains that property
[07/31/2026 - 08:39:34PM] warning: Property SnowDragonSkin on script dragonactorscript attached to  (00083588) cannot be initialized because the script no longer contains that property
[07/31/2026 - 08:39:34PM] warning: Property forestDragonSkin on script dragonactorscript attached to  (00083588) cannot be initialized because the script no longer contains that property
[07/31/2026 - 08:39:34PM] warning: Property TundraDragonSkin on script dragonactorscript attached to  (00083588) cannot be initialized because the script no longer contains that property
[07/31/2026 - 08:39:34PM] warning: Property knockBackExplosion on script dragonactorscript attached to  (0003530D) cannot be initialized because the script no longer contains that property
[07/31/2026 - 08:39:34PM] warning: Property SnowDragonSkin on script dragonactorscript attached to  (0003530D) cannot be initialized because the script no longer contains that property
[07/31/2026 - 08:39:34PM] warning: Property forestDragonSkin on script dragonactorscript attached to  (0003530D) cannot be initialized because the script no longer contains that property
[07/31/2026 - 08:39:34PM] warning: Property TundraDragonSkin on script dragonactorscript attached to  (0003530D) cannot be initialized because the script no longer contains that property
[07/31/2026 - 08:39:34PM] warning: Property USSEPElevatorPowerRequiredMessage on script blackreachExitElevatorScript attached to  (000EF7AA) cannot be initialized because the script no longer contains that property
[07/31/2026 - 08:39:34PM] warning: Property knockBackExplosion on script dragonactorscript attached to  (0007EAC5) cannot be initialized because the script no longer contains that property
[07/31/2026 - 08:39:34PM] warning: Property SnowDragonSkin on script dragonactorscript attached to  (0007EAC5) cannot be initialized because the script no longer contains that property
[07/31/2026 - 08:39:34PM] warning: Property forestDragonSkin on script dragonactorscript attached to  (0007EAC5) cannot be initialized because the script no longer contains that property
[07/31/2026 - 08:39:34PM] warning: Property TundraDragonSkin on script dragonactorscript attached to  (0007EAC5) cannot be initialized because the script no longer contains that property
[07/31/2026 - 08:39:34PM] warning: Property knockBackExplosion on script dragonactorscript attached to  (FE19D81D) cannot be initialized because the script no longer contains that property
[07/31/2026 - 08:39:34PM] warning: Property SnowDragonSkin on script dragonactorscript attached to  (FE19D81D) cannot be initialized because the script no longer contains that property
[07/31/2026 - 08:39:34PM] warning: Property forestDragonSkin on script dragonactorscript attached to  (FE19D81D) cannot be initialized because the script no longer contains that property
[07/31/2026 - 08:39:34PM] warning: Property TundraDragonSkin on script dragonactorscript attached to  (FE19D81D) cannot be initialized because the script no longer contains that property
[07/31/2026 - 08:39:34PM] warning: Property knockBackExplosion on script dragonactorscript attached to  (FE050D8A) cannot be initialized because the script no longer contains that property
[07/31/2026 - 08:39:34PM] warning: Property SnowDragonSkin on script dragonactorscript attached to  (FE050D8A) cannot be initialized because the script no longer contains that property
[07/31/2026 - 08:39:34PM] warning: Property forestDragonSkin on script dragonactorscript attached to  (FE050D8A) cannot be initialized because the script no longer contains that property
[07/31/2026 - 08:39:34PM] warning: Property TundraDragonSkin on script dragonactorscript attached to  (FE050D8A) cannot be initialized because the script no longer contains that property
[07/31/2026 - 08:39:34PM] warning: Property PlayerRef on script BennyShelterSortingChestScript attached to  (7B24C850) cannot be initialized because the script no longer contains that property
[07/31/2026 - 08:39:34PM] warning: Property aaBennySortingConfirm on script BennyShelterSortingChestScript attached to  (7B24C850) cannot be initialized because the script no longer contains that property
[07/31/2026 - 08:39:34PM] warning: Property knockBackExplosion on script dragonactorscript attached to  (00032DB7) cannot be initialized because the script no longer contains that property
[07/31/2026 - 08:39:34PM] warning: Property SnowDragonSkin on script dragonactorscript attached to  (00032DB7) cannot be initialized because the script no longer contains that property
[07/31/2026 - 08:39:34PM] warning: Property forestDragonSkin on script dragonactorscript attached to  (00032DB7) cannot be initialized because the script no longer contains that property
[07/31/2026 - 08:39:34PM] warning: Property TundraDragonSkin on script dragonactorscript attached to  (00032DB7) cannot be initialized because the script no longer contains that property
[07/31/2026 - 08:39:34PM] warning: Property knockBackExplosion on script dragonactorscript attached to  (0009E07D) cannot be initialized because the script no longer contains that property
[07/31/2026 - 08:39:34PM] warning: Property SnowDragonSkin on script dragonactorscript attached to  (0009E07D) cannot be initialized because the script no longer contains that property
[07/31/2026 - 08:39:34PM] warning: Property forestDragonSkin on script dragonactorscript attached to  (0009E07D) cannot be initialized because the script no longer contains that property
[07/31/2026 - 08:39:34PM] warning: Property TundraDragonSkin on script dragonactorscript attached to  (0009E07D) cannot be initialized because the script no longer contains that property
[07/31/2026 - 08:39:34PM] warning: Property FishingMod01 on script ME_Script_TravelBoat attached to  (763BB01D) cannot be initialized because the script no longer contains that property
[07/31/2026 - 08:39:34PM] warning: Property FishingMod03 on script ME_Script_TravelBoat attached to  (763BB01D) cannot be initialized because the script no longer contains that property
[07/31/2026 - 08:39:34PM] warning: Property FishingMod02 on script ME_Script_TravelBoat attached to  (763BB01D) cannot be initialized because the script no longer contains that property
[07/31/2026 - 08:39:34PM] warning: Property FishingMod01 on script ME_Script_TravelBoat attached to  (763BB01C) cannot be initialized because the script no longer contains that property
[07/31/2026 - 08:39:34PM] warning: Property FishingMod03 on script ME_Script_TravelBoat attached to  (763BB01C) cannot be initialized because the script no longer contains that property
[07/31/2026 - 08:39:34PM] warning: Property FishingMod02 on script ME_Script_TravelBoat attached to  (763BB01C) cannot be initialized because the script no longer contains that property
[07/31/2026 - 08:39:34PM] warning: Property knockBackExplosion on script dragonactorscript attached to  (00045921) cannot be initialized because the script no longer contains that property
[07/31/2026 - 08:39:34PM] warning: Property SnowDragonSkin on script dragonactorscript attached to  (00045921) cannot be initialized because the script no longer contains that property
[07/31/2026 - 08:39:34PM] warning: Property forestDragonSkin on script dragonactorscript attached to  (00045921) cannot be initialized because the script no longer contains that property
[07/31/2026 - 08:39:34PM] warning: Property TundraDragonSkin on script dragonactorscript attached to  (00045921) cannot be initialized because the script no longer contains that property
[07/31/2026 - 08:39:34PM] warning: Property knockBackExplosion on script dragonactorscript attached to  (00032D9F) cannot be initialized because the script no longer contains that property
[07/31/2026 - 08:39:34PM] warning: Property SnowDragonSkin on script dragonactorscript attached to  (00032D9F) cannot be initialized because the script no longer contains that property
[07/31/2026 - 08:39:34PM] warning: Property forestDragonSkin on script dragonactorscript attached to  (00032D9F) cannot be initialized because the script no longer contains that property
[07/31/2026 - 08:39:34PM] warning: Property TundraDragonSkin on script dragonactorscript attached to  (00032D9F) cannot be initialized because the script no longer contains that property
[07/31/2026 - 08:39:34PM] warning: Property FollowerRelaxing on script rdo_geleborfollowerscript attached to aa_RDODLC1Gelebor (9669CFA7) cannot be initialized because the script no longer contains that property
[07/31/2026 - 08:39:34PM] warning: Property FollowerWaitingMessage on script rdo_geleborfollowerscript attached to aa_RDODLC1Gelebor (9669CFA7) cannot be initialized because the script no longer contains that property
[07/31/2026 - 08:39:34PM] Error: Property Lightblub on script MirrorSculptSCRIPT attached to  (79025820) cannot be bound because <nullptr form> (790578F1) is not the right type
[07/31/2026 - 08:39:34PM] warning: Property pDoomMageRemovedMSG on script CheatRoomActiveButtonDoomStone attached to  (4B1C080D) cannot be initialized because the script no longer contains that property
[07/31/2026 - 08:39:34PM] warning: Property pDoomLadyRemovedMSG on script CheatRoomActiveButtonDoomStone attached to  (4B1C080D) cannot be initialized because the script no longer contains that property
[07/31/2026 - 08:39:34PM] warning: Property pDoomTowerRemovedMSG on script CheatRoomActiveButtonDoomStone attached to  (4B1C080D) cannot be initialized because the script no longer contains that property
[07/31/2026 - 08:39:34PM] warning: Property pDoomSerpentRemovedMSG on script CheatRoomActiveButtonDoomStone attached to  (4B1C080D) cannot be initialized because the script no longer contains that property
[07/31/2026 - 08:39:34PM] warning: Property pDoomApprenticeRemovedMSG on script CheatRoomActiveButtonDoomStone attached to  (4B1C080D) cannot be initialized because the script no longer contains that property
[07/31/2026 - 08:39:34PM] warning: Property pDoomAtronachRemovedMSG on script CheatRoomActiveButtonDoomStone attached to  (4B1C080D) cannot be initialized because the script no longer contains that property
[07/31/2026 - 08:39:34PM] warning: Property pDoomRitualRemovedMSG on script CheatRoomActiveButtonDoomStone attached to  (4B1C080D) cannot be initialized because the script no longer contains that property
[07/31/2026 - 08:39:34PM] warning: Property pDoomWarriorRemovedMSG on script CheatRoomActiveButtonDoomStone attached to  (4B1C080D) cannot be initialized because the script no longer contains that property
[07/31/2026 - 08:39:34PM] warning: Property pDoomLordRemovedMSG on script CheatRoomActiveButtonDoomStone attached to  (4B1C080D) cannot be initialized because the script no longer contains that property
[07/31/2026 - 08:39:34PM] warning: Property pDoomThiefRemovedMSG on script CheatRoomActiveButtonDoomStone attached to  (4B1C080D) cannot be initialized because the script no longer contains that property
[07/31/2026 - 08:39:34PM] warning: Property pDoomLoverRemovedMSG on script CheatRoomActiveButtonDoomStone attached to  (4B1C080D) cannot be initialized because the script no longer contains that property
[07/31/2026 - 08:39:34PM] warning: Property pDoomShadowRemovedMSG on script CheatRoomActiveButtonDoomStone attached to  (4B1C080D) cannot be initialized because the script no longer contains that property
[07/31/2026 - 08:39:34PM] warning: Property pDoomSteedRemovedMSG on script CheatRoomActiveButtonDoomStone attached to  (4B1C080D) cannot be initialized because the script no longer contains that property
[07/31/2026 - 08:39:34PM] Error: Property aaaSolstheim1 on script aaaShipTravelOriginSCRIPT attached to  (791814B5) cannot be bound because <nullptr form> (790CA1C6) is not the right type
[07/31/2026 - 08:39:34PM] warning: Property GuardFollowerAlias8 on script QF_CWSiegeObj_00096E71 attached to CWSiegeObj (00096E71) cannot be initialized because the script no longer contains that property
[07/31/2026 - 08:39:34PM] warning: Property GuardFollowerActive9 on script QF_CWSiegeObj_00096E71 attached to CWSiegeObj (00096E71) cannot be initialized because the script no longer contains that property
[07/31/2026 - 08:39:34PM] warning: Property GuardFollowerAlias11 on script QF_CWSiegeObj_00096E71 attached to CWSiegeObj (00096E71) cannot be initialized because the script no longer contains that property
[07/31/2026 - 08:39:34PM] warning: Property ClearAllGuardFollowersQuest on script QF_CWSiegeObj_00096E71 attached to CWSiegeObj (00096E71) cannot be initialized because the script no longer contains that property
[07/31/2026 - 08:39:34PM] warning: Property GuardFollowerAlias6 on script QF_CWSiegeObj_00096E71 attached to CWSiegeObj (00096E71) cannot be initialized because the script no longer contains that property
[07/31/2026 - 08:39:34PM] warning: Property GuardFollowerAlias3 on script QF_CWSiegeObj_00096E71 attached to CWSiegeObj (00096E71) cannot be initialized because the script no longer contains that property
[07/31/2026 - 08:39:34PM] warning: Property GuardFollowerActive2 on script QF_CWSiegeObj_00096E71 attached to CWSiegeObj (00096E71) cannot be initialized because the script no longer contains that property
[07/31/2026 - 08:39:34PM] warning: Property ThaneCuirass2 on script QF_CWSiegeObj_00096E71 attached to CWSiegeObj (00096E71) cannot be initialized because the script no longer contains that property
[07/31/2026 - 08:39:34PM] warning: Property GuardFollowerAlias12 on script QF_CWSiegeObj_00096E71 attached to CWSiegeObj (00096E71) cannot be initialized because the script no longer contains that property
[07/31/2026 - 08:39:34PM] warning: Property WhiterunThaneIdentity on script QF_CWSiegeObj_00096E71 attached to CWSiegeObj (00096E71) cannot be initialized because the script no longer contains that property
[07/31/2026 - 08:39:34PM] warning: Property GuardFollowerAlias2 on script QF_CWSiegeObj_00096E71 attached to CWSiegeObj (00096E71) cannot be initialized because the script no longer contains that property
[07/31/2026 - 08:39:34PM] warning: Property pGuardFollowerFaction on script QF_CWSiegeObj_00096E71 attached to CWSiegeObj (00096E71) cannot be initialized because the script no longer contains that property
[07/31/2026 - 08:39:34PM] warning: Property ThaneHelmet2 on script QF_CWSiegeObj_00096E71 attached to CWSiegeObj (00096E71) cannot be initialized because the script no longer contains that property
[07/31/2026 - 08:39:34PM] warning: Property GuardFollowerAlias on script QF_CWSiegeObj_00096E71 attached to CWSiegeObj (00096E71) cannot be initialized because the script no longer contains that property
[07/31/2026 - 08:39:34PM] warning: Property ThaneBoots3 on script QF_CWSiegeObj_00096E71 attached to CWSiegeObj (00096E71) cannot be initialized because the script no longer contains that property
[07/31/2026 - 08:39:34PM] warning: Property ModActive on script QF_CWSiegeObj_00096E71 attached to CWSiegeObj (00096E71) cannot be initialized because the script no longer contains that property
[07/31/2026 - 08:39:34PM] warning: Property GuardFollowerActive10 on script QF_CWSiegeObj_00096E71 attached to CWSiegeObj (00096E71) cannot be initialized because the script no longer contains that property
[07/31/2026 - 08:39:34PM] warning: Property ThaneCuirass on script QF_CWSiegeObj_00096E71 attached to CWSiegeObj (00096E71) cannot be initialized because the script no longer contains that property
[07/31/2026 - 08:39:34PM] warning: Property ThaneshipStripped on script QF_CWSiegeObj_00096E71 attached to CWSiegeObj (00096E71) cannot be initialized because the script no longer contains that property
[07/31/2026 - 08:39:34PM] warning: Property ArrestWhiterunActive on script QF_CWSiegeObj_00096E71 attached to CWSiegeObj (00096E71) cannot be initialized because the script no longer contains that property
[07/31/2026 - 08:39:34PM] warning: Property GuardFollowerActive5 on script QF_CWSiegeObj_00096E71 attached to CWSiegeObj (00096E71) cannot be initialized because the script no longer contains that property
[07/31/2026 - 08:39:34PM] warning: Property HasWhiterunPower on script QF_CWSiegeObj_00096E71 attached to CWSiegeObj (00096E71) cannot be initialized because the script no longer contains that property
[07/31/2026 - 08:39:34PM] warning: Property ThaneGauntlets2 on script QF_CWSiegeObj_00096E71 attached to CWSiegeObj (00096E71) cannot be initialized because the script no longer contains that property
[07/31/2026 - 08:39:34PM] warning: Property ThaneGauntlets on script QF_CWSiegeObj_00096E71 attached to CWSiegeObj (00096E71) cannot be initialized because the script no longer contains that property
[07/31/2026 - 08:39:34PM] warning: Property WhiterunThanePowerSpell on script QF_CWSiegeObj_00096E71 attached to CWSiegeObj (00096E71) cannot be initialized because the script no longer contains that property
[07/31/2026 - 08:39:34PM] warning: Property GuardFollowerAlias7 on script QF_CWSiegeObj_00096E71 attached to CWSiegeObj (00096E71) cannot be initialized because the script no longer contains that property
[07/31/2026 - 08:39:34PM] warning: Property ThaneBoots on script QF_CWSiegeObj_00096E71 attached to CWSiegeObj (00096E71) cannot be initialized because the script no longer contains that property
[07/31/2026 - 08:39:34PM] warning: Property WhiterunBank on script QF_CWSiegeObj_00096E71 attached to CWSiegeObj (00096E71) cannot be initialized because the script no longer contains that property
[07/31/2026 - 08:39:34PM] warning: Property ThaneCuirass3 on script QF_CWSiegeObj_00096E71 attached to CWSiegeObj (00096E71) cannot be initialized because the script no longer contains that property
[07/31/2026 - 08:39:34PM] warning: Property GuardFollowerAlias9 on script QF_CWSiegeObj_00096E71 attached to CWSiegeObj (00096E71) cannot be initialized because the script no longer contains that property
[07/31/2026 - 08:39:34PM] warning: Property GuardFollowerActive12 on script QF_CWSiegeObj_00096E71 attached to CWSiegeObj (00096E71) cannot be initialized because the script no longer contains that property
[07/31/2026 - 08:39:34PM] warning: Property DialogueFollower on script QF_CWSiegeObj_00096E71 attached to CWSiegeObj (00096E71) cannot be initialized because the script no longer contains that property
[07/31/2026 - 08:39:34PM] warning: Property ThaneGauntlets3 on script QF_CWSiegeObj_00096E71 attached to CWSiegeObj (00096E71) cannot be initialized because the script no longer contains that property
[07/31/2026 - 08:39:34PM] warning: Property GuardFollowerActive11 on script QF_CWSiegeObj_00096E71 attached to CWSiegeObj (00096E71) cannot be initialized because the script no longer contains that property
[07/31/2026 - 08:39:34PM] warning: Property GuardFollowerActive8 on script QF_CWSiegeObj_00096E71 attached to CWSiegeObj (00096E71) cannot be initialized because the script no longer contains that property
[07/31/2026 - 08:39:34PM] warning: Property GuardFollowerActive4 on script QF_CWSiegeObj_00096E71 attached to CWSiegeObj (00096E71) cannot be initialized because the script no longer contains that property
[07/31/2026 - 08:39:34PM] warning: Property gold on script QF_CWSiegeObj_00096E71 attached to CWSiegeObj (00096E71) cannot be initialized because the script no longer contains that property
[07/31/2026 - 08:39:34PM] warning: Property GuardFollowerAlias10 on script QF_CWSiegeObj_00096E71 attached to CWSiegeObj (00096E71) cannot be initialized because the script no longer contains that property
[07/31/2026 - 08:39:34PM] warning: Property ThaneHelmet3 on script QF_CWSiegeObj_00096E71 attached to CWSiegeObj (00096E71) cannot be initialized because the script no longer contains that property
[07/31/2026 - 08:39:34PM] warning: Property WhiterunThaneDiscountPerkProperty on script QF_CWSiegeObj_00096E71 attached to CWSiegeObj (00096E71) cannot be initialized because the script no longer contains that property
[07/31/2026 - 08:39:34PM] warning: Property StripThaneshipQuest on script QF_CWSiegeObj_00096E71 attached to CWSiegeObj (00096E71) cannot be initialized because the script no longer contains that property
[07/31/2026 - 08:39:34PM] warning: Property GuardFollowerActive6 on script QF_CWSiegeObj_00096E71 attached to CWSiegeObj (00096E71) cannot be initialized because the script no longer contains that property
[07/31/2026 - 08:39:34PM] warning: Property GuardFollowMax on script QF_CWSiegeObj_00096E71 attached to CWSiegeObj (00096E71) cannot be initialized because the script no longer contains that property
[07/31/2026 - 08:39:34PM] warning: Property WhiterunJarlRelationship on script QF_CWSiegeObj_00096E71 attached to CWSiegeObj (00096E71) cannot be initialized because the script no longer contains that property
[07/31/2026 - 08:39:34PM] warning: Property AliasClearingNPC on script QF_CWSiegeObj_00096E71 attached to CWSiegeObj (00096E71) cannot be initialized because the script no longer contains that property
[07/31/2026 - 08:39:34PM] warning: Property GuardFollowerActive7 on script QF_CWSiegeObj_00096E71 attached to CWSiegeObj (00096E71) cannot be initialized because the script no longer contains that property
[07/31/2026 - 08:39:34PM] warning: Property ThaneHelmet on script QF_CWSiegeObj_00096E71 attached to CWSiegeObj (00096E71) cannot be initialized because the script no longer contains that property
[07/31/2026 - 08:39:34PM] warning: Property GuardFollowerAlias5 on script QF_CWSiegeObj_00096E71 attached to CWSiegeObj (00096E71) cannot be initialized because the script no longer contains that property
[07/31/2026 - 08:39:34PM] warning: Property GuardFollowerActive3 on script QF_CWSiegeObj_00096E71 attached to CWSiegeObj (00096E71) cannot be initialized because the script no longer contains that property
[07/31/2026 - 08:39:34PM] warning: Property GuardFollow on script QF_CWSiegeObj_00096E71 attached to CWSiegeObj (00096E71) cannot be initialized because the script no longer contains that property
[07/31/2026 - 08:39:34PM] warning: Property ThaneBoots2 on script QF_CWSiegeObj_00096E71 attached to CWSiegeObj (00096E71) cannot be initialized because the script no longer contains that property
[07/31/2026 - 08:39:34PM] warning: Property GuardFollowAlias on script QF_CWSiegeObj_00096E71 attached to CWSiegeObj (00096E71) cannot be initialized because the script no longer contains that property
[07/31/2026 - 08:39:34PM] warning: Property ThaneshipStrippedPermanently on script QF_CWSiegeObj_00096E71 attached to CWSiegeObj (00096E71) cannot be initialized because the script no longer contains that property
[07/31/2026 - 08:39:34PM] warning: Property CurrentlyThaneofWhiterun on script QF_CWSiegeObj_00096E71 attached to CWSiegeObj (00096E71) cannot be initialized because the script no longer contains that property
[07/31/2026 - 08:39:34PM] warning: Property SignetRing on script QF_CWSiegeObj_00096E71 attached to CWSiegeObj (00096E71) cannot be initialized because the script no longer contains that property
[07/31/2026 - 08:39:34PM] warning: Property GuardFollowerAlias4 on script QF_CWSiegeObj_00096E71 attached to CWSiegeObj (00096E71) cannot be initialized because the script no longer contains that property
[07/31/2026 - 08:39:34PM] warning: Property HasWhiterunPerk on script QF_CWSiegeObj_00096E71 attached to CWSiegeObj (00096E71) cannot be initialized because the script no longer contains that property
[07/31/2026 - 08:39:34PM] warning: Property GuardFollowerActive1 on script QF_CWSiegeObj_00096E71 attached to CWSiegeObj (00096E71) cannot be initialized because the script no longer contains that property
[07/31/2026 - 08:39:34PM] warning: Property pDoomRitualRemovedMSG on script CheatRoomDoomShrineScript attached to  (4B1C0800) cannot be initialized because the script no longer contains that property
[07/31/2026 - 08:39:34PM] warning: Property pDoomSerpentRemovedMSG on script CheatRoomDoomShrineScript attached to  (4B1C0800) cannot be initialized because the script no longer contains that property
[07/31/2026 - 08:39:34PM] warning: Property pDoomApprenticeRemovedMSG on script CheatRoomDoomShrineScript attached to  (4B1C0800) cannot be initialized because the script no longer contains that property
[07/31/2026 - 08:39:34PM] warning: Property pDoomAtronachRemovedMSG on script CheatRoomDoomShrineScript attached to  (4B1C0800) cannot be initialized because the script no longer contains that property
[07/31/2026 - 08:39:34PM] warning: Property pDoomWarriorRemovedMSG on script CheatRoomDoomShrineScript attached to  (4B1C0800) cannot be initialized because the script no longer contains that property
[07/31/2026 - 08:39:34PM] warning: Property pDoomLordRemovedMSG on script CheatRoomDoomShrineScript attached to  (4B1C0800) cannot be initialized because the script no longer contains that property
[07/31/2026 - 08:39:34PM] warning: Property pDoomThiefRemovedMSG on script CheatRoomDoomShrineScript attached to  (4B1C0800) cannot be initialized because the script no longer contains that property
[07/31/2026 - 08:39:34PM] warning: Property pDoomLadyRemovedMSG on script CheatRoomDoomShrineScript attached to  (4B1C0800) cannot be initialized because the script no longer contains that property
[07/31/2026 - 08:39:34PM] warning: Property pDoomTowerRemovedMSG on script CheatRoomDoomShrineScript attached to  (4B1C0800) cannot be initialized because the script no longer contains that property
[07/31/2026 - 08:39:34PM] warning: Property pDoomShadowRemovedMSG on script CheatRoomDoomShrineScript attached to  (4B1C0800) cannot be initialized because the script no longer contains that property
[07/31/2026 - 08:39:34PM] warning: Property pDoomLoverRemovedMSG on script CheatRoomDoomShrineScript attached to  (4B1C0800) cannot be initialized because the script no longer contains that property
[07/31/2026 - 08:39:34PM] warning: Property pDoomMageRemovedMSG on script CheatRoomDoomShrineScript attached to  (4B1C0800) cannot be initialized because the script no longer contains that property
[07/31/2026 - 08:39:34PM] warning: Property pDoomSteedRemovedMSG on script CheatRoomDoomShrineScript attached to  (4B1C0800) cannot be initialized because the script no longer contains that property
[07/31/2026 - 08:39:34PM] warning: Property RetrievalOn on script TrThMarkarthStorageNPCScript attached to  (B303CB11) cannot be initialized because the script no longer contains that property
[07/31/2026 - 08:39:34PM] warning: Property ME_G_GhostDeath on script Me_Script_Fireplace attached to  (7642A720) cannot be initialized because the script no longer contains that property
[07/31/2026 - 08:39:34PM] warning: Property ME_Ref_FireplaceMarkers on script Me_Script_Fireplace attached to  (7642A720) cannot be initialized because the script no longer contains that property
[07/31/2026 - 08:39:34PM] warning: Property ME_Ref_Ghost on script Me_Script_Fireplace attached to  (7642A720) cannot be initialized because the script no longer contains that property
[07/31/2026 - 08:39:34PM] warning: Property ME_X_RitualSpot on script Me_Script_Fireplace attached to  (7642A720) cannot be initialized because the script no longer contains that property
[07/31/2026 - 08:39:34PM] warning: Property ME_FL_SpawnMarker on script Me_Script_Fireplace attached to  (7642A720) cannot be initialized because the script no longer contains that property
[07/31/2026 - 08:39:34PM] warning: Property ME_G_GhostDeath on script Me_Script_Fireplace attached to  (7642A71E) cannot be initialized because the script no longer contains that property
[07/31/2026 - 08:39:34PM] warning: Property ME_Ref_FireplaceMarkers on script Me_Script_Fireplace attached to  (7642A71E) cannot be initialized because the script no longer contains that property
[07/31/2026 - 08:39:34PM] warning: Property ME_Ref_Ghost on script Me_Script_Fireplace attached to  (7642A71E) cannot be initialized because the script no longer contains that property
[07/31/2026 - 08:39:34PM] warning: Property ME_X_RitualSpot on script Me_Script_Fireplace attached to  (7642A71E) cannot be initialized because the script no longer contains that property
[07/31/2026 - 08:39:34PM] warning: Property ME_FL_SpawnMarker on script Me_Script_Fireplace attached to  (7642A71E) cannot be initialized because the script no longer contains that property
[07/31/2026 - 08:39:34PM] warning: Property Me_Ref_BrokenToilet on script ME_Script_Toilet attached to  (76085490) cannot be initialized because the script no longer contains that property
[07/31/2026 - 08:39:34PM] warning: Property ME_G_GhostDeath on script Me_Script_Fireplace attached to  (76499EC7) cannot be initialized because the script no longer contains that property
[07/31/2026 - 08:39:34PM] warning: Property ME_Ref_FireplaceMarkers on script Me_Script_Fireplace attached to  (76499EC7) cannot be initialized because the script no longer contains that property
[07/31/2026 - 08:39:34PM] warning: Property ME_FL_SpawnMarker on script Me_Script_Fireplace attached to  (76499EC7) cannot be initialized because the script no longer contains that property
[07/31/2026 - 08:39:34PM] warning: Property ME_X_RitualSpot on script Me_Script_Fireplace attached to  (76499EC7) cannot be initialized because the script no longer contains that property
[07/31/2026 - 08:39:34PM] warning: Property ME_Ref_Ghost on script Me_Script_Fireplace attached to  (76499EC7) cannot be initialized because the script no longer contains that property
[07/31/2026 - 08:39:34PM] warning: Property ME_G_GhostDeath on script Me_Script_Fireplace attached to  (7609EA7F) cannot be initialized because the script no longer contains that property
[07/31/2026 - 08:39:34PM] warning: Property ME_Ref_Ghost on script Me_Script_Fireplace attached to  (7609EA7F) cannot be initialized because the script no longer contains that property
[07/31/2026 - 08:39:34PM] warning: Property ME_Ref_FireplaceMarkers on script Me_Script_Fireplace attached to  (7609EA7F) cannot be initialized because the script no longer contains that property
[07/31/2026 - 08:39:34PM] warning: Property ME_X_RitualSpot on script Me_Script_Fireplace attached to  (7609EA7F) cannot be initialized because the script no longer contains that property
[07/31/2026 - 08:39:34PM] warning: Property ME_FL_SpawnMarker on script Me_Script_Fireplace attached to  (7609EA7F) cannot be initialized because the script no longer contains that property
[07/31/2026 - 08:39:34PM] warning: Property BoatLoc on script ME_Script_TravelMaps attached to  (763C012A) cannot be initialized because the script no longer contains that property
[07/31/2026 - 08:39:34PM] warning: Property knockBackExplosion on script dragonactorscript attached to  (5B000D86) cannot be initialized because the script no longer contains that property
[07/31/2026 - 08:39:34PM] warning: Property SnowDragonSkin on script dragonactorscript attached to  (5B000D86) cannot be initialized because the script no longer contains that property
[07/31/2026 - 08:39:34PM] warning: Property forestDragonSkin on script dragonactorscript attached to  (5B000D86) cannot be initialized because the script no longer contains that property
[07/31/2026 - 08:39:34PM] warning: Property TundraDragonSkin on script dragonactorscript attached to  (5B000D86) cannot be initialized because the script no longer contains that property
[07/31/2026 - 08:39:34PM] warning: Property pDoomRitualRemovedMSG on script CheatRoomDoomShrineScript attached to  (4B1C080A) cannot be initialized because the script no longer contains that property
[07/31/2026 - 08:39:34PM] warning: Property pDoomSerpentRemovedMSG on script CheatRoomDoomShrineScript attached to  (4B1C080A) cannot be initialized because the script no longer contains that property
[07/31/2026 - 08:39:34PM] warning: Property pDoomApprenticeRemovedMSG on script CheatRoomDoomShrineScript attached to  (4B1C080A) cannot be initialized because the script no longer contains that property
[07/31/2026 - 08:39:34PM] warning: Property pDoomAtronachRemovedMSG on script CheatRoomDoomShrineScript attached to  (4B1C080A) cannot be initialized because the script no longer contains that property
[07/31/2026 - 08:39:34PM] warning: Property pDoomWarriorRemovedMSG on script CheatRoomDoomShrineScript attached to  (4B1C080A) cannot be initialized because the script no longer contains that property
[07/31/2026 - 08:39:34PM] warning: Property pDoomLordRemovedMSG on script CheatRoomDoomShrineScript attached to  (4B1C080A) cannot be initialized because the script no longer contains that property
[07/31/2026 - 08:39:34PM] warning: Property pDoomThiefRemovedMSG on script CheatRoomDoomShrineScript attached to  (4B1C080A) cannot be initialized because the script no longer contains that property
[07/31/2026 - 08:39:34PM] warning: Property pDoomLadyRemovedMSG on script CheatRoomDoomShrineScript attached to  (4B1C080A) cannot be initialized because the script no longer contains that property
[07/31/2026 - 08:39:34PM] warning: Property pDoomShadowRemovedMSG on script CheatRoomDoomShrineScript attached to  (4B1C080A) cannot be initialized because the script no longer contains that property
[07/31/2026 - 08:39:34PM] warning: Property pDoomLoverRemovedMSG on script CheatRoomDoomShrineScript attached to  (4B1C080A) cannot be initialized because the script no longer contains that property
[07/31/2026 - 08:39:34PM] warning: Property pDoomTowerRemovedMSG on script CheatRoomDoomShrineScript attached to  (4B1C080A) cannot be initialized because the script no longer contains that property
[07/31/2026 - 08:39:34PM] warning: Property pDoomMageRemovedMSG on script CheatRoomDoomShrineScript attached to  (4B1C080A) cannot be initialized because the script no longer contains that property
[07/31/2026 - 08:39:34PM] warning: Property pDoomSteedRemovedMSG on script CheatRoomDoomShrineScript attached to  (4B1C080A) cannot be initialized because the script no longer contains that property
[07/31/2026 - 08:39:34PM] warning: Property knockBackExplosion on script dragonactorscript attached to  (FE19D807) cannot be initialized because the script no longer contains that property
[07/31/2026 - 08:39:34PM] warning: Property SnowDragonSkin on script dragonactorscript attached to  (FE19D807) cannot be initialized because the script no longer contains that property
[07/31/2026 - 08:39:34PM] warning: Property forestDragonSkin on script dragonactorscript attached to  (FE19D807) cannot be initialized because the script no longer contains that property
[07/31/2026 - 08:39:34PM] warning: Property TundraDragonSkin on script dragonactorscript attached to  (FE19D807) cannot be initialized because the script no longer contains that property
[07/31/2026 - 08:39:34PM] warning: Property pDoomRitualRemovedMSG on script CheatRoomDoomShrineScript attached to  (4B1C080B) cannot be initialized because the script no longer contains that property
[07/31/2026 - 08:39:34PM] warning: Property pDoomSerpentRemovedMSG on script CheatRoomDoomShrineScript attached to  (4B1C080B) cannot be initialized because the script no longer contains that property
[07/31/2026 - 08:39:34PM] warning: Property pDoomApprenticeRemovedMSG on script CheatRoomDoomShrineScript attached to  (4B1C080B) cannot be initialized because the script no longer contains that property
[07/31/2026 - 08:39:34PM] warning: Property pDoomAtronachRemovedMSG on script CheatRoomDoomShrineScript attached to  (4B1C080B) cannot be initialized because the script no longer contains that property
[07/31/2026 - 08:39:34PM] warning: Property pDoomWarriorRemovedMSG on script CheatRoomDoomShrineScript attached to  (4B1C080B) cannot be initialized because the script no longer contains that property
[07/31/2026 - 08:39:34PM] warning: Property pDoomLordRemovedMSG on script CheatRoomDoomShrineScript attached to  (4B1C080B) cannot be initialized because the script no longer contains that property
[07/31/2026 - 08:39:34PM] warning: Property pDoomThiefRemovedMSG on script CheatRoomDoomShrineScript attached to  (4B1C080B) cannot be initialized because the script no longer contains that property
[07/31/2026 - 08:39:34PM] warning: Property pDoomMageRemovedMSG on script CheatRoomDoomShrineScript attached to  (4B1C080B) cannot be initialized because the script no longer contains that property
[07/31/2026 - 08:39:34PM] warning: Property pDoomLadyRemovedMSG on script CheatRoomDoomShrineScript attached to  (4B1C080B) cannot be initialized because the script no longer contains that property
[07/31/2026 - 08:39:34PM] warning: Property pDoomTowerRemovedMSG on script CheatRoomDoomShrineScript attached to  (4B1C080B) cannot be initialized because the script no longer contains that property
[07/31/2026 - 08:39:34PM] warning: Property pDoomShadowRemovedMSG on script CheatRoomDoomShrineScript attached to  (4B1C080B) cannot be initialized because the script no longer contains that property
[07/31/2026 - 08:39:34PM] warning: Property pDoomLoverRemovedMSG on script CheatRoomDoomShrineScript attached to  (4B1C080B) cannot be initialized because the script no longer contains that property
[07/31/2026 - 08:39:34PM] warning: Property pDoomSteedRemovedMSG on script CheatRoomDoomShrineScript attached to  (4B1C080B) cannot be initialized because the script no longer contains that property
[07/31/2026 - 08:39:34PM] warning: Property pDoomRitualRemovedMSG on script CheatRoomDoomShrineScript attached to  (4B1C0808) cannot be initialized because the script no longer contains that property
[07/31/2026 - 08:39:34PM] warning: Property pDoomSerpentRemovedMSG on script CheatRoomDoomShrineScript attached to  (4B1C0808) cannot be initialized because the script no longer contains that property
[07/31/2026 - 08:39:34PM] warning: Property pDoomApprenticeRemovedMSG on script CheatRoomDoomShrineScript attached to  (4B1C0808) cannot be initialized because the script no longer contains that property
[07/31/2026 - 08:39:34PM] warning: Property pDoomAtronachRemovedMSG on script CheatRoomDoomShrineScript attached to  (4B1C0808) cannot be initialized because the script no longer contains that property
[07/31/2026 - 08:39:34PM] warning: Property pDoomWarriorRemovedMSG on script CheatRoomDoomShrineScript attached to  (4B1C0808) cannot be initialized because the script no longer contains that property
[07/31/2026 - 08:39:34PM] warning: Property pDoomLordRemovedMSG on script CheatRoomDoomShrineScript attached to  (4B1C0808) cannot be initialized because the script no longer contains that property
[07/31/2026 - 08:39:34PM] warning: Property pDoomThiefRemovedMSG on script CheatRoomDoomShrineScript attached to  (4B1C0808) cannot be initialized because the script no longer contains that property
[07/31/2026 - 08:39:34PM] warning: Property pDoomMageRemovedMSG on script CheatRoomDoomShrineScript attached to  (4B1C0808) cannot be initialized because the script no longer contains that property
[07/31/2026 - 08:39:34PM] warning: Property pDoomLadyRemovedMSG on script CheatRoomDoomShrineScript attached to  (4B1C0808) cannot be initialized because the script no longer contains that property
[07/31/2026 - 08:39:34PM] warning: Property pDoomTowerRemovedMSG on script CheatRoomDoomShrineScript attached to  (4B1C0808) cannot be initialized because the script no longer contains that property
[07/31/2026 - 08:39:34PM] warning: Property pDoomShadowRemovedMSG on script CheatRoomDoomShrineScript attached to  (4B1C0808) cannot be initialized because the script no longer contains that property
[07/31/2026 - 08:39:34PM] warning: Property pDoomLoverRemovedMSG on script CheatRoomDoomShrineScript attached to  (4B1C0808) cannot be initialized because the script no longer contains that property
[07/31/2026 - 08:39:34PM] warning: Property pDoomSteedRemovedMSG on script CheatRoomDoomShrineScript attached to  (4B1C0808) cannot be initialized because the script no longer contains that property
[07/31/2026 - 08:39:34PM] warning: Property pDoomRitualRemovedMSG on script CheatRoomDoomShrineScript attached to  (4B1C0809) cannot be initialized because the script no longer contains that property
[07/31/2026 - 08:39:34PM] warning: Property pDoomSerpentRemovedMSG on script CheatRoomDoomShrineScript attached to  (4B1C0809) cannot be initialized because the script no longer contains that property
[07/31/2026 - 08:39:34PM] warning: Property pDoomApprenticeRemovedMSG on script CheatRoomDoomShrineScript attached to  (4B1C0809) cannot be initialized because the script no longer contains that property
[07/31/2026 - 08:39:34PM] warning: Property pDoomAtronachRemovedMSG on script CheatRoomDoomShrineScript attached to  (4B1C0809) cannot be initialized because the script no longer contains that property
[07/31/2026 - 08:39:34PM] warning: Property pDoomWarriorRemovedMSG on script CheatRoomDoomShrineScript attached to  (4B1C0809) cannot be initialized because the script no longer contains that property
[07/31/2026 - 08:39:34PM] warning: Property pDoomLordRemovedMSG on script CheatRoomDoomShrineScript attached to  (4B1C0809) cannot be initialized because the script no longer contains that property
[07/31/2026 - 08:39:34PM] warning: Property pDoomThiefRemovedMSG on script CheatRoomDoomShrineScript attached to  (4B1C0809) cannot be initialized because the script no longer contains that property
[07/31/2026 - 08:39:34PM] warning: Property pDoomLadyRemovedMSG on script CheatRoomDoomShrineScript attached to  (4B1C0809) cannot be initialized because the script no longer contains that property
[07/31/2026 - 08:39:34PM] warning: Property pDoomTowerRemovedMSG on script CheatRoomDoomShrineScript attached to  (4B1C0809) cannot be initialized because the script no longer contains that property
[07/31/2026 - 08:39:34PM] warning: Property pDoomShadowRemovedMSG on script CheatRoomDoomShrineScript attached to  (4B1C0809) cannot be initialized because the script no longer contains that property
[07/31/2026 - 08:39:34PM] warning: Property pDoomLoverRemovedMSG on script CheatRoomDoomShrineScript attached to  (4B1C0809) cannot be initialized because the script no longer contains that property
[07/31/2026 - 08:39:34PM] warning: Property pDoomMageRemovedMSG on script CheatRoomDoomShrineScript attached to  (4B1C0809) cannot be initialized because the script no longer contains that property
[07/31/2026 - 08:39:34PM] warning: Property pDoomSteedRemovedMSG on script CheatRoomDoomShrineScript attached to  (4B1C0809) cannot be initialized because the script no longer contains that property
[07/31/2026 - 08:39:34PM] warning: Property EnchRedFXShader on script xGSxSortingChest attached to  (5500FBB2) cannot be initialized because the script no longer contains that property
[07/31/2026 - 08:39:34PM] warning: Property TimerEffectStartWaitTime on script xGSxSortingChest attached to  (5500FBB2) cannot be initialized because the script no longer contains that property
[07/31/2026 - 08:39:34PM] warning: Property TimerFunctionStartWaitTime on script xGSxSortingChest attached to  (5500FBB2) cannot be initialized because the script no longer contains that property
[07/31/2026 - 08:39:34PM] warning: Property TimerEffectEndWaitTime on script xGSxSortingChest attached to  (5500FBB2) cannot be initialized because the script no longer contains that property
[07/31/2026 - 08:39:34PM] warning: Property TimerEffectShaderPlayTime on script xGSxSortingChest attached to  (5500FBB2) cannot be initialized because the script no longer contains that property
[07/31/2026 - 08:39:35PM] warning: Property pDoomRitualRemovedMSG on script CheatRoomDoomShrineScript attached to  (4B1C0804) cannot be initialized because the script no longer contains that property
[07/31/2026 - 08:39:35PM] warning: Property pDoomSerpentRemovedMSG on script CheatRoomDoomShrineScript attached to  (4B1C0804) cannot be initialized because the script no longer contains that property
[07/31/2026 - 08:39:35PM] warning: Property pDoomApprenticeRemovedMSG on script CheatRoomDoomShrineScript attached to  (4B1C0804) cannot be initialized because the script no longer contains that property
[07/31/2026 - 08:39:35PM] warning: Property pDoomAtronachRemovedMSG on script CheatRoomDoomShrineScript attached to  (4B1C0804) cannot be initialized because the script no longer contains that property
[07/31/2026 - 08:39:35PM] warning: Property pDoomWarriorRemovedMSG on script CheatRoomDoomShrineScript attached to  (4B1C0804) cannot be initialized because the script no longer contains that property
[07/31/2026 - 08:39:35PM] warning: Property pDoomLordRemovedMSG on script CheatRoomDoomShrineScript attached to  (4B1C0804) cannot be initialized because the script no longer contains that property
[07/31/2026 - 08:39:35PM] warning: Property pDoomThiefRemovedMSG on script CheatRoomDoomShrineScript attached to  (4B1C0804) cannot be initialized because the script no longer contains that property
[07/31/2026 - 08:39:35PM] warning: Property pDoomLadyRemovedMSG on script CheatRoomDoomShrineScript attached to  (4B1C0804) cannot be initialized because the script no longer contains that property
[07/31/2026 - 08:39:35PM] warning: Property pDoomTowerRemovedMSG on script CheatRoomDoomShrineScript attached to  (4B1C0804) cannot be initialized because the script no longer contains that property
[07/31/2026 - 08:39:35PM] warning: Property pDoomShadowRemovedMSG on script CheatRoomDoomShrineScript attached to  (4B1C0804) cannot be initialized because the script no longer contains that property
[07/31/2026 - 08:39:35PM] warning: Property pDoomLoverRemovedMSG on script CheatRoomDoomShrineScript attached to  (4B1C0804) cannot be initialized because the script no longer contains that property
[07/31/2026 - 08:39:35PM] warning: Property pDoomMageRemovedMSG on script CheatRoomDoomShrineScript attached to  (4B1C0804) cannot be initialized because the script no longer contains that property
[07/31/2026 - 08:39:35PM] warning: Property pDoomSteedRemovedMSG on script CheatRoomDoomShrineScript attached to  (4B1C0804) cannot be initialized because the script no longer contains that property
[07/31/2026 - 08:39:35PM] warning: Property pDoomRitualRemovedMSG on script CheatRoomDoomShrineScript attached to  (4B1C0803) cannot be initialized because the script no longer contains that property
[07/31/2026 - 08:39:35PM] warning: Property pDoomSerpentRemovedMSG on script CheatRoomDoomShrineScript attached to  (4B1C0803) cannot be initialized because the script no longer contains that property
[07/31/2026 - 08:39:35PM] warning: Property pDoomApprenticeRemovedMSG on script CheatRoomDoomShrineScript attached to  (4B1C0803) cannot be initialized because the script no longer contains that property
[07/31/2026 - 08:39:35PM] warning: Property pDoomAtronachRemovedMSG on script CheatRoomDoomShrineScript attached to  (4B1C0803) cannot be initialized because the script no longer contains that property
[07/31/2026 - 08:39:35PM] warning: Property pDoomWarriorRemovedMSG on script CheatRoomDoomShrineScript attached to  (4B1C0803) cannot be initialized because the script no longer contains that property
[07/31/2026 - 08:39:35PM] warning: Property pDoomLordRemovedMSG on script CheatRoomDoomShrineScript attached to  (4B1C0803) cannot be initialized because the script no longer contains that property
[07/31/2026 - 08:39:35PM] warning: Property pDoomThiefRemovedMSG on script CheatRoomDoomShrineScript attached to  (4B1C0803) cannot be initialized because the script no longer contains that property
[07/31/2026 - 08:39:35PM] warning: Property pDoomLadyRemovedMSG on script CheatRoomDoomShrineScript attached to  (4B1C0803) cannot be initialized because the script no longer contains that property
[07/31/2026 - 08:39:35PM] warning: Property pDoomTowerRemovedMSG on script CheatRoomDoomShrineScript attached to  (4B1C0803) cannot be initialized because the script no longer contains that property
[07/31/2026 - 08:39:35PM] warning: Property pDoomShadowRemovedMSG on script CheatRoomDoomShrineScript attached to  (4B1C0803) cannot be initialized because the script no longer contains that property
[07/31/2026 - 08:39:35PM] warning: Property pDoomLoverRemovedMSG on script CheatRoomDoomShrineScript attached to  (4B1C0803) cannot be initialized because the script no longer contains that property
[07/31/2026 - 08:39:35PM] warning: Property pDoomMageRemovedMSG on script CheatRoomDoomShrineScript attached to  (4B1C0803) cannot be initialized because the script no longer contains that property
[07/31/2026 - 08:39:35PM] warning: Property pDoomSteedRemovedMSG on script CheatRoomDoomShrineScript attached to  (4B1C0803) cannot be initialized because the script no longer contains that property
[07/31/2026 - 08:39:35PM] warning: Property XPCrab on script CheatRoomActiveButton30XP attached to  (4B105139) cannot be initialized because the script no longer contains that property
[07/31/2026 - 08:39:35PM] warning: Property AddEnc on script CheatRoomActiveButton31AllFac attached to  (4B100035) cannot be initialized because the script no longer contains that property
[07/31/2026 - 08:39:35PM] warning: Property pDoomRitualRemovedMSG on script CheatRoomDoomShrineScript attached to  (4B1C0805) cannot be initialized because the script no longer contains that property
[07/31/2026 - 08:39:35PM] warning: Property pDoomSerpentRemovedMSG on script CheatRoomDoomShrineScript attached to  (4B1C0805) cannot be initialized because the script no longer contains that property
[07/31/2026 - 08:39:35PM] warning: Property pDoomApprenticeRemovedMSG on script CheatRoomDoomShrineScript attached to  (4B1C0805) cannot be initialized because the script no longer contains that property
[07/31/2026 - 08:39:35PM] warning: Property pDoomAtronachRemovedMSG on script CheatRoomDoomShrineScript attached to  (4B1C0805) cannot be initialized because the script no longer contains that property
[07/31/2026 - 08:39:35PM] warning: Property pDoomWarriorRemovedMSG on script CheatRoomDoomShrineScript attached to  (4B1C0805) cannot be initialized because the script no longer contains that property
[07/31/2026 - 08:39:35PM] warning: Property pDoomLordRemovedMSG on script CheatRoomDoomShrineScript attached to  (4B1C0805) cannot be initialized because the script no longer contains that property
[07/31/2026 - 08:39:35PM] warning: Property pDoomThiefRemovedMSG on script CheatRoomDoomShrineScript attached to  (4B1C0805) cannot be initialized because the script no longer contains that property
[07/31/2026 - 08:39:35PM] warning: Property pDoomLadyRemovedMSG on script CheatRoomDoomShrineScript attached to  (4B1C0805) cannot be initialized because the script no longer contains that property
[07/31/2026 - 08:39:35PM] warning: Property pDoomTowerRemovedMSG on script CheatRoomDoomShrineScript attached to  (4B1C0805) cannot be initialized because the script no longer contains that property
[07/31/2026 - 08:39:35PM] warning: Property pDoomMageRemovedMSG on script CheatRoomDoomShrineScript attached to  (4B1C0805) cannot be initialized because the script no longer contains that property
[07/31/2026 - 08:39:35PM] warning: Property pDoomShadowRemovedMSG on script CheatRoomDoomShrineScript attached to  (4B1C0805) cannot be initialized because the script no longer contains that property
[07/31/2026 - 08:39:35PM] warning: Property pDoomLoverRemovedMSG on script CheatRoomDoomShrineScript attached to  (4B1C0805) cannot be initialized because the script no longer contains that property
[07/31/2026 - 08:39:35PM] warning: Property pDoomSteedRemovedMSG on script CheatRoomDoomShrineScript attached to  (4B1C0805) cannot be initialized because the script no longer contains that property
[07/31/2026 - 08:39:35PM] warning: Property pDoomRitualRemovedMSG on script CheatRoomDoomShrineScript attached to  (4B1C0802) cannot be initialized because the script no longer contains that property
[07/31/2026 - 08:39:35PM] warning: Property pDoomSerpentRemovedMSG on script CheatRoomDoomShrineScript attached to  (4B1C0802) cannot be initialized because the script no longer contains that property
[07/31/2026 - 08:39:35PM] warning: Property pDoomApprenticeRemovedMSG on script CheatRoomDoomShrineScript attached to  (4B1C0802) cannot be initialized because the script no longer contains that property
[07/31/2026 - 08:39:35PM] warning: Property pDoomAtronachRemovedMSG on script CheatRoomDoomShrineScript attached to  (4B1C0802) cannot be initialized because the script no longer contains that property
[07/31/2026 - 08:39:35PM] warning: Property pDoomWarriorRemovedMSG on script CheatRoomDoomShrineScript attached to  (4B1C0802) cannot be initialized because the script no longer contains that property
[07/31/2026 - 08:39:35PM] warning: Property pDoomLordRemovedMSG on script CheatRoomDoomShrineScript attached to  (4B1C0802) cannot be initialized because the script no longer contains that property
[07/31/2026 - 08:39:35PM] warning: Property pDoomThiefRemovedMSG on script CheatRoomDoomShrineScript attached to  (4B1C0802) cannot be initialized because the script no longer contains that property
[07/31/2026 - 08:39:35PM] warning: Property pDoomMageRemovedMSG on script CheatRoomDoomShrineScript attached to  (4B1C0802) cannot be initialized because the script no longer contains that property
[07/31/2026 - 08:39:35PM] warning: Property pDoomLadyRemovedMSG on script CheatRoomDoomShrineScript attached to  (4B1C0802) cannot be initialized because the script no longer contains that property
[07/31/2026 - 08:39:35PM] warning: Property pDoomTowerRemovedMSG on script CheatRoomDoomShrineScript attached to  (4B1C0802) cannot be initialized because the script no longer contains that property
[07/31/2026 - 08:39:35PM] warning: Property pDoomShadowRemovedMSG on script CheatRoomDoomShrineScript attached to  (4B1C0802) cannot be initialized because the script no longer contains that property
[07/31/2026 - 08:39:35PM] warning: Property pDoomLoverRemovedMSG on script CheatRoomDoomShrineScript attached to  (4B1C0802) cannot be initialized because the script no longer contains that property
[07/31/2026 - 08:39:35PM] warning: Property pDoomSteedRemovedMSG on script CheatRoomDoomShrineScript attached to  (4B1C0802) cannot be initialized because the script no longer contains that property
[07/31/2026 - 08:39:35PM] warning: Property knockBackExplosion on script dragonactorscript attached to  (00070E9B) cannot be initialized because the script no longer contains that property
[07/31/2026 - 08:39:35PM] warning: Property SnowDragonSkin on script dragonactorscript attached to  (00070E9B) cannot be initialized because the script no longer contains that property
[07/31/2026 - 08:39:35PM] warning: Property forestDragonSkin on script dragonactorscript attached to  (00070E9B) cannot be initialized because the script no longer contains that property
[07/31/2026 - 08:39:35PM] warning: Property TundraDragonSkin on script dragonactorscript attached to  (00070E9B) cannot be initialized because the script no longer contains that property
[07/31/2026 - 08:39:35PM] warning: Property knockBackExplosion on script dragonactorscript attached to  (00032DA0) cannot be initialized because the script no longer contains that property
[07/31/2026 - 08:39:35PM] warning: Property SnowDragonSkin on script dragonactorscript attached to  (00032DA0) cannot be initialized because the script no longer contains that property
[07/31/2026 - 08:39:35PM] warning: Property forestDragonSkin on script dragonactorscript attached to  (00032DA0) cannot be initialized because the script no longer contains that property
[07/31/2026 - 08:39:35PM] warning: Property TundraDragonSkin on script dragonactorscript attached to  (00032DA0) cannot be initialized because the script no longer contains that property
[07/31/2026 - 08:39:35PM] warning: Property knockBackExplosion on script dragonactorscript attached to  (0401D573) cannot be initialized because the script no longer contains that property
[07/31/2026 - 08:39:35PM] warning: Property forestDragonSkin on script dragonactorscript attached to  (0401D573) cannot be initialized because the script no longer contains that property
[07/31/2026 - 08:39:35PM] warning: Property TundraDragonSkin on script dragonactorscript attached to  (0401D573) cannot be initialized because the script no longer contains that property
[07/31/2026 - 08:39:35PM] warning: Property SnowDragonSkin on script dragonactorscript attached to  (0401D573) cannot be initialized because the script no longer contains that property
[07/31/2026 - 08:39:35PM] warning: Property knockBackExplosion on script dragonactorscript attached to  (0401D572) cannot be initialized because the script no longer contains that property
[07/31/2026 - 08:39:35PM] warning: Property forestDragonSkin on script dragonactorscript attached to  (0401D572) cannot be initialized because the script no longer contains that property
[07/31/2026 - 08:39:35PM] warning: Property TundraDragonSkin on script dragonactorscript attached to  (0401D572) cannot be initialized because the script no longer contains that property
[07/31/2026 - 08:39:35PM] warning: Property SnowDragonSkin on script dragonactorscript attached to  (0401D572) cannot be initialized because the script no longer contains that property
[07/31/2026 - 08:39:35PM] warning: Property pDoomRitualRemovedMSG on script CheatRoomDoomShrineScript attached to  (4B1C0801) cannot be initialized because the script no longer contains that property
[07/31/2026 - 08:39:35PM] warning: Property pDoomSerpentRemovedMSG on script CheatRoomDoomShrineScript attached to  (4B1C0801) cannot be initialized because the script no longer contains that property
[07/31/2026 - 08:39:35PM] warning: Property pDoomApprenticeRemovedMSG on script CheatRoomDoomShrineScript attached to  (4B1C0801) cannot be initialized because the script no longer contains that property
[07/31/2026 - 08:39:35PM] warning: Property pDoomAtronachRemovedMSG on script CheatRoomDoomShrineScript attached to  (4B1C0801) cannot be initialized because the script no longer contains that property
[07/31/2026 - 08:39:35PM] warning: Property pDoomWarriorRemovedMSG on script CheatRoomDoomShrineScript attached to  (4B1C0801) cannot be initialized because the script no longer contains that property
[07/31/2026 - 08:39:35PM] warning: Property pDoomLordRemovedMSG on script CheatRoomDoomShrineScript attached to  (4B1C0801) cannot be initialized because the script no longer contains that property
[07/31/2026 - 08:39:35PM] warning: Property pDoomThiefRemovedMSG on script CheatRoomDoomShrineScript attached to  (4B1C0801) cannot be initialized because the script no longer contains that property
[07/31/2026 - 08:39:35PM] warning: Property pDoomLadyRemovedMSG on script CheatRoomDoomShrineScript attached to  (4B1C0801) cannot be initialized because the script no longer contains that property
[07/31/2026 - 08:39:35PM] warning: Property pDoomTowerRemovedMSG on script CheatRoomDoomShrineScript attached to  (4B1C0801) cannot be initialized because the script no longer contains that property
[07/31/2026 - 08:39:35PM] warning: Property pDoomLoverRemovedMSG on script CheatRoomDoomShrineScript attached to  (4B1C0801) cannot be initialized because the script no longer contains that property
[07/31/2026 - 08:39:35PM] warning: Property pDoomMageRemovedMSG on script CheatRoomDoomShrineScript attached to  (4B1C0801) cannot be initialized because the script no longer contains that property
[07/31/2026 - 08:39:35PM] warning: Property pDoomShadowRemovedMSG on script CheatRoomDoomShrineScript attached to  (4B1C0801) cannot be initialized because the script no longer contains that property
[07/31/2026 - 08:39:35PM] warning: Property pDoomSteedRemovedMSG on script CheatRoomDoomShrineScript attached to  (4B1C0801) cannot be initialized because the script no longer contains that property
[07/31/2026 - 08:39:35PM] warning: Property FishingMod01 on script ME_Script_TravelBoat attached to  (763BB00A) cannot be initialized because the script no longer contains that property
[07/31/2026 - 08:39:35PM] warning: Property FishingMod03 on script ME_Script_TravelBoat attached to  (763BB00A) cannot be initialized because the script no longer contains that property
[07/31/2026 - 08:39:35PM] warning: Property FishingMod02 on script ME_Script_TravelBoat attached to  (763BB00A) cannot be initialized because the script no longer contains that property
[07/31/2026 - 08:39:35PM] Error: Property myActor on script dunPinewatchMakeHostileScript attached to  (930C6A22) cannot be bound because <nullptr form> (930C697E) is not the right type
[07/31/2026 - 08:39:35PM] warning: Property ME_Quest_Main on script ME_Script_Grave attached to  (763E89DE) cannot be initialized because the script no longer contains that property
[07/31/2026 - 08:39:35PM] warning: Property knockBackExplosion on script dragonactorscript attached to  (0004424B) cannot be initialized because the script no longer contains that property
[07/31/2026 - 08:39:35PM] warning: Property SnowDragonSkin on script dragonactorscript attached to  (0004424B) cannot be initialized because the script no longer contains that property
[07/31/2026 - 08:39:35PM] warning: Property forestDragonSkin on script dragonactorscript attached to  (0004424B) cannot be initialized because the script no longer contains that property
[07/31/2026 - 08:39:35PM] warning: Property TundraDragonSkin on script dragonactorscript attached to  (0004424B) cannot be initialized because the script no longer contains that property
[07/31/2026 - 08:39:35PM] warning: Property pDoomRitualRemovedMSG on script CheatRoomDoomShrineScript attached to  (4B1C0806) cannot be initialized because the script no longer contains that property
[07/31/2026 - 08:39:35PM] warning: Property pDoomSerpentRemovedMSG on script CheatRoomDoomShrineScript attached to  (4B1C0806) cannot be initialized because the script no longer contains that property
[07/31/2026 - 08:39:35PM] warning: Property pDoomApprenticeRemovedMSG on script CheatRoomDoomShrineScript attached to  (4B1C0806) cannot be initialized because the script no longer contains that property
[07/31/2026 - 08:39:35PM] warning: Property pDoomAtronachRemovedMSG on script CheatRoomDoomShrineScript attached to  (4B1C0806) cannot be initialized because the script no longer contains that property
[07/31/2026 - 08:39:35PM] warning: Property pDoomWarriorRemovedMSG on script CheatRoomDoomShrineScript attached to  (4B1C0806) cannot be initialized because the script no longer contains that property
[07/31/2026 - 08:39:35PM] warning: Property pDoomLordRemovedMSG on script CheatRoomDoomShrineScript attached to  (4B1C0806) cannot be initialized because the script no longer contains that property
[07/31/2026 - 08:39:35PM] warning: Property pDoomThiefRemovedMSG on script CheatRoomDoomShrineScript attached to  (4B1C0806) cannot be initialized because the script no longer contains that property
[07/31/2026 - 08:39:35PM] warning: Property pDoomLadyRemovedMSG on script CheatRoomDoomShrineScript attached to  (4B1C0806) cannot be initialized because the script no longer contains that property
[07/31/2026 - 08:39:35PM] warning: Property pDoomTowerRemovedMSG on script CheatRoomDoomShrineScript attached to  (4B1C0806) cannot be initialized because the script no longer contains that property
[07/31/2026 - 08:39:35PM] warning: Property pDoomShadowRemovedMSG on script CheatRoomDoomShrineScript attached to  (4B1C0806) cannot be initialized because the script no longer contains that property
[07/31/2026 - 08:39:35PM] warning: Property pDoomLoverRemovedMSG on script CheatRoomDoomShrineScript attached to  (4B1C0806) cannot be initialized because the script no longer contains that property
[07/31/2026 - 08:39:35PM] warning: Property pDoomMageRemovedMSG on script CheatRoomDoomShrineScript attached to  (4B1C0806) cannot be initialized because the script no longer contains that property
[07/31/2026 - 08:39:35PM] warning: Property pDoomSteedRemovedMSG on script CheatRoomDoomShrineScript attached to  (4B1C0806) cannot be initialized because the script no longer contains that property
[07/31/2026 - 08:39:35PM] warning: Property pDoomRitualRemovedMSG on script CheatRoomDoomShrineScript attached to  (4B1C0807) cannot be initialized because the script no longer contains that property
[07/31/2026 - 08:39:35PM] warning: Property pDoomSerpentRemovedMSG on script CheatRoomDoomShrineScript attached to  (4B1C0807) cannot be initialized because the script no longer contains that property
[07/31/2026 - 08:39:35PM] warning: Property pDoomAtronachRemovedMSG on script CheatRoomDoomShrineScript attached to  (4B1C0807) cannot be initialized because the script no longer contains that property
[07/31/2026 - 08:39:35PM] warning: Property pDoomWarriorRemovedMSG on script CheatRoomDoomShrineScript attached to  (4B1C0807) cannot be initialized because the script no longer contains that property
[07/31/2026 - 08:39:35PM] warning: Property pDoomLordRemovedMSG on script CheatRoomDoomShrineScript attached to  (4B1C0807) cannot be initialized because the script no longer contains that property
[07/31/2026 - 08:39:35PM] warning: Property pDoomThiefRemovedMSG on script CheatRoomDoomShrineScript attached to  (4B1C0807) cannot be initialized because the script no longer contains that property
[07/31/2026 - 08:39:35PM] warning: Property pDoomLadyRemovedMSG on script CheatRoomDoomShrineScript attached to  (4B1C0807) cannot be initialized because the script no longer contains that property
[07/31/2026 - 08:39:35PM] warning: Property pDoomTowerRemovedMSG on script CheatRoomDoomShrineScript attached to  (4B1C0807) cannot be initialized because the script no longer contains that property
[07/31/2026 - 08:39:35PM] warning: Property pDoomApprenticeRemovedMSG on script CheatRoomDoomShrineScript attached to  (4B1C0807) cannot be initialized because the script no longer contains that property
[07/31/2026 - 08:39:35PM] warning: Property pDoomShadowRemovedMSG on script CheatRoomDoomShrineScript attached to  (4B1C0807) cannot be initialized because the script no longer contains that property
[07/31/2026 - 08:39:35PM] warning: Property pDoomLoverRemovedMSG on script CheatRoomDoomShrineScript attached to  (4B1C0807) cannot be initialized because the script no longer contains that property
[07/31/2026 - 08:39:35PM] warning: Property pDoomMageRemovedMSG on script CheatRoomDoomShrineScript attached to  (4B1C0807) cannot be initialized because the script no longer contains that property
[07/31/2026 - 08:39:35PM] warning: Property pDoomSteedRemovedMSG on script CheatRoomDoomShrineScript attached to  (4B1C0807) cannot be initialized because the script no longer contains that property
[07/31/2026 - 08:39:35PM] warning: Property knockBackExplosion on script dragonactorscript attached to  (00043788) cannot be initialized because the script no longer contains that property
[07/31/2026 - 08:39:35PM] warning: Property SnowDragonSkin on script dragonactorscript attached to  (00043788) cannot be initialized because the script no longer contains that property
[07/31/2026 - 08:39:35PM] warning: Property forestDragonSkin on script dragonactorscript attached to  (00043788) cannot be initialized because the script no longer contains that property
[07/31/2026 - 08:39:35PM] warning: Property TundraDragonSkin on script dragonactorscript attached to  (00043788) cannot be initialized because the script no longer contains that property
[07/31/2026 - 08:39:35PM] warning: Property knockBackExplosion on script dragonactorscript attached to  (0003C57D) cannot be initialized because the script no longer contains that property
[07/31/2026 - 08:39:35PM] warning: Property SnowDragonSkin on script dragonactorscript attached to  (0003C57D) cannot be initialized because the script no longer contains that property
[07/31/2026 - 08:39:35PM] warning: Property forestDragonSkin on script dragonactorscript attached to  (0003C57D) cannot be initialized because the script no longer contains that property
[07/31/2026 - 08:39:35PM] warning: Property TundraDragonSkin on script dragonactorscript attached to  (0003C57D) cannot be initialized because the script no longer contains that property
[07/31/2026 - 08:39:35PM] warning: Property knockBackExplosion on script dragonactorscript attached to  (0009E091) cannot be initialized because the script no longer contains that property
[07/31/2026 - 08:39:35PM] warning: Property SnowDragonSkin on script dragonactorscript attached to  (0009E091) cannot be initialized because the script no longer contains that property
[07/31/2026 - 08:39:35PM] warning: Property forestDragonSkin on script dragonactorscript attached to  (0009E091) cannot be initialized because the script no longer contains that property
[07/31/2026 - 08:39:35PM] warning: Property TundraDragonSkin on script dragonactorscript attached to  (0009E091) cannot be initialized because the script no longer contains that property
[07/31/2026 - 08:39:35PM] warning: Property knockBackExplosion on script dragonactorscript attached to  (000F6851) cannot be initialized because the script no longer contains that property
[07/31/2026 - 08:39:35PM] warning: Property SnowDragonSkin on script dragonactorscript attached to  (000F6851) cannot be initialized because the script no longer contains that property
[07/31/2026 - 08:39:35PM] warning: Property forestDragonSkin on script dragonactorscript attached to  (000F6851) cannot be initialized because the script no longer contains that property
[07/31/2026 - 08:39:35PM] warning: Property TundraDragonSkin on script dragonactorscript attached to  (000F6851) cannot be initialized because the script no longer contains that property
[07/31/2026 - 08:39:35PM] warning: Property knockBackExplosion on script dragonactorscript attached to  (00061067) cannot be initialized because the script no longer contains that property
[07/31/2026 - 08:39:35PM] warning: Property SnowDragonSkin on script dragonactorscript attached to  (00061067) cannot be initialized because the script no longer contains that property
[07/31/2026 - 08:39:35PM] warning: Property forestDragonSkin on script dragonactorscript attached to  (00061067) cannot be initialized because the script no longer contains that property
[07/31/2026 - 08:39:35PM] warning: Property TundraDragonSkin on script dragonactorscript attached to  (00061067) cannot be initialized because the script no longer contains that property
[07/31/2026 - 08:39:35PM] warning: Property knockBackExplosion on script dragonactorscript attached to  (FE19D81B) cannot be initialized because the script no longer contains that property
[07/31/2026 - 08:39:35PM] warning: Property SnowDragonSkin on script dragonactorscript attached to  (FE19D81B) cannot be initialized because the script no longer contains that property
[07/31/2026 - 08:39:35PM] warning: Property forestDragonSkin on script dragonactorscript attached to  (FE19D81B) cannot be initialized because the script no longer contains that property
[07/31/2026 - 08:39:35PM] warning: Property TundraDragonSkin on script dragonactorscript attached to  (FE19D81B) cannot be initialized because the script no longer contains that property
[07/31/2026 - 08:39:35PM] warning: Property knockBackExplosion on script dragonactorscript attached to  (FE050D89) cannot be initialized because the script no longer contains that property
[07/31/2026 - 08:39:35PM] warning: Property SnowDragonSkin on script dragonactorscript attached to  (FE050D89) cannot be initialized because the script no longer contains that property
[07/31/2026 - 08:39:35PM] warning: Property forestDragonSkin on script dragonactorscript attached to  (FE050D89) cannot be initialized because the script no longer contains that property
[07/31/2026 - 08:39:35PM] warning: Property TundraDragonSkin on script dragonactorscript attached to  (FE050D89) cannot be initialized because the script no longer contains that property
[07/31/2026 - 08:39:35PM] warning: Property knockBackExplosion on script dragonactorscript attached to  (0009E07F) cannot be initialized because the script no longer contains that property
[07/31/2026 - 08:39:35PM] warning: Property SnowDragonSkin on script dragonactorscript attached to  (0009E07F) cannot be initialized because the script no longer contains that property
[07/31/2026 - 08:39:35PM] warning: Property forestDragonSkin on script dragonactorscript attached to  (0009E07F) cannot be initialized because the script no longer contains that property
[07/31/2026 - 08:39:35PM] warning: Property TundraDragonSkin on script dragonactorscript attached to  (0009E07F) cannot be initialized because the script no longer contains that property
[07/31/2026 - 08:39:35PM] warning: Property knockBackExplosion on script dragonactorscript attached to  (FE19D819) cannot be initialized because the script no longer contains that property
[07/31/2026 - 08:39:35PM] warning: Property SnowDragonSkin on script dragonactorscript attached to  (FE19D819) cannot be initialized because the script no longer contains that property
[07/31/2026 - 08:39:35PM] warning: Property forestDragonSkin on script dragonactorscript attached to  (FE19D819) cannot be initialized because the script no longer contains that property
[07/31/2026 - 08:39:35PM] warning: Property TundraDragonSkin on script dragonactorscript attached to  (FE19D819) cannot be initialized because the script no longer contains that property
[07/31/2026 - 08:39:35PM] warning: Property MageArmor50 on script DLC1SeranaLevelingScript attached to  (02003BA8) cannot be initialized because the script no longer contains that property
[07/31/2026 - 08:39:35PM] warning: Property HackAndSlash60 on script DLC1SeranaLevelingScript attached to  (02003BA8) cannot be initialized because the script no longer contains that property
[07/31/2026 - 08:39:35PM] warning: Property Necromancy on script DLC1SeranaLevelingScript attached to  (02003BA8) cannot be initialized because the script no longer contains that property
[07/31/2026 - 08:39:35PM] warning: Property SavageStrike on script DLC1SeranaLevelingScript attached to  (02003BA8) cannot be initialized because the script no longer contains that property
[07/31/2026 - 08:39:35PM] warning: Property Bladesman60 on script DLC1SeranaLevelingScript attached to  (02003BA8) cannot be initialized because the script no longer contains that property
[07/31/2026 - 08:39:35PM] warning: Property MageArmor30 on script DLC1SeranaLevelingScript attached to  (02003BA8) cannot be initialized because the script no longer contains that property
[07/31/2026 - 08:39:35PM] warning: Property Bladesman90 on script DLC1SeranaLevelingScript attached to  (02003BA8) cannot be initialized because the script no longer contains that property
[07/31/2026 - 08:39:35PM] warning: Property DarkSouls on script DLC1SeranaLevelingScript attached to  (02003BA8) cannot be initialized because the script no longer contains that property
[07/31/2026 - 08:39:35PM] warning: Property HackAndSlash90 on script DLC1SeranaLevelingScript attached to  (02003BA8) cannot be initialized because the script no longer contains that property
[07/31/2026 - 08:39:35PM] warning: Property AugmentedFrost on script DLC1SeranaLevelingScript attached to  (02003BA8) cannot be initialized because the script no longer contains that property
[07/31/2026 - 08:39:35PM] warning: Property MagicResistance30 on script DLC1SeranaLevelingScript attached to  (02003BA8) cannot be initialized because the script no longer contains that property
[07/31/2026 - 08:39:35PM] warning: Property WindWalker on script DLC1SeranaLevelingScript attached to  (02003BA8) cannot be initialized because the script no longer contains that property
[07/31/2026 - 08:39:35PM] warning: Property MagicResistance50 on script DLC1SeranaLevelingScript attached to  (02003BA8) cannot be initialized because the script no longer contains that property
[07/31/2026 - 08:39:35PM] warning: Property knockBackExplosion on script dragonactorscript attached to  (FE19D81C) cannot be initialized because the script no longer contains that property
[07/31/2026 - 08:39:35PM] warning: Property SnowDragonSkin on script dragonactorscript attached to  (FE19D81C) cannot be initialized because the script no longer contains that property
[07/31/2026 - 08:39:35PM] warning: Property forestDragonSkin on script dragonactorscript attached to  (FE19D81C) cannot be initialized because the script no longer contains that property
[07/31/2026 - 08:39:35PM] warning: Property TundraDragonSkin on script dragonactorscript attached to  (FE19D81C) cannot be initialized because the script no longer contains that property
[07/31/2026 - 08:39:35PM] warning: Property FollowerRelaxing on script rdo_isranfollowerscript attached to aa_RDODLC1Isran (9669CFA8) cannot be initialized because the script no longer contains that property
[07/31/2026 - 08:39:35PM] warning: Property FollowerWaitingMessage on script rdo_isranfollowerscript attached to aa_RDODLC1Isran (9669CFA8) cannot be initialized because the script no longer contains that property
[07/31/2026 - 08:39:35PM] warning: Property NeedVerseMikael on script RDO_BardsCollegeEddaQuestScript attached to a_RDOBardsCollegePoeticEdda (96BEF230) cannot be initialized because the script no longer contains that property
[07/31/2026 - 08:39:35PM] warning: Property NeedVerseTalsgar on script RDO_BardsCollegeEddaQuestScript attached to a_RDOBardsCollegePoeticEdda (96BEF230) cannot be initialized because the script no longer contains that property
[07/31/2026 - 08:39:35PM] warning: Property NeedVerseDelacourt on script RDO_BardsCollegeEddaQuestScript attached to a_RDOBardsCollegePoeticEdda (96BEF230) cannot be initialized because the script no longer contains that property
[07/31/2026 - 08:39:35PM] warning: Property GotVerseLurbuk on script RDO_BardsCollegeEddaQuestScript attached to a_RDOBardsCollegePoeticEdda (96BEF230) cannot be initialized because the script no longer contains that property
[07/31/2026 - 08:39:35PM] warning: Property NeedVerseOgmund on script RDO_BardsCollegeEddaQuestScript attached to a_RDOBardsCollegePoeticEdda (96BEF230) cannot be initialized because the script no longer contains that property
[07/31/2026 - 08:39:35PM] warning: Property NeedVerseKarita on script RDO_BardsCollegeEddaQuestScript attached to a_RDOBardsCollegePoeticEdda (96BEF230) cannot be initialized because the script no longer contains that property
[07/31/2026 - 08:39:35PM] warning: Property NeedVerseLuaffyn on script RDO_BardsCollegeEddaQuestScript attached to a_RDOBardsCollegePoeticEdda (96BEF230) cannot be initialized because the script no longer contains that property
[07/31/2026 - 08:39:35PM] warning: Property GotVerseTalsgar on script RDO_BardsCollegeEddaQuestScript attached to a_RDOBardsCollegePoeticEdda (96BEF230) cannot be initialized because the script no longer contains that property
[07/31/2026 - 08:39:35PM] warning: Property GotVerseOgmund on script RDO_BardsCollegeEddaQuestScript attached to a_RDOBardsCollegePoeticEdda (96BEF230) cannot be initialized because the script no longer contains that property
[07/31/2026 - 08:39:35PM] warning: Property GotVerseLisette on script RDO_BardsCollegeEddaQuestScript attached to a_RDOBardsCollegePoeticEdda (96BEF230) cannot be initialized because the script no longer contains that property
[07/31/2026 - 08:39:35PM] warning: Property GotVerseKarita on script RDO_BardsCollegeEddaQuestScript attached to a_RDOBardsCollegePoeticEdda (96BEF230) cannot be initialized because the script no longer contains that property
[07/31/2026 - 08:39:35PM] warning: Property GotVerseSven on script RDO_BardsCollegeEddaQuestScript attached to a_RDOBardsCollegePoeticEdda (96BEF230) cannot be initialized because the script no longer contains that property
[07/31/2026 - 08:39:35PM] warning: Property NeedVerseLisette on script RDO_BardsCollegeEddaQuestScript attached to a_RDOBardsCollegePoeticEdda (96BEF230) cannot be initialized because the script no longer contains that property
[07/31/2026 - 08:39:35PM] warning: Property NeedVerseSven on script RDO_BardsCollegeEddaQuestScript attached to a_RDOBardsCollegePoeticEdda (96BEF230) cannot be initialized because the script no longer contains that property
[07/31/2026 - 08:39:35PM] warning: Property GotVerseMikael on script RDO_BardsCollegeEddaQuestScript attached to a_RDOBardsCollegePoeticEdda (96BEF230) cannot be initialized because the script no longer contains that property
[07/31/2026 - 08:39:35PM] warning: Property NeedVerseLurbuk on script RDO_BardsCollegeEddaQuestScript attached to a_RDOBardsCollegePoeticEdda (96BEF230) cannot be initialized because the script no longer contains that property
[07/31/2026 - 08:39:35PM] warning: Property GotVerseLuaffyn on script RDO_BardsCollegeEddaQuestScript attached to a_RDOBardsCollegePoeticEdda (96BEF230) cannot be initialized because the script no longer contains that property
[07/31/2026 - 08:39:35PM] warning: Property GotVerseDelacourt on script RDO_BardsCollegeEddaQuestScript attached to a_RDOBardsCollegePoeticEdda (96BEF230) cannot be initialized because the script no longer contains that property
[07/31/2026 - 08:39:35PM] warning: Property Alias_Lisette on script RDO_BardsCollegeEddaQuestFragments attached to a_RDOBardsCollegePoeticEdda (96BEF230) cannot be initialized because the script no longer contains that property
[07/31/2026 - 08:39:35PM] warning: Property Alias_Luaffyn on script RDO_BardsCollegeEddaQuestFragments attached to a_RDOBardsCollegePoeticEdda (96BEF230) cannot be initialized because the script no longer contains that property
[07/31/2026 - 08:39:35PM] warning: Property Alias_Lurbuk on script RDO_BardsCollegeEddaQuestFragments attached to a_RDOBardsCollegePoeticEdda (96BEF230) cannot be initialized because the script no longer contains that property
[07/31/2026 - 08:39:35PM] warning: Property Alias_Karita on script RDO_BardsCollegeEddaQuestFragments attached to a_RDOBardsCollegePoeticEdda (96BEF230) cannot be initialized because the script no longer contains that property
[07/31/2026 - 08:39:35PM] warning: Property Alias_Delacourt on script RDO_BardsCollegeEddaQuestFragments attached to a_RDOBardsCollegePoeticEdda (96BEF230) cannot be initialized because the script no longer contains that property
[07/31/2026 - 08:39:35PM] warning: Property Alias_Mikael on script RDO_BardsCollegeEddaQuestFragments attached to a_RDOBardsCollegePoeticEdda (96BEF230) cannot be initialized because the script no longer contains that property
[07/31/2026 - 08:39:35PM] warning: Property Alias_Sven on script RDO_BardsCollegeEddaQuestFragments attached to a_RDOBardsCollegePoeticEdda (96BEF230) cannot be initialized because the script no longer contains that property
[07/31/2026 - 08:39:35PM] warning: Property Alias_Ogmund on script RDO_BardsCollegeEddaQuestFragments attached to a_RDOBardsCollegePoeticEdda (96BEF230) cannot be initialized because the script no longer contains that property
[07/31/2026 - 08:39:35PM] warning: Property Alias_Talsgar on script RDO_BardsCollegeEddaQuestFragments attached to a_RDOBardsCollegePoeticEdda (96BEF230) cannot be initialized because the script no longer contains that property
[07/31/2026 - 08:39:35PM] warning: Property PlayerRef on script Placeable_MISC_Placement_Script attached to Item 132 in container  (16002789) cannot be initialized because the script no longer contains that property
[07/31/2026 - 08:39:35PM] warning: Property PlayerRef on script Placeable_MISC_Placement_Script attached to Item 123 in container  (16002789) cannot be initialized because the script no longer contains that property
[07/31/2026 - 08:39:35PM] warning: Property knockBackExplosion on script dragonactorscript attached to  (02019DC0) cannot be initialized because the script no longer contains that property
[07/31/2026 - 08:39:35PM] warning: Property forestDragonSkin on script dragonactorscript attached to  (02019DC0) cannot be initialized because the script no longer contains that property
[07/31/2026 - 08:39:35PM] warning: Property SnowDragonSkin on script dragonactorscript attached to  (02019DC0) cannot be initialized because the script no longer contains that property
[07/31/2026 - 08:39:35PM] warning: Property TundraDragonSkin on script dragonactorscript attached to  (02019DC0) cannot be initialized because the script no longer contains that property
[07/31/2026 - 08:39:35PM] warning: Property knockBackExplosion on script dragonactorscript attached to  (FE19D81A) cannot be initialized because the script no longer contains that property
[07/31/2026 - 08:39:35PM] warning: Property SnowDragonSkin on script dragonactorscript attached to  (FE19D81A) cannot be initialized because the script no longer contains that property
[07/31/2026 - 08:39:35PM] warning: Property forestDragonSkin on script dragonactorscript attached to  (FE19D81A) cannot be initialized because the script no longer contains that property
[07/31/2026 - 08:39:35PM] warning: Property TundraDragonSkin on script dragonactorscript attached to  (FE19D81A) cannot be initialized because the script no longer contains that property
[07/31/2026 - 08:39:35PM] warning: Property FishingMod01 on script ME_Script_TravelBoat attached to  (763BB025) cannot be initialized because the script no longer contains that property
[07/31/2026 - 08:39:35PM] warning: Property FishingMod03 on script ME_Script_TravelBoat attached to  (763BB025) cannot be initialized because the script no longer contains that property
[07/31/2026 - 08:39:35PM] warning: Property FishingMod02 on script ME_Script_TravelBoat attached to  (763BB025) cannot be initialized because the script no longer contains that property
[07/31/2026 - 08:39:35PM] warning: Property LocTypeCity on script byohrelationshipadoptionscript attached to BYOHRelationshipAdoption (030042B4) cannot be initialized because the script no longer contains that property
[07/31/2026 - 08:39:35PM] warning: Property knockBackExplosion on script dragonactorscript attached to  (FE19D803) cannot be initialized because the script no longer contains that property
[07/31/2026 - 08:39:35PM] warning: Property SnowDragonSkin on script dragonactorscript attached to  (FE19D803) cannot be initialized because the script no longer contains that property
[07/31/2026 - 08:39:35PM] warning: Property forestDragonSkin on script dragonactorscript attached to  (FE19D803) cannot be initialized because the script no longer contains that property
[07/31/2026 - 08:39:35PM] warning: Property TundraDragonSkin on script dragonactorscript attached to  (FE19D803) cannot be initialized because the script no longer contains that property
[07/31/2026 - 08:39:35PM] warning: Property knockBackExplosion on script dragonactorscript attached to  (0009E08E) cannot be initialized because the script no longer contains that property
[07/31/2026 - 08:39:35PM] warning: Property SnowDragonSkin on script dragonactorscript attached to  (0009E08E) cannot be initialized because the script no longer contains that property
[07/31/2026 - 08:39:35PM] warning: Property forestDragonSkin on script dragonactorscript attached to  (0009E08E) cannot be initialized because the script no longer contains that property
[07/31/2026 - 08:39:35PM] warning: Property TundraDragonSkin on script dragonactorscript attached to  (0009E08E) cannot be initialized because the script no longer contains that property
[07/31/2026 - 08:39:35PM] warning: Property knockBackExplosion on script dragonactorscript attached to  (0005FC0F) cannot be initialized because the script no longer contains that property
[07/31/2026 - 08:39:35PM] warning: Property SnowDragonSkin on script dragonactorscript attached to  (0005FC0F) cannot be initialized because the script no longer contains that property
[07/31/2026 - 08:39:35PM] warning: Property forestDragonSkin on script dragonactorscript attached to  (0005FC0F) cannot be initialized because the script no longer contains that property
[07/31/2026 - 08:39:35PM] warning: Property TundraDragonSkin on script dragonactorscript attached to  (0005FC0F) cannot be initialized because the script no longer contains that property
[07/31/2026 - 08:39:35PM] warning: Property SMP on script CollisionReset_Ani attached to CollisionReset_Ani (FE036803) cannot be initialized because the script no longer contains that property
[07/31/2026 - 08:39:35PM] Error: Property PL_DPDTeleport on script PL_ManagerQuest attached to PL_Manager (001FB7C0) cannot be bound because  (7B0589DA) is not the right type
[07/31/2026 - 08:39:35PM] warning: Property USSEPElevatorPowerRequiredMessage on script blackreachExitElevatorScript attached to  (000EF79B) cannot be initialized because the script no longer contains that property
[07/31/2026 - 08:39:35PM] VM is freezing...
[07/31/2026 - 08:39:35PM] VM is frozen
[07/31/2026 - 08:39:35PM] Reverting game...
[07/31/2026 - 08:39:35PM] Error: Unable to bind script JaxonzEnhGrabObject (JaxonzEnhGrabObject->ReferenceAlias->Alias) to JaxonzEnhGrabUpdateQuest (CA000D62) because their base types do not match
[07/31/2026 - 08:39:35PM] Error: Unable to bind script JaxonzConsolePlugIn (JaxonzConsolePlugIn) to JaxonzEnhGrabUpdateQuest (CA000D62) because their base types do not match
[07/31/2026 - 08:39:35PM] Error: Script arth_utils_lightswitchtoggle cannot be bound to  (C11C43C3) because the script does not exist or is not currently loaded
[07/31/2026 - 08:39:35PM] Error: Unable to bind script MarriageSleepABScript (MarriageSleepABScript->ActiveMagicEffect) to  (C15C9A10) because their base types do not match
[07/31/2026 - 08:39:35PM] Error: Unable to bind script MarriageSleepABScript (MarriageSleepABScript->ActiveMagicEffect) to  (C15C9A13) because their base types do not match
[07/31/2026 - 08:39:35PM] Error: Unable to bind script dunexplorecompletescript (dunexplorecompletescript->ReferenceAlias->Alias) to  (C00FAE59) because their base types do not match
[07/31/2026 - 08:39:35PM] Error: Unable to bind script ZZDaedraFormQuestScript (ZZDaedraFormQuestScript) to ZZDaedraFormQuest (0B2A5251) because their base types do not match
[07/31/2026 - 08:39:35PM] Error: Script aaaBlackCookingScript cannot be bound to  (791072C8) because the script does not exist or is not currently loaded
[07/31/2026 - 08:39:35PM] Error: Script TimedLightSwitch cannot be bound to  (C206B304) because the script does not exist or is not currently loaded
[07/31/2026 - 08:39:35PM] Error: Script aaaBlackCookingScript cannot be bound to  (7907CF30) because the script does not exist or is not currently loaded
[07/31/2026 - 08:39:35PM] Error: Script TimedLightSwitch cannot be bound to  (C106B304) because the script does not exist or is not currently loaded
[07/31/2026 - 08:39:35PM] Error: Script DT_GateOpenCloseScript cannot be bound to  (6136B791) because the script does not exist or is not currently loaded
[07/31/2026 - 08:39:35PM] Error: Unable to bind script MarriageSleepABScript (MarriageSleepABScript->ActiveMagicEffect) to  (C25C9A10) because their base types do not match
[07/31/2026 - 08:39:35PM] Error: Script BennyShelterReturnChestScript cannot be bound to  (7B13FF7C) because the script does not exist or is not currently loaded
[07/31/2026 - 08:39:35PM] Error: Unable to bind script MarriageSleepABScript (MarriageSleepABScript->ActiveMagicEffect) to  (C25C9A13) because their base types do not match
[07/31/2026 - 08:39:35PM] Error: Script arth_utils_lightswitchtoggle cannot be bound to  (C21C43C3) because the script does not exist or is not currently loaded
[07/31/2026 - 08:39:35PM] Error: Unable to bind script ME_Script_SE_Fix (ME_Script_SE_Fix->Quest->Form) to  (76797A52) because their base types do not match
[07/31/2026 - 08:39:35PM] Error: Unable to bind script ALCWPBH_UndressMagicEffect (ALCWPBH_UndressMagicEffect->ActiveMagicEffect) to  (6E03E1A6) because their base types do not match
[07/31/2026 - 08:39:35PM] Error: Script arth_utils_lightswitchtoggle cannot be bound to  (C11D8911) because the script does not exist or is not currently loaded
[07/31/2026 - 08:39:35PM] Error: Script arth_utils_lightswitchtoggle cannot be bound to  (C11C950C) because the script does not exist or is not currently loaded
[07/31/2026 - 08:39:35PM] Error: Script ARQuest cannot be bound to  (AD038327) because the script does not exist or is not currently loaded
[07/31/2026 - 08:39:35PM] Error: Script DT_GateOpenCloseScript cannot be bound to  (61135DF3) because the script does not exist or is not currently loaded
[07/31/2026 - 08:39:35PM] Error: Script arth_utils_lightswitchtoggle cannot be bound to  (C11ECDA5) because the script does not exist or is not currently loaded
[07/31/2026 - 08:39:35PM] Error: Script ccFFBSSE002_GlobalSetScript cannot be bound to Item 5 in container  (02007B89) because the script does not exist or is not currently loaded
[07/31/2026 - 08:39:35PM] Error: Script TimedLightSwitch cannot be bound to  (C200AA7A) because the script does not exist or is not currently loaded
[07/31/2026 - 08:39:35PM] Error: Unable to bind script EarthForge_MagicArrow_Spell (EarthForge_MagicArrow_Spell->ActiveMagicEffect) to  (1DBE208C) because their base types do not match
[07/31/2026 - 08:39:35PM] Error: Script DT_GateOpenCloseScript cannot be bound to  (61207B20) because the script does not exist or is not currently loaded
[07/31/2026 - 08:39:35PM] Error: Script arth_utils_lightswitchtoggle cannot be bound to  (C11ECDA8) because the script does not exist or is not currently loaded
[07/31/2026 - 08:39:35PM] Error: Script DT_GateOpenCloseScript cannot be bound to  (6138F0C7) because the script does not exist or is not currently loaded
[07/31/2026 - 08:39:35PM] Error: Unable to bind script EarthForge_MagicArrow_Spell (EarthForge_MagicArrow_Spell->ActiveMagicEffect) to  (1DBE2090) because their base types do not match
[07/31/2026 - 08:39:35PM] Error: Unable to bind script SKI_PlayerLoadGameAlias (SKI_PlayerLoadGameAlias->ReferenceAlias->Alias) to CollisionResetConfig (FE036805) because their base types do not match
[07/31/2026 - 08:39:35PM] Error: Unable to bind script CarryActorManualScript (CarryActorManualScript->CarryActorScript->Actor->ObjectReference->Form) to  (C207E29F) because their base types do not match
[07/31/2026 - 08:39:35PM] Error: Script DT_GateOpenCloseScript cannot be bound to  (61338A03) because the script does not exist or is not currently loaded
[07/31/2026 - 08:39:35PM] Error: Unable to bind script CarryActorScript (CarryActorScript->Actor->ObjectReference->Form) to  (C207E29C) because their base types do not match
[07/31/2026 - 08:39:35PM] Error: Script arth_utils_lightswitchtoggle cannot be bound to  (C105BFAD) because the script does not exist or is not currently loaded
[07/31/2026 - 08:39:35PM] Error: Unable to bind script EarthForge_MagicArrow_Spell (EarthForge_MagicArrow_Spell->ActiveMagicEffect) to  (1DBE208D) because their base types do not match
[07/31/2026 - 08:39:35PM] Error: Unable to bind script EarthForge_MagicArrow_Spell (EarthForge_MagicArrow_Spell->ActiveMagicEffect) to  (1DBE208E) because their base types do not match
[07/31/2026 - 08:39:35PM] Error: Unable to bind script EarthForge_MagicArrow_Spell (EarthForge_MagicArrow_Spell->ActiveMagicEffect) to  (1DBE208F) because their base types do not match
[07/31/2026 - 08:39:35PM] Error: Script OBodyMCMScript cannot be bound to OBodyMCMQuest (FE182D69) because the script does not exist or is not currently loaded
[07/31/2026 - 08:39:35PM] Error: Script PRKF_Aur_LordStone_Perk_2_Ab_03000A08 cannot be bound to  (51000A08) because the script does not exist or is not currently loaded
[07/31/2026 - 08:39:35PM] Error: Unable to bind script CarryActorScript (CarryActorScript->Actor->ObjectReference->Form) to  (C216DEB1) because their base types do not match
[07/31/2026 - 08:39:35PM] Error: Unable to bind script CarryActorManualScript (CarryActorManualScript->CarryActorScript->Actor->ObjectReference->Form) to  (C216DEB4) because their base types do not match
[07/31/2026 - 08:39:35PM] Error: Unable to bind script ALCWPBH_UndressMagicEffect (ALCWPBH_UndressMagicEffect->ActiveMagicEffect) to  (6E03E1A7) because their base types do not match
[07/31/2026 - 08:39:35PM] Error: Script arth_utils_lightswitchtoggle cannot be bound to  (C11ECDA2) because the script does not exist or is not currently loaded
[07/31/2026 - 08:39:35PM] Error: Script arth_utils_lightswitchtoggle cannot be bound to  (C170A890) because the script does not exist or is not currently loaded
[07/31/2026 - 08:39:35PM] Error: Script aaaBlackCookingScript cannot be bound to  (790F7EE0) because the script does not exist or is not currently loaded
[07/31/2026 - 08:39:35PM] Error: Unable to bind script CarryActorManualScript (CarryActorManualScript->CarryActorScript->Actor->ObjectReference->Form) to  (C216DEB8) because their base types do not match
[07/31/2026 - 08:39:35PM] Error: Script WRMeadBarrelDrinking cannot be bound to  (68003EF8) because the script does not exist or is not currently loaded
[07/31/2026 - 08:39:35PM] Error: Script DBP_GettoBluePalaceFaction cannot be bound to  (61187321) because the script does not exist or is not currently loaded
[07/31/2026 - 08:39:35PM] Error: Script RDO_DefaultIdleCommentTimer cannot be bound to aa_RDOMaleCondescendingNonHate (96029049) because the script does not exist or is not currently loaded
[07/31/2026 - 08:39:35PM] Error: Script DT_GateOpenCloseScript cannot be bound to  (610BC86B) because the script does not exist or is not currently loaded
[07/31/2026 - 08:39:35PM] Error: Script TimedLightSwitch cannot be bound to  (C100AA7A) because the script does not exist or is not currently loaded
[07/31/2026 - 08:39:35PM] Error: Script arth_utils_lightswitchtoggle cannot be bound to  (C170A88D) because the script does not exist or is not currently loaded
[07/31/2026 - 08:39:35PM] Error: Script activatescript cannot be bound to  (0D5A754C) because the script does not exist or is not currently loaded
[07/31/2026 - 08:39:35PM] Error: Unable to bind script AA_DCK_UndressMagicEffect (AA_DCK_UndressMagicEffect->ActiveMagicEffect) to  (6E0432AE) because their base types do not match
[07/31/2026 - 08:39:35PM] Error: Script aaaRedspireIngredientStorageScript cannot be bound to  (790A5BBF) because the script does not exist or is not currently loaded
[07/31/2026 - 08:39:36PM] Loading game...
[07/31/2026 - 08:39:36PM] Error: Unable to bind script Placeable_SetInIBool (Placeable_SetInIBool) to alias Campfire_Unleashed_Quest on quest Placeable_Skyrim_Settlement_Quest (1643EFE6) because their base types do not match
[07/31/2026 - 08:39:36PM] Error: Unable to bind script defaultsetstageonplayeracquireitem (defaultsetstageonplayeracquireitem->ObjectReference->Form) to alias decree on quest GoodStormcloaks (2B000D62) because their base types do not match
[07/31/2026 - 08:39:36PM] Error: Unable to bind script aaaShipQuestCompleteScript (aaaShipQuestCompleteScript->ObjectReference->Form) to alias TheScarlett on quest aaaShipQuest (790595DE) because their base types do not match
[07/31/2026 - 08:39:36PM] Error: Unable to bind script Lvx_Player_Travel_Script (Lvx_Player_Travel_Script) to alias Player_Travel on quest Lvx_AirShip_Quest (7200537A) because their base types do not match
[07/31/2026 - 08:39:36PM] Error: Unable to bind script aaaLostportRebuildQuestCompleteScript (aaaLostportRebuildQuestCompleteScript->ObjectReference->Form) to alias CompleteWorkbench on quest aaaLostportRebuildQuest (790D4659) because their base types do not match
[07/31/2026 - 08:39:36PM] Error: Unable to bind script aaaSSAToolsTimeCtrlScript (aaaSSAToolsTimeCtrlScript->ActiveMagicEffect) to alias aaaSSATime on quest aaaSSAToolsTimeCtrlQuest (FE1E4815) because their base types do not match
[07/31/2026 - 08:39:36PM] Error: Unable to bind script aaaSSAToolsWeatherCtrlScript (aaaSSAToolsWeatherCtrlScript->ActiveMagicEffect) to alias aaaSSAWeather on quest aaaSSAToolsWeatherCtrlQuest (FE1E4816) because their base types do not match
[07/31/2026 - 08:39:36PM] warning: Property knockBackExplosion on script dragonactorscript attached to  (000FDBB1) cannot be initialized because the script no longer contains that property
[07/31/2026 - 08:39:36PM] warning: Property SnowDragonSkin on script dragonactorscript attached to  (000FDBB1) cannot be initialized because the script no longer contains that property
[07/31/2026 - 08:39:36PM] warning: Property forestDragonSkin on script dragonactorscript attached to  (000FDBB1) cannot be initialized because the script no longer contains that property
[07/31/2026 - 08:39:36PM] warning: Property TundraDragonSkin on script dragonactorscript attached to  (000FDBB1) cannot be initialized because the script no longer contains that property
[07/31/2026 - 08:39:36PM] warning: Property knockBackExplosion on script dragonactorscript attached to  (000FDBB0) cannot be initialized because the script no longer contains that property
[07/31/2026 - 08:39:36PM] warning: Property SnowDragonSkin on script dragonactorscript attached to  (000FDBB0) cannot be initialized because the script no longer contains that property
[07/31/2026 - 08:39:36PM] warning: Property forestDragonSkin on script dragonactorscript attached to  (000FDBB0) cannot be initialized because the script no longer contains that property
[07/31/2026 - 08:39:36PM] warning: Property TundraDragonSkin on script dragonactorscript attached to  (000FDBB0) cannot be initialized because the script no longer contains that property
[07/31/2026 - 08:39:36PM] warning: Property knockBackExplosion on script dragonactorscript attached to  (000936AD) cannot be initialized because the script no longer contains that property
[07/31/2026 - 08:39:36PM] warning: Property SnowDragonSkin on script dragonactorscript attached to  (000936AD) cannot be initialized because the script no longer contains that property
[07/31/2026 - 08:39:36PM] warning: Property forestDragonSkin on script dragonactorscript attached to  (000936AD) cannot be initialized because the script no longer contains that property
[07/31/2026 - 08:39:36PM] warning: Property TundraDragonSkin on script dragonactorscript attached to  (000936AD) cannot be initialized because the script no longer contains that property
[07/31/2026 - 08:39:36PM] warning: Property ME_G_GhostDeath on script Me_Script_Fireplace attached to  (7609EA86) cannot be initialized because the script no longer contains that property
[07/31/2026 - 08:39:36PM] warning: Property ME_Ref_Ghost on script Me_Script_Fireplace attached to  (7609EA86) cannot be initialized because the script no longer contains that property
[07/31/2026 - 08:39:36PM] warning: Property ME_Ref_FireplaceMarkers on script Me_Script_Fireplace attached to  (7609EA86) cannot be initialized because the script no longer contains that property
[07/31/2026 - 08:39:36PM] warning: Property ME_X_RitualSpot on script Me_Script_Fireplace attached to  (7609EA86) cannot be initialized because the script no longer contains that property
[07/31/2026 - 08:39:36PM] warning: Property ME_FL_SpawnMarker on script Me_Script_Fireplace attached to  (7609EA86) cannot be initialized because the script no longer contains that property
[07/31/2026 - 08:39:36PM] warning: Property bModActive on script jaxonzenhgrab attached to JaxonzEnhGrabUpdateQuest (CA000D62) cannot be initialized because the script no longer contains that property
[07/31/2026 - 08:39:36PM] warning: Property knockBackExplosion on script dragonactorscript attached to  (000A1941) cannot be initialized because the script no longer contains that property
[07/31/2026 - 08:39:36PM] warning: Property SnowDragonSkin on script dragonactorscript attached to  (000A1941) cannot be initialized because the script no longer contains that property
[07/31/2026 - 08:39:36PM] warning: Property forestDragonSkin on script dragonactorscript attached to  (000A1941) cannot be initialized because the script no longer contains that property
[07/31/2026 - 08:39:36PM] warning: Property TundraDragonSkin on script dragonactorscript attached to  (000A1941) cannot be initialized because the script no longer contains that property
[07/31/2026 - 08:39:36PM] warning: Property PlayerRef on script Placeable_MISC_Placement_Script attached to Item 173 in container  (16002789) cannot be initialized because the script no longer contains that property
[07/31/2026 - 08:39:36PM] warning: Property ME_G_GhostDeath on script Me_Script_Fireplace attached to  (7616ECFF) cannot be initialized because the script no longer contains that property
[07/31/2026 - 08:39:36PM] warning: Property ME_X_RitualSpot on script Me_Script_Fireplace attached to  (7616ECFF) cannot be initialized because the script no longer contains that property
[07/31/2026 - 08:39:36PM] warning: Property ME_Ref_FireplaceMarkers on script Me_Script_Fireplace attached to  (7616ECFF) cannot be initialized because the script no longer contains that property
[07/31/2026 - 08:39:36PM] warning: Property ME_FL_SpawnMarker on script Me_Script_Fireplace attached to  (7616ECFF) cannot be initialized because the script no longer contains that property
[07/31/2026 - 08:39:36PM] warning: Property ME_Ref_Ghost on script Me_Script_Fireplace attached to  (7616ECFF) cannot be initialized because the script no longer contains that property
[07/31/2026 - 08:39:36PM] warning: Property ME_G_GhostDeath on script Me_Script_Fireplace attached to  (7609EA7F) cannot be initialized because the script no longer contains that property
[07/31/2026 - 08:39:36PM] warning: Property ME_Ref_Ghost on script Me_Script_Fireplace attached to  (7609EA7F) cannot be initialized because the script no longer contains that property
[07/31/2026 - 08:39:36PM] warning: Property ME_Ref_FireplaceMarkers on script Me_Script_Fireplace attached to  (7609EA7F) cannot be initialized because the script no longer contains that property
[07/31/2026 - 08:39:36PM] warning: Property ME_X_RitualSpot on script Me_Script_Fireplace attached to  (7609EA7F) cannot be initialized because the script no longer contains that property
[07/31/2026 - 08:39:36PM] warning: Property ME_FL_SpawnMarker on script Me_Script_Fireplace attached to  (7609EA7F) cannot be initialized because the script no longer contains that property
[07/31/2026 - 08:39:36PM] warning: Property ShadeKills on script OlenShadeKILLz attached to  (0A6E02C3) cannot be initialized because the script no longer contains that property
[07/31/2026 - 08:39:36PM] warning: Property knockBackExplosion on script dragonactorscript attached to  (000A194B) cannot be initialized because the script no longer contains that property
[07/31/2026 - 08:39:36PM] warning: Property SnowDragonSkin on script dragonactorscript attached to  (000A194B) cannot be initialized because the script no longer contains that property
[07/31/2026 - 08:39:36PM] warning: Property forestDragonSkin on script dragonactorscript attached to  (000A194B) cannot be initialized because the script no longer contains that property
[07/31/2026 - 08:39:36PM] warning: Property TundraDragonSkin on script dragonactorscript attached to  (000A194B) cannot be initialized because the script no longer contains that property
[07/31/2026 - 08:39:36PM] warning: Property knockBackExplosion on script dragonactorscript attached to  (0008BC83) cannot be initialized because the script no longer contains that property
[07/31/2026 - 08:39:36PM] warning: Property SnowDragonSkin on script dragonactorscript attached to  (0008BC83) cannot be initialized because the script no longer contains that property
[07/31/2026 - 08:39:36PM] warning: Property forestDragonSkin on script dragonactorscript attached to  (0008BC83) cannot be initialized because the script no longer contains that property
[07/31/2026 - 08:39:36PM] warning: Property TundraDragonSkin on script dragonactorscript attached to  (0008BC83) cannot be initialized because the script no longer contains that property
[07/31/2026 - 08:39:36PM] warning: Property DirtinessSpellList on script mzinbathequest attached to mzinBatheQuest (AE0279ED) cannot be initialized because the script no longer contains that property
[07/31/2026 - 08:39:36PM] warning: Property BathingInSkyrimEnabled on script mzinbathequest attached to mzinBatheQuest (AE0279ED) cannot be initialized because the script no longer contains that property
[07/31/2026 - 08:39:36PM] warning: Property PlayShowerAnimationWithSoap on script mzinbathequest attached to mzinBatheQuest (AE0279ED) cannot be initialized because the script no longer contains that property
[07/31/2026 - 08:39:36PM] warning: Property PlayBatheAnimationWithSoap on script mzinbathequest attached to mzinBatheQuest (AE0279ED) cannot be initialized because the script no longer contains that property
[07/31/2026 - 08:39:36PM] warning: Property WaterList on script mzinbathequest attached to mzinBatheQuest (AE0279ED) cannot be initialized because the script no longer contains that property
[07/31/2026 - 08:39:36PM] warning: Property DefaultBatheAttemptSpell on script mzinbathequest attached to mzinBatheQuest (AE0279ED) cannot be initialized because the script no longer contains that property
[07/31/2026 - 08:39:36PM] warning: Property BatheKeyCode on script mzinbathequest attached to mzinBatheQuest (AE0279ED) cannot be initialized because the script no longer contains that property
[07/31/2026 - 08:39:36PM] warning: Property PlayBatheAnimationWithoutSoap on script mzinbathequest attached to mzinBatheQuest (AE0279ED) cannot be initialized because the script no longer contains that property
[07/31/2026 - 08:39:36PM] warning: Property BatheAttemptSpellList on script mzinbathequest attached to mzinBatheQuest (AE0279ED) cannot be initialized because the script no longer contains that property
[07/31/2026 - 08:39:36PM] warning: Property CheckStatusKeyCode on script mzinbathequest attached to mzinBatheQuest (AE0279ED) cannot be initialized because the script no longer contains that property
[07/31/2026 - 08:39:36PM] warning: Property PlayShowerAnimationWithoutSoap on script mzinbathequest attached to mzinBatheQuest (AE0279ED) cannot be initialized because the script no longer contains that property
[07/31/2026 - 08:39:36PM] warning: Property ShowerKeyCode on script mzinbathequest attached to mzinBatheQuest (AE0279ED) cannot be initialized because the script no longer contains that property
[07/31/2026 - 08:39:36PM] warning: Property DirtinessStatusMessage on script mzinbathequest attached to mzinBatheQuest (AE0279ED) cannot be initialized because the script no longer contains that property
[07/31/2026 - 08:39:36PM] warning: Property MS01WeylinBeserk on script RDO_KaieConfrontQuestFragments attached to a_RDOKaieConfrontPlayer (96CE742C) cannot be initialized because the script no longer contains that property
[07/31/2026 - 08:39:36PM] warning: Property PerkName on script tc_ShardShrine attached to  (C0132A4E) cannot be initialized because the script no longer contains that property
[07/31/2026 - 08:39:36PM] warning: Property PlayerRef on script Placeable_MISC_Placement_Script attached to Item 126 in container  (16002789) cannot be initialized because the script no longer contains that property
[07/31/2026 - 08:39:36PM] warning: Property knockBackExplosion on script dragonactorscript attached to  (0005A6CA) cannot be initialized because the script no longer contains that property
[07/31/2026 - 08:39:36PM] warning: Property SnowDragonSkin on script dragonactorscript attached to  (0005A6CA) cannot be initialized because the script no longer contains that property
[07/31/2026 - 08:39:36PM] warning: Property forestDragonSkin on script dragonactorscript attached to  (0005A6CA) cannot be initialized because the script no longer contains that property
[07/31/2026 - 08:39:36PM] warning: Property TundraDragonSkin on script dragonactorscript attached to  (0005A6CA) cannot be initialized because the script no longer contains that property
[07/31/2026 - 08:39:36PM] warning: Property knockBackExplosion on script dragonactorscript attached to  (0008BC85) cannot be initialized because the script no longer contains that property
[07/31/2026 - 08:39:36PM] warning: Property SnowDragonSkin on script dragonactorscript attached to  (0008BC85) cannot be initialized because the script no longer contains that property
[07/31/2026 - 08:39:36PM] warning: Property forestDragonSkin on script dragonactorscript attached to  (0008BC85) cannot be initialized because the script no longer contains that property
[07/31/2026 - 08:39:36PM] warning: Property TundraDragonSkin on script dragonactorscript attached to  (0008BC85) cannot be initialized because the script no longer contains that property
[07/31/2026 - 08:39:36PM] warning: Property knockBackExplosion on script dragonactorscript attached to  (0008BC84) cannot be initialized because the script no longer contains that property
[07/31/2026 - 08:39:36PM] warning: Property SnowDragonSkin on script dragonactorscript attached to  (0008BC84) cannot be initialized because the script no longer contains that property
[07/31/2026 - 08:39:36PM] warning: Property forestDragonSkin on script dragonactorscript attached to  (0008BC84) cannot be initialized because the script no longer contains that property
[07/31/2026 - 08:39:36PM] warning: Property TundraDragonSkin on script dragonactorscript attached to  (0008BC84) cannot be initialized because the script no longer contains that property
[07/31/2026 - 08:39:36PM] warning: Property knockBackExplosion on script dragonactorscript attached to  (6B006AD5) cannot be initialized because the script no longer contains that property
[07/31/2026 - 08:39:36PM] warning: Property SnowDragonSkin on script dragonactorscript attached to  (6B006AD5) cannot be initialized because the script no longer contains that property
[07/31/2026 - 08:39:36PM] warning: Property forestDragonSkin on script dragonactorscript attached to  (6B006AD5) cannot be initialized because the script no longer contains that property
[07/31/2026 - 08:39:36PM] warning: Property TundraDragonSkin on script dragonactorscript attached to  (6B006AD5) cannot be initialized because the script no longer contains that property
[07/31/2026 - 08:39:36PM] warning: Property MasterMask on script uskpretroactive204script attached to USKPRetroactive204 (07012C3A) cannot be initialized because the script no longer contains that property
[07/31/2026 - 08:39:36PM] warning: Property MaskBust3 on script uskpretroactive204script attached to USKPRetroactive204 (07012C3A) cannot be initialized because the script no longer contains that property
[07/31/2026 - 08:39:36PM] warning: Property MaskChest1 on script uskpretroactive204script attached to USKPRetroactive204 (07012C3A) cannot be initialized because the script no longer contains that property
[07/31/2026 - 08:39:36PM] warning: Property MaskChest4 on script uskpretroactive204script attached to USKPRetroactive204 (07012C3A) cannot be initialized because the script no longer contains that property
[07/31/2026 - 08:39:36PM] warning: Property MasterMaskChest on script uskpretroactive204script attached to USKPRetroactive204 (07012C3A) cannot be initialized because the script no longer contains that property
[07/31/2026 - 08:39:36PM] warning: Property MaskChest3 on script uskpretroactive204script attached to USKPRetroactive204 (07012C3A) cannot be initialized because the script no longer contains that property
[07/31/2026 - 08:39:36PM] warning: Property MaskChest5 on script uskpretroactive204script attached to USKPRetroactive204 (07012C3A) cannot be initialized because the script no longer contains that property
[07/31/2026 - 08:39:36PM] warning: Property MaskChest7 on script uskpretroactive204script attached to USKPRetroactive204 (07012C3A) cannot be initialized because the script no longer contains that property
[07/31/2026 - 08:39:36PM] warning: Property MaskBust6 on script uskpretroactive204script attached to USKPRetroactive204 (07012C3A) cannot be initialized because the script no longer contains that property
[07/31/2026 - 08:39:36PM] warning: Property MaskChest8 on script uskpretroactive204script attached to USKPRetroactive204 (07012C3A) cannot be initialized because the script no longer contains that property
[07/31/2026 - 08:39:36PM] warning: Property MaskBust7 on script uskpretroactive204script attached to USKPRetroactive204 (07012C3A) cannot be initialized because the script no longer contains that property
[07/31/2026 - 08:39:36PM] warning: Property MaskBust1 on script uskpretroactive204script attached to USKPRetroactive204 (07012C3A) cannot be initialized because the script no longer contains that property
[07/31/2026 - 08:39:36PM] warning: Property MaskBust4 on script uskpretroactive204script attached to USKPRetroactive204 (07012C3A) cannot be initialized because the script no longer contains that property
[07/31/2026 - 08:39:36PM] warning: Property MaskBust8 on script uskpretroactive204script attached to USKPRetroactive204 (07012C3A) cannot be initialized because the script no longer contains that property
[07/31/2026 - 08:39:36PM] warning: Property MaskBust5 on script uskpretroactive204script attached to USKPRetroactive204 (07012C3A) cannot be initialized because the script no longer contains that property
[07/31/2026 - 08:39:36PM] warning: Property MaskChest2 on script uskpretroactive204script attached to USKPRetroactive204 (07012C3A) cannot be initialized because the script no longer contains that property
[07/31/2026 - 08:39:36PM] warning: Property MaskChest6 on script uskpretroactive204script attached to USKPRetroactive204 (07012C3A) cannot be initialized because the script no longer contains that property
[07/31/2026 - 08:39:36PM] warning: Property MaskBust2 on script uskpretroactive204script attached to USKPRetroactive204 (07012C3A) cannot be initialized because the script no longer contains that property
[07/31/2026 - 08:39:36PM] warning: Property knockBackExplosion on script dragonactorscript attached to  (000FDBAF) cannot be initialized because the script no longer contains that property
[07/31/2026 - 08:39:36PM] warning: Property SnowDragonSkin on script dragonactorscript attached to  (000FDBAF) cannot be initialized because the script no longer contains that property
[07/31/2026 - 08:39:36PM] warning: Property forestDragonSkin on script dragonactorscript attached to  (000FDBAF) cannot be initialized because the script no longer contains that property
[07/31/2026 - 08:39:36PM] warning: Property TundraDragonSkin on script dragonactorscript attached to  (000FDBAF) cannot be initialized because the script no longer contains that property
[07/31/2026 - 08:39:36PM] warning: Property PlayerRef on script Placeable_MISC_Placement_Script attached to Item 134 in container  (16002789) cannot be initialized because the script no longer contains that property
[07/31/2026 - 08:39:36PM] warning: Property RaceChangerInitMessage on script RaceChangerscript attached to alias PlayerChangingRace on quest RaceChangerQuest (4D00945D) cannot be initialized because the script no longer contains that property
[07/31/2026 - 08:39:36PM] warning: Property knockBackExplosion on script dragonactorscript attached to  (000FD688) cannot be initialized because the script no longer contains that property
[07/31/2026 - 08:39:36PM] warning: Property SnowDragonSkin on script dragonactorscript attached to  (000FD688) cannot be initialized because the script no longer contains that property
[07/31/2026 - 08:39:36PM] warning: Property forestDragonSkin on script dragonactorscript attached to  (000FD688) cannot be initialized because the script no longer contains that property
[07/31/2026 - 08:39:36PM] warning: Property TundraDragonSkin on script dragonactorscript attached to  (000FD688) cannot be initialized because the script no longer contains that property
[07/31/2026 - 08:39:36PM] warning: Property RBMORTHALBURNTPROPERTY on script RedBagsMorthalBurntHouseScript attached to  (60052558) cannot be initialized because the script no longer contains that property
[07/31/2026 - 08:39:36PM] warning: Property ShadeKills on script OlenShadeKILLz attached to  (0A6E02D7) cannot be initialized because the script no longer contains that property
[07/31/2026 - 08:39:36PM] Error: Property UpdateSpell on script AixUpdateScript attached to alias PlayerUpdater on quest AixUpdater (FE04B888) cannot be bound because  (FE04B802) is not the right type
[07/31/2026 - 08:39:36PM] warning: Property knockBackExplosion on script dragonactorscript attached to  (000936BE) cannot be initialized because the script no longer contains that property
[07/31/2026 - 08:39:36PM] warning: Property SnowDragonSkin on script dragonactorscript attached to  (000936BE) cannot be initialized because the script no longer contains that property
[07/31/2026 - 08:39:36PM] warning: Property forestDragonSkin on script dragonactorscript attached to  (000936BE) cannot be initialized because the script no longer contains that property
[07/31/2026 - 08:39:36PM] warning: Property TundraDragonSkin on script dragonactorscript attached to  (000936BE) cannot be initialized because the script no longer contains that property
[07/31/2026 - 08:39:36PM] warning: Property knockBackExplosion on script dragonactorscript attached to  (0009FBEE) cannot be initialized because the script no longer contains that property
[07/31/2026 - 08:39:36PM] warning: Property SnowDragonSkin on script dragonactorscript attached to  (0009FBEE) cannot be initialized because the script no longer contains that property
[07/31/2026 - 08:39:36PM] warning: Property forestDragonSkin on script dragonactorscript attached to  (0009FBEE) cannot be initialized because the script no longer contains that property
[07/31/2026 - 08:39:36PM] warning: Property TundraDragonSkin on script dragonactorscript attached to  (0009FBEE) cannot be initialized because the script no longer contains that property
[07/31/2026 - 08:39:36PM] warning: Property knockBackExplosion on script dragonactorscript attached to  (04019ACC) cannot be initialized because the script no longer contains that property
[07/31/2026 - 08:39:36PM] warning: Property forestDragonSkin on script dragonactorscript attached to  (04019ACC) cannot be initialized because the script no longer contains that property
[07/31/2026 - 08:39:36PM] warning: Property TundraDragonSkin on script dragonactorscript attached to  (04019ACC) cannot be initialized because the script no longer contains that property
[07/31/2026 - 08:39:36PM] warning: Property SnowDragonSkin on script dragonactorscript attached to  (04019ACC) cannot be initialized because the script no longer contains that property
[07/31/2026 - 08:39:36PM] warning: Property knockBackExplosion on script dragonactorscript attached to  (00034DDB) cannot be initialized because the script no longer contains that property
[07/31/2026 - 08:39:36PM] warning: Property SnowDragonSkin on script dragonactorscript attached to  (00034DDB) cannot be initialized because the script no longer contains that property
[07/31/2026 - 08:39:36PM] warning: Property forestDragonSkin on script dragonactorscript attached to  (00034DDB) cannot be initialized because the script no longer contains that property
[07/31/2026 - 08:39:36PM] warning: Property TundraDragonSkin on script dragonactorscript attached to  (00034DDB) cannot be initialized because the script no longer contains that property
[07/31/2026 - 08:39:36PM] warning: Property knockBackExplosion on script dragonactorscript attached to  (0A46FE41) cannot be initialized because the script no longer contains that property
[07/31/2026 - 08:39:36PM] warning: Property knockBackExplosion on script dragonactorscript attached to  (0009E07D) cannot be initialized because the script no longer contains that property
[07/31/2026 - 08:39:36PM] warning: Property SnowDragonSkin on script dragonactorscript attached to  (0009E07D) cannot be initialized because the script no longer contains that property
[07/31/2026 - 08:39:36PM] warning: Property forestDragonSkin on script dragonactorscript attached to  (0009E07D) cannot be initialized because the script no longer contains that property
[07/31/2026 - 08:39:36PM] warning: Property TundraDragonSkin on script dragonactorscript attached to  (0009E07D) cannot be initialized because the script no longer contains that property
[07/31/2026 - 08:39:36PM] warning: Property knockBackExplosion on script dragonactorscript attached to  (0009E07F) cannot be initialized because the script no longer contains that property
[07/31/2026 - 08:39:36PM] warning: Property SnowDragonSkin on script dragonactorscript attached to  (0009E07F) cannot be initialized because the script no longer contains that property
[07/31/2026 - 08:39:36PM] warning: Property forestDragonSkin on script dragonactorscript attached to  (0009E07F) cannot be initialized because the script no longer contains that property
[07/31/2026 - 08:39:36PM] warning: Property TundraDragonSkin on script dragonactorscript attached to  (0009E07F) cannot be initialized because the script no longer contains that property
[07/31/2026 - 08:39:36PM] warning: Property knockBackExplosion on script dragonactorscript attached to  (0009E082) cannot be initialized because the script no longer contains that property
[07/31/2026 - 08:39:36PM] warning: Property SnowDragonSkin on script dragonactorscript attached to  (0009E082) cannot be initialized because the script no longer contains that property
[07/31/2026 - 08:39:36PM] warning: Property forestDragonSkin on script dragonactorscript attached to  (0009E082) cannot be initialized because the script no longer contains that property
[07/31/2026 - 08:39:36PM] warning: Property TundraDragonSkin on script dragonactorscript attached to  (0009E082) cannot be initialized because the script no longer contains that property
[07/31/2026 - 08:39:36PM] warning: Property knockBackExplosion on script dragonactorscript attached to  (0009E085) cannot be initialized because the script no longer contains that property
[07/31/2026 - 08:39:36PM] warning: Property SnowDragonSkin on script dragonactorscript attached to  (0009E085) cannot be initialized because the script no longer contains that property
[07/31/2026 - 08:39:36PM] warning: Property forestDragonSkin on script dragonactorscript attached to  (0009E085) cannot be initialized because the script no longer contains that property
[07/31/2026 - 08:39:36PM] warning: Property TundraDragonSkin on script dragonactorscript attached to  (0009E085) cannot be initialized because the script no longer contains that property
[07/31/2026 - 08:39:36PM] warning: Property knockBackExplosion on script dragonactorscript attached to  (0004E9BD) cannot be initialized because the script no longer contains that property
[07/31/2026 - 08:39:36PM] warning: Property SnowDragonSkin on script dragonactorscript attached to  (0004E9BD) cannot be initialized because the script no longer contains that property
[07/31/2026 - 08:39:36PM] warning: Property forestDragonSkin on script dragonactorscript attached to  (0004E9BD) cannot be initialized because the script no longer contains that property
[07/31/2026 - 08:39:36PM] warning: Property TundraDragonSkin on script dragonactorscript attached to  (0004E9BD) cannot be initialized because the script no longer contains that property
[07/31/2026 - 08:39:36PM] warning: Property knockBackExplosion on script dragonactorscript attached to  (0009E08E) cannot be initialized because the script no longer contains that property
[07/31/2026 - 08:39:36PM] warning: Property SnowDragonSkin on script dragonactorscript attached to  (0009E08E) cannot be initialized because the script no longer contains that property
[07/31/2026 - 08:39:36PM] warning: Property forestDragonSkin on script dragonactorscript attached to  (0009E08E) cannot be initialized because the script no longer contains that property
[07/31/2026 - 08:39:36PM] warning: Property TundraDragonSkin on script dragonactorscript attached to  (0009E08E) cannot be initialized because the script no longer contains that property
[07/31/2026 - 08:39:36PM] warning: Property knockBackExplosion on script dragonactorscript attached to  (04039887) cannot be initialized because the script no longer contains that property
[07/31/2026 - 08:39:36PM] warning: Property SnowDragonSkin on script dragonactorscript attached to  (04039887) cannot be initialized because the script no longer contains that property
[07/31/2026 - 08:39:36PM] warning: Property forestDragonSkin on script dragonactorscript attached to  (04039887) cannot be initialized because the script no longer contains that property
[07/31/2026 - 08:39:36PM] warning: Property TundraDragonSkin on script dragonactorscript attached to  (04039887) cannot be initialized because the script no longer contains that property
[07/31/2026 - 08:39:36PM] warning: Property PlayerRef on script Placeable_MISC_Placement_Script attached to Item 171 in container  (16002789) cannot be initialized because the script no longer contains that property
[07/31/2026 - 08:39:36PM] warning: Property knockBackExplosion on script dragonactorscript attached to  (0009E088) cannot be initialized because the script no longer contains that property
[07/31/2026 - 08:39:36PM] warning: Property SnowDragonSkin on script dragonactorscript attached to  (0009E088) cannot be initialized because the script no longer contains that property
[07/31/2026 - 08:39:36PM] warning: Property forestDragonSkin on script dragonactorscript attached to  (0009E088) cannot be initialized because the script no longer contains that property
[07/31/2026 - 08:39:36PM] warning: Property TundraDragonSkin on script dragonactorscript attached to  (0009E088) cannot be initialized because the script no longer contains that property
[07/31/2026 - 08:39:36PM] warning: Property knockBackExplosion on script dragonactorscript attached to  (0009E08B) cannot be initialized because the script no longer contains that property
[07/31/2026 - 08:39:36PM] warning: Property SnowDragonSkin on script dragonactorscript attached to  (0009E08B) cannot be initialized because the script no longer contains that property
[07/31/2026 - 08:39:36PM] warning: Property forestDragonSkin on script dragonactorscript attached to  (0009E08B) cannot be initialized because the script no longer contains that property
[07/31/2026 - 08:39:36PM] warning: Property TundraDragonSkin on script dragonactorscript attached to  (0009E08B) cannot be initialized because the script no longer contains that property
[07/31/2026 - 08:39:36PM] warning: Property ThaneDialogue on script QF_TrThMakeThaneQuest_02026643 attached to TrThMakeThaneQuest (B3026643) cannot be initialized because the script no longer contains that property
[07/31/2026 - 08:39:36PM] warning: Property ME_G_GhostDeath on script ME_Script_Ghost attached to  (762676C1) cannot be initialized because the script no longer contains that property
[07/31/2026 - 08:39:36PM] warning: Property knockBackExplosion on script dragonactorscript attached to  (00032AC2) cannot be initialized because the script no longer contains that property
[07/31/2026 - 08:39:36PM] warning: Property SnowDragonSkin on script dragonactorscript attached to  (00032AC2) cannot be initialized because the script no longer contains that property
[07/31/2026 - 08:39:36PM] warning: Property forestDragonSkin on script dragonactorscript attached to  (00032AC2) cannot be initialized because the script no longer contains that property
[07/31/2026 - 08:39:36PM] warning: Property TundraDragonSkin on script dragonactorscript attached to  (00032AC2) cannot be initialized because the script no longer contains that property
[07/31/2026 - 08:39:36PM] warning: Property EndFX on script Placeable_CreativeMode_Anvil attached to  (16A68504) cannot be initialized because the script no longer contains that property
[07/31/2026 - 08:39:36PM] warning: Property PlayerRef on script Placeable_MISC_Placement_Script attached to Item 172 in container  (16002789) cannot be initialized because the script no longer contains that property
[07/31/2026 - 08:39:36PM] warning: Property EnchRedFXShader on script xGSxSortingChest attached to  (5500FBD3) cannot be initialized because the script no longer contains that property
[07/31/2026 - 08:39:36PM] warning: Property TimerEffectStartWaitTime on script xGSxSortingChest attached to  (5500FBD3) cannot be initialized because the script no longer contains that property
[07/31/2026 - 08:39:36PM] warning: Property TimerFunctionStartWaitTime on script xGSxSortingChest attached to  (5500FBD3) cannot be initialized because the script no longer contains that property
[07/31/2026 - 08:39:36PM] warning: Property TimerEffectEndWaitTime on script xGSxSortingChest attached to  (5500FBD3) cannot be initialized because the script no longer contains that property
[07/31/2026 - 08:39:36PM] warning: Property TimerEffectShaderPlayTime on script xGSxSortingChest attached to  (5500FBD3) cannot be initialized because the script no longer contains that property
[07/31/2026 - 08:39:36PM] warning: Property knockBackExplosion on script dragonactorscript attached to  (00060BAE) cannot be initialized because the script no longer contains that property
[07/31/2026 - 08:39:36PM] warning: Property SnowDragonSkin on script dragonactorscript attached to  (00060BAE) cannot be initialized because the script no longer contains that property
[07/31/2026 - 08:39:36PM] warning: Property forestDragonSkin on script dragonactorscript attached to  (00060BAE) cannot be initialized because the script no longer contains that property
[07/31/2026 - 08:39:36PM] warning: Property TundraDragonSkin on script dragonactorscript attached to  (00060BAE) cannot be initialized because the script no longer contains that property
[07/31/2026 - 08:39:36PM] warning: Property knockBackExplosion on script dragonactorscript attached to  (000F6851) cannot be initialized because the script no longer contains that property
[07/31/2026 - 08:39:36PM] warning: Property SnowDragonSkin on script dragonactorscript attached to  (000F6851) cannot be initialized because the script no longer contains that property
[07/31/2026 - 08:39:36PM] warning: Property forestDragonSkin on script dragonactorscript attached to  (000F6851) cannot be initialized because the script no longer contains that property
[07/31/2026 - 08:39:36PM] warning: Property TundraDragonSkin on script dragonactorscript attached to  (000F6851) cannot be initialized because the script no longer contains that property
[07/31/2026 - 08:39:36PM] warning: Property knockBackExplosion on script dragonactorscript attached to  (0009E091) cannot be initialized because the script no longer contains that property
[07/31/2026 - 08:39:36PM] warning: Property SnowDragonSkin on script dragonactorscript attached to  (0009E091) cannot be initialized because the script no longer contains that property
[07/31/2026 - 08:39:36PM] warning: Property forestDragonSkin on script dragonactorscript attached to  (0009E091) cannot be initialized because the script no longer contains that property
[07/31/2026 - 08:39:36PM] warning: Property TundraDragonSkin on script dragonactorscript attached to  (0009E091) cannot be initialized because the script no longer contains that property
[07/31/2026 - 08:39:36PM] warning: Property USSEPElevatorPowerRequiredMessage on script blackreachExitElevatorScript attached to  (000EF933) cannot be initialized because the script no longer contains that property
[07/31/2026 - 08:39:36PM] warning: Property AliasClearingNPC on script PF_TrThUniquePerksMarkarthHo_02039A76 attached to  (B3039A76) cannot be initialized because the script no longer contains that property
[07/31/2026 - 08:39:36PM] warning: Property TravelAlias on script PF_TrThUniquePerksMarkarthHo_02039A76 attached to  (B3039A76) cannot be initialized because the script no longer contains that property
[07/31/2026 - 08:39:36PM] warning: Property FishingMod01 on script ME_Script_TravelBoat attached to  (763BB00A) cannot be initialized because the script no longer contains that property
[07/31/2026 - 08:39:36PM] warning: Property FishingMod03 on script ME_Script_TravelBoat attached to  (763BB00A) cannot be initialized because the script no longer contains that property
[07/31/2026 - 08:39:36PM] warning: Property FishingMod02 on script ME_Script_TravelBoat attached to  (763BB00A) cannot be initialized because the script no longer contains that property
[07/31/2026 - 08:39:36PM] warning: Property NazeemREF on script StuckOnScreenFixAliasScript attached to alias Player on quest StuckOnScreenFixQuest (FE037D62) cannot be initialized because the script no longer contains that property
[07/31/2026 - 08:39:36PM] warning: Property someTopic on script StuckOnScreenFixAliasScript attached to alias Player on quest StuckOnScreenFixQuest (FE037D62) cannot be initialized because the script no longer contains that property
[07/31/2026 - 08:39:36PM] warning: Property AliasClearingNPC on script PF_TrThUniquePerksMarkarthHo_02039A73 attached to  (B3039A73) cannot be initialized because the script no longer contains that property
[07/31/2026 - 08:39:36PM] warning: Property TravelAlias on script PF_TrThUniquePerksMarkarthHo_02039A73 attached to  (B3039A73) cannot be initialized because the script no longer contains that property
[07/31/2026 - 08:39:36PM] warning: Property knockBackExplosion on script dragonactorscript attached to  (0401F99A) cannot be initialized because the script no longer contains that property
[07/31/2026 - 08:39:36PM] warning: Property SnowDragonSkin on script dragonactorscript attached to  (0401F99A) cannot be initialized because the script no longer contains that property
[07/31/2026 - 08:39:36PM] warning: Property forestDragonSkin on script dragonactorscript attached to  (0401F99A) cannot be initialized because the script no longer contains that property
[07/31/2026 - 08:39:36PM] warning: Property TundraDragonSkin on script dragonactorscript attached to  (0401F99A) cannot be initialized because the script no longer contains that property
[07/31/2026 - 08:39:36PM] warning: Property knockBackExplosion on script dragonactorscript attached to  (000263CE) cannot be initialized because the script no longer contains that property
[07/31/2026 - 08:39:36PM] warning: Property SnowDragonSkin on script dragonactorscript attached to  (000263CE) cannot be initialized because the script no longer contains that property
[07/31/2026 - 08:39:36PM] warning: Property forestDragonSkin on script dragonactorscript attached to  (000263CE) cannot be initialized because the script no longer contains that property
[07/31/2026 - 08:39:36PM] warning: Property TundraDragonSkin on script dragonactorscript attached to  (000263CE) cannot be initialized because the script no longer contains that property
[07/31/2026 - 08:39:36PM] warning: Property ME_G_GhostDeath on script Me_Script_Fireplace attached to  (7618D3E6) cannot be initialized because the script no longer contains that property
[07/31/2026 - 08:39:36PM] warning: Property ME_Ref_FireplaceMarkers on script Me_Script_Fireplace attached to  (7618D3E6) cannot be initialized because the script no longer contains that property
[07/31/2026 - 08:39:36PM] warning: Property ME_X_RitualSpot on script Me_Script_Fireplace attached to  (7618D3E6) cannot be initialized because the script no longer contains that property
[07/31/2026 - 08:39:36PM] warning: Property ME_FL_SpawnMarker on script Me_Script_Fireplace attached to  (7618D3E6) cannot be initialized because the script no longer contains that property
[07/31/2026 - 08:39:36PM] warning: Property ME_Ref_Ghost on script Me_Script_Fireplace attached to  (7618D3E6) cannot be initialized because the script no longer contains that property
[07/31/2026 - 08:39:36PM] warning: Property BoatLoc on script ME_Script_TravelMaps attached to  (763C012A) cannot be initialized because the script no longer contains that property
[07/31/2026 - 08:39:36PM] warning: Property GetDirtyOverTimeReactivatorCloakSpell on script mzinbatheplayeralias attached to alias PlayerAlias on quest mzinBatheMCMQuest (AE001311) cannot be initialized because the script no longer contains that property
[07/31/2026 - 08:39:36PM] warning: Property USSEPElevatorPowerRequiredMessage on script blackreachExitElevatorScript attached to  (000EF7BA) cannot be initialized because the script no longer contains that property
[07/31/2026 - 08:39:36PM] warning: Property knockBackExplosion on script dragonactorscript attached to  (020038F0) cannot be initialized because the script no longer contains that property
[07/31/2026 - 08:39:36PM] warning: Property forestDragonSkin on script dragonactorscript attached to  (020038F0) cannot be initialized because the script no longer contains that property
[07/31/2026 - 08:39:36PM] warning: Property SnowDragonSkin on script dragonactorscript attached to  (020038F0) cannot be initialized because the script no longer contains that property
[07/31/2026 - 08:39:36PM] warning: Property TundraDragonSkin on script dragonactorscript attached to  (020038F0) cannot be initialized because the script no longer contains that property
[07/31/2026 - 08:39:36PM] warning: Property VampireKeyword on script OPubesNGScript attached to OPubesNGQuest (FE168802) cannot be initialized because the script no longer contains that property
[07/31/2026 - 08:39:36PM] warning: Property BathingIgnoredArmorSlotsMaskFollowers on script mzinbathemcmmenu attached to mzinBatheMCMQuest (AE001311) cannot be initialized because the script no longer contains that property
[07/31/2026 - 08:39:36PM] warning: Property SoapBonusSpellList on script mzinbathemcmmenu attached to mzinBatheMCMQuest (AE001311) cannot be initialized because the script no longer contains that property
[07/31/2026 - 08:39:36PM] warning: Property DirtyActors on script mzinbathemcmmenu attached to mzinBatheMCMQuest (AE001311) cannot be initialized because the script no longer contains that property
[07/31/2026 - 08:39:36PM] warning: Property LeveledItemListGeneral on script mzinbathemcmmenu attached to mzinBatheMCMQuest (AE001311) cannot be initialized because the script no longer contains that property
[07/31/2026 - 08:39:36PM] warning: Property CheckStatusQuest on script mzinbathemcmmenu attached to mzinBatheMCMQuest (AE001311) cannot be initialized because the script no longer contains that property
[07/31/2026 - 08:39:36PM] warning: Property BathingIgnoredArmorSlotsMask on script mzinbathemcmmenu attached to mzinBatheMCMQuest (AE001311) cannot be initialized because the script no longer contains that property
[07/31/2026 - 08:39:36PM] warning: Property ShowerKeyCode on script mzinbathemcmmenu attached to mzinBatheMCMQuest (AE001311) cannot be initialized because the script no longer contains that property
[07/31/2026 - 08:39:36PM] warning: Property LegacySpellList on script mzinbathemcmmenu attached to mzinBatheMCMQuest (AE001311) cannot be initialized because the script no longer contains that property
[07/31/2026 - 08:39:36PM] warning: Property Player on script mzinbathemcmmenu attached to mzinBatheMCMQuest (AE001311) cannot be initialized because the script no longer contains that property
[07/31/2026 - 08:39:36PM] warning: Property SoapFormList on script mzinbathemcmmenu attached to mzinBatheMCMQuest (AE001311) cannot be initialized because the script no longer contains that property
[07/31/2026 - 08:39:36PM] warning: Property BathingAnimationEnabled on script mzinbathemcmmenu attached to mzinBatheMCMQuest (AE001311) cannot be initialized because the script no longer contains that property
[07/31/2026 - 08:39:36PM] warning: Property LeveledItemListInnkeeper on script mzinbathemcmmenu attached to mzinBatheMCMQuest (AE001311) cannot be initialized because the script no longer contains that property
[07/31/2026 - 08:39:36PM] warning: Property GetDirtyOverTimeReactivatorCloakSpell on script mzinbathemcmmenu attached to mzinBatheMCMQuest (AE001311) cannot be initialized because the script no longer contains that property
[07/31/2026 - 08:39:36PM] warning: Property PlayerRef on script Placeable_MISC_Placement_Script attached to Item 174 in container  (16002789) cannot be initialized because the script no longer contains that property
[07/31/2026 - 08:39:36PM] warning: Property knockBackExplosion on script dragonactorscript attached to  (00083588) cannot be initialized because the script no longer contains that property
[07/31/2026 - 08:39:36PM] warning: Property SnowDragonSkin on script dragonactorscript attached to  (00083588) cannot be initialized because the script no longer contains that property
[07/31/2026 - 08:39:36PM] warning: Property forestDragonSkin on script dragonactorscript attached to  (00083588) cannot be initialized because the script no longer contains that property
[07/31/2026 - 08:39:36PM] warning: Property TundraDragonSkin on script dragonactorscript attached to  (00083588) cannot be initialized because the script no longer contains that property
[07/31/2026 - 08:39:36PM] warning: Property knockBackExplosion on script dragonactorscript attached to  (0003530D) cannot be initialized because the script no longer contains that property
[07/31/2026 - 08:39:36PM] warning: Property SnowDragonSkin on script dragonactorscript attached to  (0003530D) cannot be initialized because the script no longer contains that property
[07/31/2026 - 08:39:36PM] warning: Property forestDragonSkin on script dragonactorscript attached to  (0003530D) cannot be initialized because the script no longer contains that property
[07/31/2026 - 08:39:36PM] warning: Property TundraDragonSkin on script dragonactorscript attached to  (0003530D) cannot be initialized because the script no longer contains that property
[07/31/2026 - 08:39:36PM] warning: Property USSEPElevatorPowerRequiredMessage on script blackreachExitElevatorScript attached to  (000EF7AA) cannot be initialized because the script no longer contains that property
[07/31/2026 - 08:39:36PM] warning: Property knockBackExplosion on script dragonactorscript attached to  (FE050D89) cannot be initialized because the script no longer contains that property
[07/31/2026 - 08:39:36PM] warning: Property SnowDragonSkin on script dragonactorscript attached to  (FE050D89) cannot be initialized because the script no longer contains that property
[07/31/2026 - 08:39:36PM] warning: Property forestDragonSkin on script dragonactorscript attached to  (FE050D89) cannot be initialized because the script no longer contains that property
[07/31/2026 - 08:39:36PM] warning: Property TundraDragonSkin on script dragonactorscript attached to  (FE050D89) cannot be initialized because the script no longer contains that property
[07/31/2026 - 08:39:36PM] warning: Property knockBackExplosion on script dragonactorscript attached to  (0007EAC5) cannot be initialized because the script no longer contains that property
[07/31/2026 - 08:39:36PM] warning: Property SnowDragonSkin on script dragonactorscript attached to  (0007EAC5) cannot be initialized because the script no longer contains that property
[07/31/2026 - 08:39:36PM] warning: Property forestDragonSkin on script dragonactorscript attached to  (0007EAC5) cannot be initialized because the script no longer contains that property
[07/31/2026 - 08:39:36PM] warning: Property TundraDragonSkin on script dragonactorscript attached to  (0007EAC5) cannot be initialized because the script no longer contains that property
[07/31/2026 - 08:39:36PM] Error: Property PL_DPDTeleport on script PL_ManagerQuest attached to PL_Manager (001FB7C0) cannot be bound because  (7B0589DA) is not the right type
[07/31/2026 - 08:39:36PM] warning: Property USSEPElevatorPowerRequiredMessage on script blackreachExitElevatorScript attached to  (000EF79B) cannot be initialized because the script no longer contains that property
[07/31/2026 - 08:39:36PM] warning: Property knockBackExplosion on script dragonactorscript attached to  (FE050D8A) cannot be initialized because the script no longer contains that property
[07/31/2026 - 08:39:36PM] warning: Property SnowDragonSkin on script dragonactorscript attached to  (FE050D8A) cannot be initialized because the script no longer contains that property
[07/31/2026 - 08:39:36PM] warning: Property forestDragonSkin on script dragonactorscript attached to  (FE050D8A) cannot be initialized because the script no longer contains that property
[07/31/2026 - 08:39:36PM] warning: Property TundraDragonSkin on script dragonactorscript attached to  (FE050D8A) cannot be initialized because the script no longer contains that property
[07/31/2026 - 08:39:36PM] warning: Property ME_Quest_Main on script ME_Script_Grave attached to  (763E89DE) cannot be initialized because the script no longer contains that property
[07/31/2026 - 08:39:36PM] warning: Property knockBackExplosion on script dragonactorscript attached to  (00032DA0) cannot be initialized because the script no longer contains that property
[07/31/2026 - 08:39:36PM] warning: Property SnowDragonSkin on script dragonactorscript attached to  (00032DA0) cannot be initialized because the script no longer contains that property
[07/31/2026 - 08:39:36PM] warning: Property forestDragonSkin on script dragonactorscript attached to  (00032DA0) cannot be initialized because the script no longer contains that property
[07/31/2026 - 08:39:36PM] warning: Property TundraDragonSkin on script dragonactorscript attached to  (00032DA0) cannot be initialized because the script no longer contains that property
[07/31/2026 - 08:39:36PM] warning: Property knockBackExplosion on script dragonactorscript attached to  (0401D572) cannot be initialized because the script no longer contains that property
[07/31/2026 - 08:39:36PM] warning: Property forestDragonSkin on script dragonactorscript attached to  (0401D572) cannot be initialized because the script no longer contains that property
[07/31/2026 - 08:39:36PM] warning: Property TundraDragonSkin on script dragonactorscript attached to  (0401D572) cannot be initialized because the script no longer contains that property
[07/31/2026 - 08:39:36PM] warning: Property SnowDragonSkin on script dragonactorscript attached to  (0401D572) cannot be initialized because the script no longer contains that property
[07/31/2026 - 08:39:36PM] warning: Property FollowerRelaxing on script rdo_isranfollowerscript attached to aa_RDODLC1Isran (9669CFA8) cannot be initialized because the script no longer contains that property
[07/31/2026 - 08:39:36PM] warning: Property FollowerWaitingMessage on script rdo_isranfollowerscript attached to aa_RDODLC1Isran (9669CFA8) cannot be initialized because the script no longer contains that property
[07/31/2026 - 08:39:36PM] warning: Property FollowerRelaxing on script rdo_valericafollowerscript attached to aa_RDODLC1Valerica (9602E152) cannot be initialized because the script no longer contains that property
[07/31/2026 - 08:39:36PM] warning: Property FollowerWaitingMessage on script rdo_valericafollowerscript attached to aa_RDODLC1Valerica (9602E152) cannot be initialized because the script no longer contains that property
[07/31/2026 - 08:39:36PM] warning: Property knockBackExplosion on script dragonactorscript attached to  (0005FC0F) cannot be initialized because the script no longer contains that property
[07/31/2026 - 08:39:36PM] warning: Property SnowDragonSkin on script dragonactorscript attached to  (0005FC0F) cannot be initialized because the script no longer contains that property
[07/31/2026 - 08:39:36PM] warning: Property forestDragonSkin on script dragonactorscript attached to  (0005FC0F) cannot be initialized because the script no longer contains that property
[07/31/2026 - 08:39:36PM] warning: Property TundraDragonSkin on script dragonactorscript attached to  (0005FC0F) cannot be initialized because the script no longer contains that property
[07/31/2026 - 08:39:36PM] warning: Property FishingMod01 on script ME_Script_TravelBoat attached to  (763BB01D) cannot be initialized because the script no longer contains that property
[07/31/2026 - 08:39:36PM] warning: Property FishingMod03 on script ME_Script_TravelBoat attached to  (763BB01D) cannot be initialized because the script no longer contains that property
[07/31/2026 - 08:39:36PM] warning: Property FishingMod02 on script ME_Script_TravelBoat attached to  (763BB01D) cannot be initialized because the script no longer contains that property
[07/31/2026 - 08:39:36PM] warning: Property FishingMod01 on script ME_Script_TravelBoat attached to  (763BB01C) cannot be initialized because the script no longer contains that property
[07/31/2026 - 08:39:36PM] warning: Property FishingMod03 on script ME_Script_TravelBoat attached to  (763BB01C) cannot be initialized because the script no longer contains that property
[07/31/2026 - 08:39:36PM] warning: Property FishingMod02 on script ME_Script_TravelBoat attached to  (763BB01C) cannot be initialized because the script no longer contains that property
[07/31/2026 - 08:39:36PM] warning: Property knockBackExplosion on script dragonactorscript attached to  (00045921) cannot be initialized because the script no longer contains that property
[07/31/2026 - 08:39:36PM] warning: Property SnowDragonSkin on script dragonactorscript attached to  (00045921) cannot be initialized because the script no longer contains that property
[07/31/2026 - 08:39:36PM] warning: Property forestDragonSkin on script dragonactorscript attached to  (00045921) cannot be initialized because the script no longer contains that property
[07/31/2026 - 08:39:36PM] warning: Property TundraDragonSkin on script dragonactorscript attached to  (00045921) cannot be initialized because the script no longer contains that property
[07/31/2026 - 08:39:36PM] warning: Property knockBackExplosion on script dragonactorscript attached to  (00032D9F) cannot be initialized because the script no longer contains that property
[07/31/2026 - 08:39:36PM] warning: Property SnowDragonSkin on script dragonactorscript attached to  (00032D9F) cannot be initialized because the script no longer contains that property
[07/31/2026 - 08:39:36PM] warning: Property forestDragonSkin on script dragonactorscript attached to  (00032D9F) cannot be initialized because the script no longer contains that property
[07/31/2026 - 08:39:36PM] warning: Property TundraDragonSkin on script dragonactorscript attached to  (00032D9F) cannot be initialized because the script no longer contains that property
[07/31/2026 - 08:39:36PM] warning: Property ME_G_GhostDeath on script Me_Script_Fireplace attached to  (76499EC7) cannot be initialized because the script no longer contains that property
[07/31/2026 - 08:39:36PM] warning: Property ME_Ref_FireplaceMarkers on script Me_Script_Fireplace attached to  (76499EC7) cannot be initialized because the script no longer contains that property
[07/31/2026 - 08:39:36PM] warning: Property ME_FL_SpawnMarker on script Me_Script_Fireplace attached to  (76499EC7) cannot be initialized because the script no longer contains that property
[07/31/2026 - 08:39:36PM] warning: Property ME_X_RitualSpot on script Me_Script_Fireplace attached to  (76499EC7) cannot be initialized because the script no longer contains that property
[07/31/2026 - 08:39:36PM] warning: Property ME_Ref_Ghost on script Me_Script_Fireplace attached to  (76499EC7) cannot be initialized because the script no longer contains that property
[07/31/2026 - 08:39:36PM] warning: Property AddEnc on script CheatRoomActiveButton31AllFac attached to  (4B100035) cannot be initialized because the script no longer contains that property
[07/31/2026 - 08:39:36PM] warning: Property FollowerRelaxing on script rdo_geleborfollowerscript attached to aa_RDODLC1Gelebor (9669CFA7) cannot be initialized because the script no longer contains that property
[07/31/2026 - 08:39:36PM] warning: Property FollowerWaitingMessage on script rdo_geleborfollowerscript attached to aa_RDODLC1Gelebor (9669CFA7) cannot be initialized because the script no longer contains that property
[07/31/2026 - 08:39:36PM] warning: Property knockBackExplosion on script dragonactorscript attached to  (FE0BC10A) cannot be initialized because the script no longer contains that property
[07/31/2026 - 08:39:36PM] warning: Property SnowDragonSkin on script dragonactorscript attached to  (FE0BC10A) cannot be initialized because the script no longer contains that property
[07/31/2026 - 08:39:36PM] warning: Property forestDragonSkin on script dragonactorscript attached to  (FE0BC10A) cannot be initialized because the script no longer contains that property
[07/31/2026 - 08:39:36PM] warning: Property TundraDragonSkin on script dragonactorscript attached to  (FE0BC10A) cannot be initialized because the script no longer contains that property
[07/31/2026 - 08:39:36PM] warning: Property pDoomMageRemovedMSG on script CheatRoomActiveButtonDoomStone attached to  (4B1C080D) cannot be initialized because the script no longer contains that property
[07/31/2026 - 08:39:36PM] warning: Property pDoomLadyRemovedMSG on script CheatRoomActiveButtonDoomStone attached to  (4B1C080D) cannot be initialized because the script no longer contains that property
[07/31/2026 - 08:39:36PM] warning: Property pDoomTowerRemovedMSG on script CheatRoomActiveButtonDoomStone attached to  (4B1C080D) cannot be initialized because the script no longer contains that property
[07/31/2026 - 08:39:36PM] warning: Property pDoomSerpentRemovedMSG on script CheatRoomActiveButtonDoomStone attached to  (4B1C080D) cannot be initialized because the script no longer contains that property
[07/31/2026 - 08:39:36PM] warning: Property pDoomApprenticeRemovedMSG on script CheatRoomActiveButtonDoomStone attached to  (4B1C080D) cannot be initialized because the script no longer contains that property
[07/31/2026 - 08:39:36PM] warning: Property pDoomAtronachRemovedMSG on script CheatRoomActiveButtonDoomStone attached to  (4B1C080D) cannot be initialized because the script no longer contains that property
[07/31/2026 - 08:39:36PM] warning: Property pDoomRitualRemovedMSG on script CheatRoomActiveButtonDoomStone attached to  (4B1C080D) cannot be initialized because the script no longer contains that property
[07/31/2026 - 08:39:36PM] warning: Property pDoomWarriorRemovedMSG on script CheatRoomActiveButtonDoomStone attached to  (4B1C080D) cannot be initialized because the script no longer contains that property
[07/31/2026 - 08:39:36PM] warning: Property pDoomLordRemovedMSG on script CheatRoomActiveButtonDoomStone attached to  (4B1C080D) cannot be initialized because the script no longer contains that property
[07/31/2026 - 08:39:36PM] warning: Property pDoomThiefRemovedMSG on script CheatRoomActiveButtonDoomStone attached to  (4B1C080D) cannot be initialized because the script no longer contains that property
[07/31/2026 - 08:39:36PM] warning: Property pDoomLoverRemovedMSG on script CheatRoomActiveButtonDoomStone attached to  (4B1C080D) cannot be initialized because the script no longer contains that property
[07/31/2026 - 08:39:36PM] warning: Property pDoomShadowRemovedMSG on script CheatRoomActiveButtonDoomStone attached to  (4B1C080D) cannot be initialized because the script no longer contains that property
[07/31/2026 - 08:39:36PM] warning: Property pDoomSteedRemovedMSG on script CheatRoomActiveButtonDoomStone attached to  (4B1C080D) cannot be initialized because the script no longer contains that property
[07/31/2026 - 08:39:36PM] warning: Property GuardFollowerAlias8 on script QF_CWSiegeObj_00096E71 attached to CWSiegeObj (00096E71) cannot be initialized because the script no longer contains that property
[07/31/2026 - 08:39:36PM] warning: Property GuardFollowerActive9 on script QF_CWSiegeObj_00096E71 attached to CWSiegeObj (00096E71) cannot be initialized because the script no longer contains that property
[07/31/2026 - 08:39:36PM] warning: Property GuardFollowerAlias11 on script QF_CWSiegeObj_00096E71 attached to CWSiegeObj (00096E71) cannot be initialized because the script no longer contains that property
[07/31/2026 - 08:39:36PM] warning: Property ClearAllGuardFollowersQuest on script QF_CWSiegeObj_00096E71 attached to CWSiegeObj (00096E71) cannot be initialized because the script no longer contains that property
[07/31/2026 - 08:39:36PM] warning: Property GuardFollowerAlias6 on script QF_CWSiegeObj_00096E71 attached to CWSiegeObj (00096E71) cannot be initialized because the script no longer contains that property
[07/31/2026 - 08:39:36PM] warning: Property GuardFollowerAlias3 on script QF_CWSiegeObj_00096E71 attached to CWSiegeObj (00096E71) cannot be initialized because the script no longer contains that property
[07/31/2026 - 08:39:36PM] warning: Property GuardFollowerActive2 on script QF_CWSiegeObj_00096E71 attached to CWSiegeObj (00096E71) cannot be initialized because the script no longer contains that property
[07/31/2026 - 08:39:36PM] warning: Property ThaneCuirass2 on script QF_CWSiegeObj_00096E71 attached to CWSiegeObj (00096E71) cannot be initialized because the script no longer contains that property
[07/31/2026 - 08:39:36PM] warning: Property GuardFollowerAlias12 on script QF_CWSiegeObj_00096E71 attached to CWSiegeObj (00096E71) cannot be initialized because the script no longer contains that property
[07/31/2026 - 08:39:36PM] warning: Property WhiterunThaneIdentity on script QF_CWSiegeObj_00096E71 attached to CWSiegeObj (00096E71) cannot be initialized because the script no longer contains that property
[07/31/2026 - 08:39:36PM] warning: Property GuardFollowerAlias2 on script QF_CWSiegeObj_00096E71 attached to CWSiegeObj (00096E71) cannot be initialized because the script no longer contains that property
[07/31/2026 - 08:39:36PM] warning: Property pGuardFollowerFaction on script QF_CWSiegeObj_00096E71 attached to CWSiegeObj (00096E71) cannot be initialized because the script no longer contains that property
[07/31/2026 - 08:39:36PM] warning: Property ThaneHelmet2 on script QF_CWSiegeObj_00096E71 attached to CWSiegeObj (00096E71) cannot be initialized because the script no longer contains that property
[07/31/2026 - 08:39:36PM] warning: Property GuardFollowerAlias on script QF_CWSiegeObj_00096E71 attached to CWSiegeObj (00096E71) cannot be initialized because the script no longer contains that property
[07/31/2026 - 08:39:36PM] warning: Property ThaneBoots3 on script QF_CWSiegeObj_00096E71 attached to CWSiegeObj (00096E71) cannot be initialized because the script no longer contains that property
[07/31/2026 - 08:39:36PM] warning: Property ModActive on script QF_CWSiegeObj_00096E71 attached to CWSiegeObj (00096E71) cannot be initialized because the script no longer contains that property
[07/31/2026 - 08:39:36PM] warning: Property GuardFollowerActive10 on script QF_CWSiegeObj_00096E71 attached to CWSiegeObj (00096E71) cannot be initialized because the script no longer contains that property
[07/31/2026 - 08:39:36PM] warning: Property ThaneCuirass on script QF_CWSiegeObj_00096E71 attached to CWSiegeObj (00096E71) cannot be initialized because the script no longer contains that property
[07/31/2026 - 08:39:36PM] warning: Property ThaneshipStripped on script QF_CWSiegeObj_00096E71 attached to CWSiegeObj (00096E71) cannot be initialized because the script no longer contains that property
[07/31/2026 - 08:39:36PM] warning: Property ArrestWhiterunActive on script QF_CWSiegeObj_00096E71 attached to CWSiegeObj (00096E71) cannot be initialized because the script no longer contains that property
[07/31/2026 - 08:39:36PM] warning: Property GuardFollowerActive5 on script QF_CWSiegeObj_00096E71 attached to CWSiegeObj (00096E71) cannot be initialized because the script no longer contains that property
[07/31/2026 - 08:39:36PM] warning: Property HasWhiterunPower on script QF_CWSiegeObj_00096E71 attached to CWSiegeObj (00096E71) cannot be initialized because the script no longer contains that property
[07/31/2026 - 08:39:36PM] warning: Property ThaneGauntlets2 on script QF_CWSiegeObj_00096E71 attached to CWSiegeObj (00096E71) cannot be initialized because the script no longer contains that property
[07/31/2026 - 08:39:36PM] warning: Property ThaneGauntlets on script QF_CWSiegeObj_00096E71 attached to CWSiegeObj (00096E71) cannot be initialized because the script no longer contains that property
[07/31/2026 - 08:39:36PM] warning: Property WhiterunThanePowerSpell on script QF_CWSiegeObj_00096E71 attached to CWSiegeObj (00096E71) cannot be initialized because the script no longer contains that property
[07/31/2026 - 08:39:36PM] warning: Property GuardFollowerAlias7 on script QF_CWSiegeObj_00096E71 attached to CWSiegeObj (00096E71) cannot be initialized because the script no longer contains that property
[07/31/2026 - 08:39:36PM] warning: Property ThaneBoots on script QF_CWSiegeObj_00096E71 attached to CWSiegeObj (00096E71) cannot be initialized because the script no longer contains that property
[07/31/2026 - 08:39:36PM] warning: Property WhiterunBank on script QF_CWSiegeObj_00096E71 attached to CWSiegeObj (00096E71) cannot be initialized because the script no longer contains that property
[07/31/2026 - 08:39:36PM] warning: Property ThaneCuirass3 on script QF_CWSiegeObj_00096E71 attached to CWSiegeObj (00096E71) cannot be initialized because the script no longer contains that property
[07/31/2026 - 08:39:36PM] warning: Property GuardFollowerAlias9 on script QF_CWSiegeObj_00096E71 attached to CWSiegeObj (00096E71) cannot be initialized because the script no longer contains that property
[07/31/2026 - 08:39:36PM] warning: Property GuardFollowerActive12 on script QF_CWSiegeObj_00096E71 attached to CWSiegeObj (00096E71) cannot be initialized because the script no longer contains that property
[07/31/2026 - 08:39:36PM] warning: Property DialogueFollower on script QF_CWSiegeObj_00096E71 attached to CWSiegeObj (00096E71) cannot be initialized because the script no longer contains that property
[07/31/2026 - 08:39:36PM] warning: Property ThaneGauntlets3 on script QF_CWSiegeObj_00096E71 attached to CWSiegeObj (00096E71) cannot be initialized because the script no longer contains that property
[07/31/2026 - 08:39:36PM] warning: Property GuardFollowerActive11 on script QF_CWSiegeObj_00096E71 attached to CWSiegeObj (00096E71) cannot be initialized because the script no longer contains that property
[07/31/2026 - 08:39:36PM] warning: Property GuardFollowerActive8 on script QF_CWSiegeObj_00096E71 attached to CWSiegeObj (00096E71) cannot be initialized because the script no longer contains that property
[07/31/2026 - 08:39:36PM] warning: Property GuardFollowerActive4 on script QF_CWSiegeObj_00096E71 attached to CWSiegeObj (00096E71) cannot be initialized because the script no longer contains that property
[07/31/2026 - 08:39:36PM] warning: Property gold on script QF_CWSiegeObj_00096E71 attached to CWSiegeObj (00096E71) cannot be initialized because the script no longer contains that property
[07/31/2026 - 08:39:36PM] warning: Property GuardFollowerAlias10 on script QF_CWSiegeObj_00096E71 attached to CWSiegeObj (00096E71) cannot be initialized because the script no longer contains that property
[07/31/2026 - 08:39:36PM] warning: Property ThaneHelmet3 on script QF_CWSiegeObj_00096E71 attached to CWSiegeObj (00096E71) cannot be initialized because the script no longer contains that property
[07/31/2026 - 08:39:36PM] warning: Property WhiterunThaneDiscountPerkProperty on script QF_CWSiegeObj_00096E71 attached to CWSiegeObj (00096E71) cannot be initialized because the script no longer contains that property
[07/31/2026 - 08:39:36PM] warning: Property StripThaneshipQuest on script QF_CWSiegeObj_00096E71 attached to CWSiegeObj (00096E71) cannot be initialized because the script no longer contains that property
[07/31/2026 - 08:39:36PM] warning: Property GuardFollowerActive6 on script QF_CWSiegeObj_00096E71 attached to CWSiegeObj (00096E71) cannot be initialized because the script no longer contains that property
[07/31/2026 - 08:39:36PM] warning: Property GuardFollowMax on script QF_CWSiegeObj_00096E71 attached to CWSiegeObj (00096E71) cannot be initialized because the script no longer contains that property
[07/31/2026 - 08:39:36PM] warning: Property WhiterunJarlRelationship on script QF_CWSiegeObj_00096E71 attached to CWSiegeObj (00096E71) cannot be initialized because the script no longer contains that property
[07/31/2026 - 08:39:36PM] warning: Property AliasClearingNPC on script QF_CWSiegeObj_00096E71 attached to CWSiegeObj (00096E71) cannot be initialized because the script no longer contains that property
[07/31/2026 - 08:39:36PM] warning: Property GuardFollowerActive7 on script QF_CWSiegeObj_00096E71 attached to CWSiegeObj (00096E71) cannot be initialized because the script no longer contains that property
[07/31/2026 - 08:39:36PM] warning: Property ThaneHelmet on script QF_CWSiegeObj_00096E71 attached to CWSiegeObj (00096E71) cannot be initialized because the script no longer contains that property
[07/31/2026 - 08:39:36PM] warning: Property GuardFollowerAlias5 on script QF_CWSiegeObj_00096E71 attached to CWSiegeObj (00096E71) cannot be initialized because the script no longer contains that property
[07/31/2026 - 08:39:36PM] warning: Property GuardFollowerActive3 on script QF_CWSiegeObj_00096E71 attached to CWSiegeObj (00096E71) cannot be initialized because the script no longer contains that property
[07/31/2026 - 08:39:36PM] warning: Property GuardFollow on script QF_CWSiegeObj_00096E71 attached to CWSiegeObj (00096E71) cannot be initialized because the script no longer contains that property
[07/31/2026 - 08:39:36PM] warning: Property ThaneBoots2 on script QF_CWSiegeObj_00096E71 attached to CWSiegeObj (00096E71) cannot be initialized because the script no longer contains that property
[07/31/2026 - 08:39:36PM] warning: Property GuardFollowAlias on script QF_CWSiegeObj_00096E71 attached to CWSiegeObj (00096E71) cannot be initialized because the script no longer contains that property
[07/31/2026 - 08:39:36PM] warning: Property ThaneshipStrippedPermanently on script QF_CWSiegeObj_00096E71 attached to CWSiegeObj (00096E71) cannot be initialized because the script no longer contains that property
[07/31/2026 - 08:39:36PM] warning: Property CurrentlyThaneofWhiterun on script QF_CWSiegeObj_00096E71 attached to CWSiegeObj (00096E71) cannot be initialized because the script no longer contains that property
[07/31/2026 - 08:39:36PM] warning: Property SignetRing on script QF_CWSiegeObj_00096E71 attached to CWSiegeObj (00096E71) cannot be initialized because the script no longer contains that property
[07/31/2026 - 08:39:36PM] warning: Property GuardFollowerAlias4 on script QF_CWSiegeObj_00096E71 attached to CWSiegeObj (00096E71) cannot be initialized because the script no longer contains that property
[07/31/2026 - 08:39:36PM] warning: Property HasWhiterunPerk on script QF_CWSiegeObj_00096E71 attached to CWSiegeObj (00096E71) cannot be initialized because the script no longer contains that property
[07/31/2026 - 08:39:36PM] warning: Property GuardFollowerActive1 on script QF_CWSiegeObj_00096E71 attached to CWSiegeObj (00096E71) cannot be initialized because the script no longer contains that property
[07/31/2026 - 08:39:36PM] warning: Property knockBackExplosion on script dragonactorscript attached to  (FE19D803) cannot be initialized because the script no longer contains that property
[07/31/2026 - 08:39:36PM] warning: Property SnowDragonSkin on script dragonactorscript attached to  (FE19D803) cannot be initialized because the script no longer contains that property
[07/31/2026 - 08:39:36PM] warning: Property forestDragonSkin on script dragonactorscript attached to  (FE19D803) cannot be initialized because the script no longer contains that property
[07/31/2026 - 08:39:36PM] warning: Property TundraDragonSkin on script dragonactorscript attached to  (FE19D803) cannot be initialized because the script no longer contains that property
[07/31/2026 - 08:39:36PM] warning: Property RetrievalOn on script TrThMarkarthStorageNPCScript attached to  (B303CB11) cannot be initialized because the script no longer contains that property
[07/31/2026 - 08:39:36PM] warning: Property pDoomRitualRemovedMSG on script CheatRoomDoomShrineScript attached to  (4B1C080A) cannot be initialized because the script no longer contains that property
[07/31/2026 - 08:39:36PM] warning: Property pDoomSerpentRemovedMSG on script CheatRoomDoomShrineScript attached to  (4B1C080A) cannot be initialized because the script no longer contains that property
[07/31/2026 - 08:39:36PM] warning: Property pDoomApprenticeRemovedMSG on script CheatRoomDoomShrineScript attached to  (4B1C080A) cannot be initialized because the script no longer contains that property
[07/31/2026 - 08:39:36PM] warning: Property pDoomAtronachRemovedMSG on script CheatRoomDoomShrineScript attached to  (4B1C080A) cannot be initialized because the script no longer contains that property
[07/31/2026 - 08:39:36PM] warning: Property pDoomWarriorRemovedMSG on script CheatRoomDoomShrineScript attached to  (4B1C080A) cannot be initialized because the script no longer contains that property
[07/31/2026 - 08:39:36PM] warning: Property pDoomLordRemovedMSG on script CheatRoomDoomShrineScript attached to  (4B1C080A) cannot be initialized because the script no longer contains that property
[07/31/2026 - 08:39:36PM] warning: Property pDoomThiefRemovedMSG on script CheatRoomDoomShrineScript attached to  (4B1C080A) cannot be initialized because the script no longer contains that property
[07/31/2026 - 08:39:36PM] warning: Property pDoomLadyRemovedMSG on script CheatRoomDoomShrineScript attached to  (4B1C080A) cannot be initialized because the script no longer contains that property
[07/31/2026 - 08:39:36PM] warning: Property pDoomShadowRemovedMSG on script CheatRoomDoomShrineScript attached to  (4B1C080A) cannot be initialized because the script no longer contains that property
[07/31/2026 - 08:39:36PM] warning: Property pDoomLoverRemovedMSG on script CheatRoomDoomShrineScript attached to  (4B1C080A) cannot be initialized because the script no longer contains that property
[07/31/2026 - 08:39:36PM] warning: Property pDoomTowerRemovedMSG on script CheatRoomDoomShrineScript attached to  (4B1C080A) cannot be initialized because the script no longer contains that property
[07/31/2026 - 08:39:36PM] warning: Property pDoomMageRemovedMSG on script CheatRoomDoomShrineScript attached to  (4B1C080A) cannot be initialized because the script no longer contains that property
[07/31/2026 - 08:39:36PM] warning: Property pDoomSteedRemovedMSG on script CheatRoomDoomShrineScript attached to  (4B1C080A) cannot be initialized because the script no longer contains that property
[07/31/2026 - 08:39:36PM] warning: Property knockBackExplosion on script dragonactorscript attached to  (FE19D807) cannot be initialized because the script no longer contains that property
[07/31/2026 - 08:39:36PM] warning: Property SnowDragonSkin on script dragonactorscript attached to  (FE19D807) cannot be initialized because the script no longer contains that property
[07/31/2026 - 08:39:36PM] warning: Property forestDragonSkin on script dragonactorscript attached to  (FE19D807) cannot be initialized because the script no longer contains that property
[07/31/2026 - 08:39:36PM] warning: Property TundraDragonSkin on script dragonactorscript attached to  (FE19D807) cannot be initialized because the script no longer contains that property
[07/31/2026 - 08:39:36PM] warning: Property pDoomRitualRemovedMSG on script CheatRoomDoomShrineScript attached to  (4B1C080B) cannot be initialized because the script no longer contains that property
[07/31/2026 - 08:39:36PM] warning: Property pDoomSerpentRemovedMSG on script CheatRoomDoomShrineScript attached to  (4B1C080B) cannot be initialized because the script no longer contains that property
[07/31/2026 - 08:39:36PM] warning: Property pDoomApprenticeRemovedMSG on script CheatRoomDoomShrineScript attached to  (4B1C080B) cannot be initialized because the script no longer contains that property
[07/31/2026 - 08:39:36PM] warning: Property pDoomAtronachRemovedMSG on script CheatRoomDoomShrineScript attached to  (4B1C080B) cannot be initialized because the script no longer contains that property
[07/31/2026 - 08:39:36PM] warning: Property pDoomWarriorRemovedMSG on script CheatRoomDoomShrineScript attached to  (4B1C080B) cannot be initialized because the script no longer contains that property
[07/31/2026 - 08:39:36PM] warning: Property pDoomLordRemovedMSG on script CheatRoomDoomShrineScript attached to  (4B1C080B) cannot be initialized because the script no longer contains that property
[07/31/2026 - 08:39:36PM] warning: Property pDoomThiefRemovedMSG on script CheatRoomDoomShrineScript attached to  (4B1C080B) cannot be initialized because the script no longer contains that property
[07/31/2026 - 08:39:36PM] warning: Property pDoomMageRemovedMSG on script CheatRoomDoomShrineScript attached to  (4B1C080B) cannot be initialized because the script no longer contains that property
[07/31/2026 - 08:39:36PM] warning: Property pDoomLadyRemovedMSG on script CheatRoomDoomShrineScript attached to  (4B1C080B) cannot be initialized because the script no longer contains that property
[07/31/2026 - 08:39:36PM] warning: Property pDoomTowerRemovedMSG on script CheatRoomDoomShrineScript attached to  (4B1C080B) cannot be initialized because the script no longer contains that property
[07/31/2026 - 08:39:36PM] warning: Property pDoomShadowRemovedMSG on script CheatRoomDoomShrineScript attached to  (4B1C080B) cannot be initialized because the script no longer contains that property
[07/31/2026 - 08:39:36PM] warning: Property pDoomLoverRemovedMSG on script CheatRoomDoomShrineScript attached to  (4B1C080B) cannot be initialized because the script no longer contains that property
[07/31/2026 - 08:39:36PM] warning: Property pDoomSteedRemovedMSG on script CheatRoomDoomShrineScript attached to  (4B1C080B) cannot be initialized because the script no longer contains that property
[07/31/2026 - 08:39:36PM] warning: Property pDoomRitualRemovedMSG on script CheatRoomDoomShrineScript attached to  (4B1C0800) cannot be initialized because the script no longer contains that property
[07/31/2026 - 08:39:36PM] warning: Property pDoomSerpentRemovedMSG on script CheatRoomDoomShrineScript attached to  (4B1C0800) cannot be initialized because the script no longer contains that property
[07/31/2026 - 08:39:36PM] warning: Property pDoomApprenticeRemovedMSG on script CheatRoomDoomShrineScript attached to  (4B1C0800) cannot be initialized because the script no longer contains that property
[07/31/2026 - 08:39:36PM] warning: Property pDoomAtronachRemovedMSG on script CheatRoomDoomShrineScript attached to  (4B1C0800) cannot be initialized because the script no longer contains that property
[07/31/2026 - 08:39:36PM] warning: Property pDoomWarriorRemovedMSG on script CheatRoomDoomShrineScript attached to  (4B1C0800) cannot be initialized because the script no longer contains that property
[07/31/2026 - 08:39:36PM] warning: Property pDoomLordRemovedMSG on script CheatRoomDoomShrineScript attached to  (4B1C0800) cannot be initialized because the script no longer contains that property
[07/31/2026 - 08:39:36PM] warning: Property pDoomThiefRemovedMSG on script CheatRoomDoomShrineScript attached to  (4B1C0800) cannot be initialized because the script no longer contains that property
[07/31/2026 - 08:39:36PM] warning: Property pDoomLadyRemovedMSG on script CheatRoomDoomShrineScript attached to  (4B1C0800) cannot be initialized because the script no longer contains that property
[07/31/2026 - 08:39:36PM] warning: Property pDoomTowerRemovedMSG on script CheatRoomDoomShrineScript attached to  (4B1C0800) cannot be initialized because the script no longer contains that property
[07/31/2026 - 08:39:36PM] warning: Property pDoomShadowRemovedMSG on script CheatRoomDoomShrineScript attached to  (4B1C0800) cannot be initialized because the script no longer contains that property
[07/31/2026 - 08:39:36PM] warning: Property pDoomLoverRemovedMSG on script CheatRoomDoomShrineScript attached to  (4B1C0800) cannot be initialized because the script no longer contains that property
[07/31/2026 - 08:39:36PM] warning: Property pDoomMageRemovedMSG on script CheatRoomDoomShrineScript attached to  (4B1C0800) cannot be initialized because the script no longer contains that property
[07/31/2026 - 08:39:36PM] warning: Property pDoomSteedRemovedMSG on script CheatRoomDoomShrineScript attached to  (4B1C0800) cannot be initialized because the script no longer contains that property
[07/31/2026 - 08:39:36PM] warning: Property pDoomRitualRemovedMSG on script CheatRoomDoomShrineScript attached to  (4B1C0808) cannot be initialized because the script no longer contains that property
[07/31/2026 - 08:39:36PM] warning: Property pDoomSerpentRemovedMSG on script CheatRoomDoomShrineScript attached to  (4B1C0808) cannot be initialized because the script no longer contains that property
[07/31/2026 - 08:39:36PM] warning: Property pDoomApprenticeRemovedMSG on script CheatRoomDoomShrineScript attached to  (4B1C0808) cannot be initialized because the script no longer contains that property
[07/31/2026 - 08:39:36PM] warning: Property pDoomAtronachRemovedMSG on script CheatRoomDoomShrineScript attached to  (4B1C0808) cannot be initialized because the script no longer contains that property
[07/31/2026 - 08:39:36PM] warning: Property pDoomWarriorRemovedMSG on script CheatRoomDoomShrineScript attached to  (4B1C0808) cannot be initialized because the script no longer contains that property
[07/31/2026 - 08:39:36PM] warning: Property pDoomLordRemovedMSG on script CheatRoomDoomShrineScript attached to  (4B1C0808) cannot be initialized because the script no longer contains that property
[07/31/2026 - 08:39:36PM] warning: Property pDoomThiefRemovedMSG on script CheatRoomDoomShrineScript attached to  (4B1C0808) cannot be initialized because the script no longer contains that property
[07/31/2026 - 08:39:36PM] warning: Property pDoomMageRemovedMSG on script CheatRoomDoomShrineScript attached to  (4B1C0808) cannot be initialized because the script no longer contains that property
[07/31/2026 - 08:39:36PM] warning: Property pDoomLadyRemovedMSG on script CheatRoomDoomShrineScript attached to  (4B1C0808) cannot be initialized because the script no longer contains that property
[07/31/2026 - 08:39:36PM] warning: Property pDoomTowerRemovedMSG on script CheatRoomDoomShrineScript attached to  (4B1C0808) cannot be initialized because the script no longer contains that property
[07/31/2026 - 08:39:36PM] warning: Property pDoomShadowRemovedMSG on script CheatRoomDoomShrineScript attached to  (4B1C0808) cannot be initialized because the script no longer contains that property
[07/31/2026 - 08:39:36PM] warning: Property pDoomLoverRemovedMSG on script CheatRoomDoomShrineScript attached to  (4B1C0808) cannot be initialized because the script no longer contains that property
[07/31/2026 - 08:39:36PM] warning: Property pDoomSteedRemovedMSG on script CheatRoomDoomShrineScript attached to  (4B1C0808) cannot be initialized because the script no longer contains that property
[07/31/2026 - 08:39:36PM] warning: Property knockBackExplosion on script dragonactorscript attached to  (5B000D86) cannot be initialized because the script no longer contains that property
[07/31/2026 - 08:39:36PM] warning: Property SnowDragonSkin on script dragonactorscript attached to  (5B000D86) cannot be initialized because the script no longer contains that property
[07/31/2026 - 08:39:36PM] warning: Property forestDragonSkin on script dragonactorscript attached to  (5B000D86) cannot be initialized because the script no longer contains that property
[07/31/2026 - 08:39:36PM] warning: Property TundraDragonSkin on script dragonactorscript attached to  (5B000D86) cannot be initialized because the script no longer contains that property
[07/31/2026 - 08:39:36PM] warning: Property pDoomRitualRemovedMSG on script CheatRoomDoomShrineScript attached to  (4B1C0809) cannot be initialized because the script no longer contains that property
[07/31/2026 - 08:39:36PM] warning: Property pDoomSerpentRemovedMSG on script CheatRoomDoomShrineScript attached to  (4B1C0809) cannot be initialized because the script no longer contains that property
[07/31/2026 - 08:39:36PM] warning: Property pDoomApprenticeRemovedMSG on script CheatRoomDoomShrineScript attached to  (4B1C0809) cannot be initialized because the script no longer contains that property
[07/31/2026 - 08:39:36PM] warning: Property pDoomAtronachRemovedMSG on script CheatRoomDoomShrineScript attached to  (4B1C0809) cannot be initialized because the script no longer contains that property
[07/31/2026 - 08:39:36PM] warning: Property pDoomWarriorRemovedMSG on script CheatRoomDoomShrineScript attached to  (4B1C0809) cannot be initialized because the script no longer contains that property
[07/31/2026 - 08:39:36PM] warning: Property pDoomLordRemovedMSG on script CheatRoomDoomShrineScript attached to  (4B1C0809) cannot be initialized because the script no longer contains that property
[07/31/2026 - 08:39:36PM] warning: Property pDoomThiefRemovedMSG on script CheatRoomDoomShrineScript attached to  (4B1C0809) cannot be initialized because the script no longer contains that property
[07/31/2026 - 08:39:36PM] warning: Property pDoomLadyRemovedMSG on script CheatRoomDoomShrineScript attached to  (4B1C0809) cannot be initialized because the script no longer contains that property
[07/31/2026 - 08:39:36PM] warning: Property pDoomTowerRemovedMSG on script CheatRoomDoomShrineScript attached to  (4B1C0809) cannot be initialized because the script no longer contains that property
[07/31/2026 - 08:39:36PM] warning: Property pDoomShadowRemovedMSG on script CheatRoomDoomShrineScript attached to  (4B1C0809) cannot be initialized because the script no longer contains that property
[07/31/2026 - 08:39:36PM] warning: Property pDoomLoverRemovedMSG on script CheatRoomDoomShrineScript attached to  (4B1C0809) cannot be initialized because the script no longer contains that property
[07/31/2026 - 08:39:36PM] warning: Property pDoomMageRemovedMSG on script CheatRoomDoomShrineScript attached to  (4B1C0809) cannot be initialized because the script no longer contains that property
[07/31/2026 - 08:39:36PM] warning: Property pDoomSteedRemovedMSG on script CheatRoomDoomShrineScript attached to  (4B1C0809) cannot be initialized because the script no longer contains that property
[07/31/2026 - 08:39:36PM] warning: Property EnchRedFXShader on script xGSxSortingChest attached to  (5500FBB2) cannot be initialized because the script no longer contains that property
[07/31/2026 - 08:39:36PM] warning: Property TimerEffectStartWaitTime on script xGSxSortingChest attached to  (5500FBB2) cannot be initialized because the script no longer contains that property
[07/31/2026 - 08:39:36PM] warning: Property TimerFunctionStartWaitTime on script xGSxSortingChest attached to  (5500FBB2) cannot be initialized because the script no longer contains that property
[07/31/2026 - 08:39:36PM] warning: Property TimerEffectEndWaitTime on script xGSxSortingChest attached to  (5500FBB2) cannot be initialized because the script no longer contains that property
[07/31/2026 - 08:39:36PM] warning: Property TimerEffectShaderPlayTime on script xGSxSortingChest attached to  (5500FBB2) cannot be initialized because the script no longer contains that property
[07/31/2026 - 08:39:36PM] warning: Property knockBackExplosion on script dragonactorscript attached to  (FE19D81C) cannot be initialized because the script no longer contains that property
[07/31/2026 - 08:39:36PM] warning: Property SnowDragonSkin on script dragonactorscript attached to  (FE19D81C) cannot be initialized because the script no longer contains that property
[07/31/2026 - 08:39:36PM] warning: Property forestDragonSkin on script dragonactorscript attached to  (FE19D81C) cannot be initialized because the script no longer contains that property
[07/31/2026 - 08:39:36PM] warning: Property TundraDragonSkin on script dragonactorscript attached to  (FE19D81C) cannot be initialized because the script no longer contains that property
[07/31/2026 - 08:39:36PM] warning: Property PlayerRef on script BennyShelterSortingChestScript attached to  (7B24C850) cannot be initialized because the script no longer contains that property
[07/31/2026 - 08:39:36PM] warning: Property aaBennySortingConfirm on script BennyShelterSortingChestScript attached to  (7B24C850) cannot be initialized because the script no longer contains that property
[07/31/2026 - 08:39:36PM] warning: Property knockBackExplosion on script dragonactorscript attached to  (00070E9B) cannot be initialized because the script no longer contains that property
[07/31/2026 - 08:39:36PM] warning: Property SnowDragonSkin on script dragonactorscript attached to  (00070E9B) cannot be initialized because the script no longer contains that property
[07/31/2026 - 08:39:36PM] warning: Property forestDragonSkin on script dragonactorscript attached to  (00070E9B) cannot be initialized because the script no longer contains that property
[07/31/2026 - 08:39:36PM] warning: Property TundraDragonSkin on script dragonactorscript attached to  (00070E9B) cannot be initialized because the script no longer contains that property
[07/31/2026 - 08:39:36PM] warning: Property BasinMessage on script ME_Script_WashBasin attached to  (761A184C) cannot be initialized because the script no longer contains that property
[07/31/2026 - 08:39:36PM] warning: Property knockBackExplosion on script dragonactorscript attached to  (00035541) cannot be initialized because the script no longer contains that property
[07/31/2026 - 08:39:36PM] warning: Property SnowDragonSkin on script dragonactorscript attached to  (00035541) cannot be initialized because the script no longer contains that property
[07/31/2026 - 08:39:36PM] warning: Property forestDragonSkin on script dragonactorscript attached to  (00035541) cannot be initialized because the script no longer contains that property
[07/31/2026 - 08:39:36PM] warning: Property TundraDragonSkin on script dragonactorscript attached to  (00035541) cannot be initialized because the script no longer contains that property
[07/31/2026 - 08:39:36PM] warning: Property pDoomRitualRemovedMSG on script CheatRoomDoomShrineScript attached to  (4B1C0801) cannot be initialized because the script no longer contains that property
[07/31/2026 - 08:39:36PM] warning: Property pDoomSerpentRemovedMSG on script CheatRoomDoomShrineScript attached to  (4B1C0801) cannot be initialized because the script no longer contains that property
[07/31/2026 - 08:39:36PM] warning: Property pDoomApprenticeRemovedMSG on script CheatRoomDoomShrineScript attached to  (4B1C0801) cannot be initialized because the script no longer contains that property
[07/31/2026 - 08:39:36PM] warning: Property pDoomAtronachRemovedMSG on script CheatRoomDoomShrineScript attached to  (4B1C0801) cannot be initialized because the script no longer contains that property
[07/31/2026 - 08:39:36PM] warning: Property pDoomWarriorRemovedMSG on script CheatRoomDoomShrineScript attached to  (4B1C0801) cannot be initialized because the script no longer contains that property
[07/31/2026 - 08:39:36PM] warning: Property pDoomLordRemovedMSG on script CheatRoomDoomShrineScript attached to  (4B1C0801) cannot be initialized because the script no longer contains that property
[07/31/2026 - 08:39:36PM] warning: Property pDoomThiefRemovedMSG on script CheatRoomDoomShrineScript attached to  (4B1C0801) cannot be initialized because the script no longer contains that property
[07/31/2026 - 08:39:36PM] warning: Property pDoomLadyRemovedMSG on script CheatRoomDoomShrineScript attached to  (4B1C0801) cannot be initialized because the script no longer contains that property
[07/31/2026 - 08:39:36PM] warning: Property pDoomTowerRemovedMSG on script CheatRoomDoomShrineScript attached to  (4B1C0801) cannot be initialized because the script no longer contains that property
[07/31/2026 - 08:39:36PM] warning: Property pDoomLoverRemovedMSG on script CheatRoomDoomShrineScript attached to  (4B1C0801) cannot be initialized because the script no longer contains that property
[07/31/2026 - 08:39:36PM] warning: Property pDoomMageRemovedMSG on script CheatRoomDoomShrineScript attached to  (4B1C0801) cannot be initialized because the script no longer contains that property
[07/31/2026 - 08:39:36PM] warning: Property pDoomShadowRemovedMSG on script CheatRoomDoomShrineScript attached to  (4B1C0801) cannot be initialized because the script no longer contains that property
[07/31/2026 - 08:39:36PM] warning: Property pDoomSteedRemovedMSG on script CheatRoomDoomShrineScript attached to  (4B1C0801) cannot be initialized because the script no longer contains that property
[07/31/2026 - 08:39:36PM] warning: Property pDoomRitualRemovedMSG on script CheatRoomDoomShrineScript attached to  (4B1C0806) cannot be initialized because the script no longer contains that property
[07/31/2026 - 08:39:36PM] warning: Property pDoomSerpentRemovedMSG on script CheatRoomDoomShrineScript attached to  (4B1C0806) cannot be initialized because the script no longer contains that property
[07/31/2026 - 08:39:36PM] warning: Property pDoomApprenticeRemovedMSG on script CheatRoomDoomShrineScript attached to  (4B1C0806) cannot be initialized because the script no longer contains that property
[07/31/2026 - 08:39:36PM] warning: Property pDoomAtronachRemovedMSG on script CheatRoomDoomShrineScript attached to  (4B1C0806) cannot be initialized because the script no longer contains that property
[07/31/2026 - 08:39:36PM] warning: Property pDoomWarriorRemovedMSG on script CheatRoomDoomShrineScript attached to  (4B1C0806) cannot be initialized because the script no longer contains that property
[07/31/2026 - 08:39:36PM] warning: Property pDoomLordRemovedMSG on script CheatRoomDoomShrineScript attached to  (4B1C0806) cannot be initialized because the script no longer contains that property
[07/31/2026 - 08:39:36PM] warning: Property pDoomThiefRemovedMSG on script CheatRoomDoomShrineScript attached to  (4B1C0806) cannot be initialized because the script no longer contains that property
[07/31/2026 - 08:39:36PM] warning: Property pDoomLadyRemovedMSG on script CheatRoomDoomShrineScript attached to  (4B1C0806) cannot be initialized because the script no longer contains that property
[07/31/2026 - 08:39:36PM] warning: Property pDoomTowerRemovedMSG on script CheatRoomDoomShrineScript attached to  (4B1C0806) cannot be initialized because the script no longer contains that property
[07/31/2026 - 08:39:36PM] warning: Property pDoomShadowRemovedMSG on script CheatRoomDoomShrineScript attached to  (4B1C0806) cannot be initialized because the script no longer contains that property
[07/31/2026 - 08:39:36PM] warning: Property pDoomLoverRemovedMSG on script CheatRoomDoomShrineScript attached to  (4B1C0806) cannot be initialized because the script no longer contains that property
[07/31/2026 - 08:39:36PM] warning: Property pDoomMageRemovedMSG on script CheatRoomDoomShrineScript attached to  (4B1C0806) cannot be initialized because the script no longer contains that property
[07/31/2026 - 08:39:36PM] warning: Property pDoomSteedRemovedMSG on script CheatRoomDoomShrineScript attached to  (4B1C0806) cannot be initialized because the script no longer contains that property
[07/31/2026 - 08:39:36PM] warning: Property knockBackExplosion on script dragonactorscript attached to  (0401D573) cannot be initialized because the script no longer contains that property
[07/31/2026 - 08:39:36PM] warning: Property forestDragonSkin on script dragonactorscript attached to  (0401D573) cannot be initialized because the script no longer contains that property
[07/31/2026 - 08:39:36PM] warning: Property TundraDragonSkin on script dragonactorscript attached to  (0401D573) cannot be initialized because the script no longer contains that property
[07/31/2026 - 08:39:36PM] warning: Property SnowDragonSkin on script dragonactorscript attached to  (0401D573) cannot be initialized because the script no longer contains that property
[07/31/2026 - 08:39:36PM] Error: Property myActor on script dunPinewatchMakeHostileScript attached to  (930C6A22) cannot be bound because <nullptr form> (930C697E) is not the right type
[07/31/2026 - 08:39:36PM] warning: Property pDoomRitualRemovedMSG on script CheatRoomDoomShrineScript attached to  (4B1C0804) cannot be initialized because the script no longer contains that property
[07/31/2026 - 08:39:36PM] warning: Property pDoomSerpentRemovedMSG on script CheatRoomDoomShrineScript attached to  (4B1C0804) cannot be initialized because the script no longer contains that property
[07/31/2026 - 08:39:36PM] warning: Property pDoomApprenticeRemovedMSG on script CheatRoomDoomShrineScript attached to  (4B1C0804) cannot be initialized because the script no longer contains that property
[07/31/2026 - 08:39:36PM] warning: Property pDoomAtronachRemovedMSG on script CheatRoomDoomShrineScript attached to  (4B1C0804) cannot be initialized because the script no longer contains that property
[07/31/2026 - 08:39:36PM] warning: Property pDoomWarriorRemovedMSG on script CheatRoomDoomShrineScript attached to  (4B1C0804) cannot be initialized because the script no longer contains that property
[07/31/2026 - 08:39:36PM] warning: Property pDoomLordRemovedMSG on script CheatRoomDoomShrineScript attached to  (4B1C0804) cannot be initialized because the script no longer contains that property
[07/31/2026 - 08:39:36PM] warning: Property pDoomThiefRemovedMSG on script CheatRoomDoomShrineScript attached to  (4B1C0804) cannot be initialized because the script no longer contains that property
[07/31/2026 - 08:39:36PM] warning: Property pDoomLadyRemovedMSG on script CheatRoomDoomShrineScript attached to  (4B1C0804) cannot be initialized because the script no longer contains that property
[07/31/2026 - 08:39:36PM] warning: Property pDoomTowerRemovedMSG on script CheatRoomDoomShrineScript attached to  (4B1C0804) cannot be initialized because the script no longer contains that property
[07/31/2026 - 08:39:36PM] warning: Property pDoomShadowRemovedMSG on script CheatRoomDoomShrineScript attached to  (4B1C0804) cannot be initialized because the script no longer contains that property
[07/31/2026 - 08:39:36PM] warning: Property pDoomLoverRemovedMSG on script CheatRoomDoomShrineScript attached to  (4B1C0804) cannot be initialized because the script no longer contains that property
[07/31/2026 - 08:39:36PM] warning: Property pDoomMageRemovedMSG on script CheatRoomDoomShrineScript attached to  (4B1C0804) cannot be initialized because the script no longer contains that property
[07/31/2026 - 08:39:36PM] warning: Property pDoomSteedRemovedMSG on script CheatRoomDoomShrineScript attached to  (4B1C0804) cannot be initialized because the script no longer contains that property
[07/31/2026 - 08:39:36PM] warning: Property ME_G_GhostDeath on script Me_Script_Fireplace attached to  (7642A720) cannot be initialized because the script no longer contains that property
[07/31/2026 - 08:39:36PM] warning: Property ME_Ref_FireplaceMarkers on script Me_Script_Fireplace attached to  (7642A720) cannot be initialized because the script no longer contains that property
[07/31/2026 - 08:39:36PM] warning: Property ME_Ref_Ghost on script Me_Script_Fireplace attached to  (7642A720) cannot be initialized because the script no longer contains that property
[07/31/2026 - 08:39:36PM] warning: Property ME_X_RitualSpot on script Me_Script_Fireplace attached to  (7642A720) cannot be initialized because the script no longer contains that property
[07/31/2026 - 08:39:36PM] warning: Property ME_FL_SpawnMarker on script Me_Script_Fireplace attached to  (7642A720) cannot be initialized because the script no longer contains that property
[07/31/2026 - 08:39:36PM] warning: Property knockBackExplosion on script dragonactorscript attached to  (02019DC0) cannot be initialized because the script no longer contains that property
[07/31/2026 - 08:39:36PM] warning: Property forestDragonSkin on script dragonactorscript attached to  (02019DC0) cannot be initialized because the script no longer contains that property
[07/31/2026 - 08:39:36PM] warning: Property SnowDragonSkin on script dragonactorscript attached to  (02019DC0) cannot be initialized because the script no longer contains that property
[07/31/2026 - 08:39:36PM] warning: Property TundraDragonSkin on script dragonactorscript attached to  (02019DC0) cannot be initialized because the script no longer contains that property
[07/31/2026 - 08:39:36PM] warning: Property Me_Ref_BrokenToilet on script ME_Script_Toilet attached to  (76085490) cannot be initialized because the script no longer contains that property
[07/31/2026 - 08:39:36PM] warning: Property pDoomRitualRemovedMSG on script CheatRoomDoomShrineScript attached to  (4B1C0807) cannot be initialized because the script no longer contains that property
[07/31/2026 - 08:39:36PM] warning: Property pDoomSerpentRemovedMSG on script CheatRoomDoomShrineScript attached to  (4B1C0807) cannot be initialized because the script no longer contains that property
[07/31/2026 - 08:39:36PM] warning: Property pDoomAtronachRemovedMSG on script CheatRoomDoomShrineScript attached to  (4B1C0807) cannot be initialized because the script no longer contains that property
[07/31/2026 - 08:39:36PM] warning: Property pDoomWarriorRemovedMSG on script CheatRoomDoomShrineScript attached to  (4B1C0807) cannot be initialized because the script no longer contains that property
[07/31/2026 - 08:39:36PM] warning: Property pDoomLordRemovedMSG on script CheatRoomDoomShrineScript attached to  (4B1C0807) cannot be initialized because the script no longer contains that property
[07/31/2026 - 08:39:36PM] warning: Property pDoomThiefRemovedMSG on script CheatRoomDoomShrineScript attached to  (4B1C0807) cannot be initialized because the script no longer contains that property
[07/31/2026 - 08:39:36PM] warning: Property pDoomLadyRemovedMSG on script CheatRoomDoomShrineScript attached to  (4B1C0807) cannot be initialized because the script no longer contains that property
[07/31/2026 - 08:39:36PM] warning: Property pDoomTowerRemovedMSG on script CheatRoomDoomShrineScript attached to  (4B1C0807) cannot be initialized because the script no longer contains that property
[07/31/2026 - 08:39:36PM] warning: Property pDoomApprenticeRemovedMSG on script CheatRoomDoomShrineScript attached to  (4B1C0807) cannot be initialized because the script no longer contains that property
[07/31/2026 - 08:39:36PM] warning: Property pDoomShadowRemovedMSG on script CheatRoomDoomShrineScript attached to  (4B1C0807) cannot be initialized because the script no longer contains that property
[07/31/2026 - 08:39:36PM] warning: Property pDoomLoverRemovedMSG on script CheatRoomDoomShrineScript attached to  (4B1C0807) cannot be initialized because the script no longer contains that property
[07/31/2026 - 08:39:36PM] warning: Property pDoomMageRemovedMSG on script CheatRoomDoomShrineScript attached to  (4B1C0807) cannot be initialized because the script no longer contains that property
[07/31/2026 - 08:39:36PM] warning: Property pDoomSteedRemovedMSG on script CheatRoomDoomShrineScript attached to  (4B1C0807) cannot be initialized because the script no longer contains that property
[07/31/2026 - 08:39:36PM] warning: Property pDoomRitualRemovedMSG on script CheatRoomDoomShrineScript attached to  (4B1C0802) cannot be initialized because the script no longer contains that property
[07/31/2026 - 08:39:36PM] warning: Property pDoomSerpentRemovedMSG on script CheatRoomDoomShrineScript attached to  (4B1C0802) cannot be initialized because the script no longer contains that property
[07/31/2026 - 08:39:36PM] warning: Property pDoomApprenticeRemovedMSG on script CheatRoomDoomShrineScript attached to  (4B1C0802) cannot be initialized because the script no longer contains that property
[07/31/2026 - 08:39:36PM] warning: Property pDoomAtronachRemovedMSG on script CheatRoomDoomShrineScript attached to  (4B1C0802) cannot be initialized because the script no longer contains that property
[07/31/2026 - 08:39:36PM] warning: Property pDoomWarriorRemovedMSG on script CheatRoomDoomShrineScript attached to  (4B1C0802) cannot be initialized because the script no longer contains that property
[07/31/2026 - 08:39:36PM] warning: Property pDoomLordRemovedMSG on script CheatRoomDoomShrineScript attached to  (4B1C0802) cannot be initialized because the script no longer contains that property
[07/31/2026 - 08:39:36PM] warning: Property pDoomThiefRemovedMSG on script CheatRoomDoomShrineScript attached to  (4B1C0802) cannot be initialized because the script no longer contains that property
[07/31/2026 - 08:39:36PM] warning: Property pDoomMageRemovedMSG on script CheatRoomDoomShrineScript attached to  (4B1C0802) cannot be initialized because the script no longer contains that property
[07/31/2026 - 08:39:36PM] warning: Property pDoomLadyRemovedMSG on script CheatRoomDoomShrineScript attached to  (4B1C0802) cannot be initialized because the script no longer contains that property
[07/31/2026 - 08:39:36PM] warning: Property pDoomTowerRemovedMSG on script CheatRoomDoomShrineScript attached to  (4B1C0802) cannot be initialized because the script no longer contains that property
[07/31/2026 - 08:39:36PM] warning: Property pDoomShadowRemovedMSG on script CheatRoomDoomShrineScript attached to  (4B1C0802) cannot be initialized because the script no longer contains that property
[07/31/2026 - 08:39:36PM] warning: Property pDoomLoverRemovedMSG on script CheatRoomDoomShrineScript attached to  (4B1C0802) cannot be initialized because the script no longer contains that property
[07/31/2026 - 08:39:36PM] warning: Property pDoomSteedRemovedMSG on script CheatRoomDoomShrineScript attached to  (4B1C0802) cannot be initialized because the script no longer contains that property
[07/31/2026 - 08:39:36PM] warning: Property pDoomRitualRemovedMSG on script CheatRoomDoomShrineScript attached to  (4B1C0803) cannot be initialized because the script no longer contains that property
[07/31/2026 - 08:39:36PM] warning: Property pDoomSerpentRemovedMSG on script CheatRoomDoomShrineScript attached to  (4B1C0803) cannot be initialized because the script no longer contains that property
[07/31/2026 - 08:39:36PM] warning: Property pDoomApprenticeRemovedMSG on script CheatRoomDoomShrineScript attached to  (4B1C0803) cannot be initialized because the script no longer contains that property
[07/31/2026 - 08:39:36PM] warning: Property pDoomAtronachRemovedMSG on script CheatRoomDoomShrineScript attached to  (4B1C0803) cannot be initialized because the script no longer contains that property
[07/31/2026 - 08:39:36PM] warning: Property pDoomWarriorRemovedMSG on script CheatRoomDoomShrineScript attached to  (4B1C0803) cannot be initialized because the script no longer contains that property
[07/31/2026 - 08:39:36PM] warning: Property pDoomLordRemovedMSG on script CheatRoomDoomShrineScript attached to  (4B1C0803) cannot be initialized because the script no longer contains that property
[07/31/2026 - 08:39:36PM] warning: Property pDoomThiefRemovedMSG on script CheatRoomDoomShrineScript attached to  (4B1C0803) cannot be initialized because the script no longer contains that property
[07/31/2026 - 08:39:36PM] warning: Property pDoomLadyRemovedMSG on script CheatRoomDoomShrineScript attached to  (4B1C0803) cannot be initialized because the script no longer contains that property
[07/31/2026 - 08:39:36PM] warning: Property pDoomTowerRemovedMSG on script CheatRoomDoomShrineScript attached to  (4B1C0803) cannot be initialized because the script no longer contains that property
[07/31/2026 - 08:39:36PM] warning: Property pDoomShadowRemovedMSG on script CheatRoomDoomShrineScript attached to  (4B1C0803) cannot be initialized because the script no longer contains that property
[07/31/2026 - 08:39:36PM] warning: Property pDoomLoverRemovedMSG on script CheatRoomDoomShrineScript attached to  (4B1C0803) cannot be initialized because the script no longer contains that property
[07/31/2026 - 08:39:36PM] warning: Property pDoomMageRemovedMSG on script CheatRoomDoomShrineScript attached to  (4B1C0803) cannot be initialized because the script no longer contains that property
[07/31/2026 - 08:39:36PM] warning: Property pDoomSteedRemovedMSG on script CheatRoomDoomShrineScript attached to  (4B1C0803) cannot be initialized because the script no longer contains that property
[07/31/2026 - 08:39:36PM] warning: Property knockBackExplosion on script dragonactorscript attached to  (FE19D81D) cannot be initialized because the script no longer contains that property
[07/31/2026 - 08:39:36PM] warning: Property SnowDragonSkin on script dragonactorscript attached to  (FE19D81D) cannot be initialized because the script no longer contains that property
[07/31/2026 - 08:39:36PM] warning: Property forestDragonSkin on script dragonactorscript attached to  (FE19D81D) cannot be initialized because the script no longer contains that property
[07/31/2026 - 08:39:36PM] warning: Property TundraDragonSkin on script dragonactorscript attached to  (FE19D81D) cannot be initialized because the script no longer contains that property
[07/31/2026 - 08:39:36PM] warning: Property knockBackExplosion on script dragonactorscript attached to  (00061067) cannot be initialized because the script no longer contains that property
[07/31/2026 - 08:39:36PM] warning: Property SnowDragonSkin on script dragonactorscript attached to  (00061067) cannot be initialized because the script no longer contains that property
[07/31/2026 - 08:39:36PM] warning: Property forestDragonSkin on script dragonactorscript attached to  (00061067) cannot be initialized because the script no longer contains that property
[07/31/2026 - 08:39:36PM] warning: Property TundraDragonSkin on script dragonactorscript attached to  (00061067) cannot be initialized because the script no longer contains that property
[07/31/2026 - 08:39:36PM] warning: Property timerHasStarted on script rdo_kaiequeststarter attached to alias Madanach on quest a_RDOMiscSharedInfoDialogue (96C17A62) cannot be initialized because the script no longer contains that property
[07/31/2026 - 08:39:36PM] warning: Property ShadeKills on script OlenShadeKILLz attached to  (0A6E02D8) cannot be initialized because the script no longer contains that property
[07/31/2026 - 08:39:36PM] warning: Property knockBackExplosion on script dragonactorscript attached to  (00043788) cannot be initialized because the script no longer contains that property
[07/31/2026 - 08:39:36PM] warning: Property SnowDragonSkin on script dragonactorscript attached to  (00043788) cannot be initialized because the script no longer contains that property
[07/31/2026 - 08:39:36PM] warning: Property forestDragonSkin on script dragonactorscript attached to  (00043788) cannot be initialized because the script no longer contains that property
[07/31/2026 - 08:39:36PM] warning: Property TundraDragonSkin on script dragonactorscript attached to  (00043788) cannot be initialized because the script no longer contains that property
[07/31/2026 - 08:39:36PM] Error: Property Lightblub on script MirrorSculptSCRIPT attached to  (79025820) cannot be bound because <nullptr form> (790578F1) is not the right type
[07/31/2026 - 08:39:36PM] warning: Property knockBackExplosion on script dragonactorscript attached to  (0003C57D) cannot be initialized because the script no longer contains that property
[07/31/2026 - 08:39:36PM] warning: Property SnowDragonSkin on script dragonactorscript attached to  (0003C57D) cannot be initialized because the script no longer contains that property
[07/31/2026 - 08:39:36PM] warning: Property forestDragonSkin on script dragonactorscript attached to  (0003C57D) cannot be initialized because the script no longer contains that property
[07/31/2026 - 08:39:36PM] warning: Property TundraDragonSkin on script dragonactorscript attached to  (0003C57D) cannot be initialized because the script no longer contains that property
[07/31/2026 - 08:39:36PM] Error: Property aaaSolstheim1 on script aaaShipTravelOriginSCRIPT attached to  (791814B5) cannot be bound because <nullptr form> (790CA1C6) is not the right type
[07/31/2026 - 08:39:36PM] warning: Property knockBackExplosion on script dragonactorscript attached to  (FE19D819) cannot be initialized because the script no longer contains that property
[07/31/2026 - 08:39:36PM] warning: Property SnowDragonSkin on script dragonactorscript attached to  (FE19D819) cannot be initialized because the script no longer contains that property
[07/31/2026 - 08:39:36PM] warning: Property forestDragonSkin on script dragonactorscript attached to  (FE19D819) cannot be initialized because the script no longer contains that property
[07/31/2026 - 08:39:36PM] warning: Property TundraDragonSkin on script dragonactorscript attached to  (FE19D819) cannot be initialized because the script no longer contains that property
[07/31/2026 - 08:39:36PM] warning: Property NeedVerseMikael on script RDO_BardsCollegeEddaQuestScript attached to a_RDOBardsCollegePoeticEdda (96BEF230) cannot be initialized because the script no longer contains that property
[07/31/2026 - 08:39:36PM] warning: Property NeedVerseTalsgar on script RDO_BardsCollegeEddaQuestScript attached to a_RDOBardsCollegePoeticEdda (96BEF230) cannot be initialized because the script no longer contains that property
[07/31/2026 - 08:39:36PM] warning: Property NeedVerseDelacourt on script RDO_BardsCollegeEddaQuestScript attached to a_RDOBardsCollegePoeticEdda (96BEF230) cannot be initialized because the script no longer contains that property
[07/31/2026 - 08:39:36PM] warning: Property GotVerseLurbuk on script RDO_BardsCollegeEddaQuestScript attached to a_RDOBardsCollegePoeticEdda (96BEF230) cannot be initialized because the script no longer contains that property
[07/31/2026 - 08:39:36PM] warning: Property NeedVerseOgmund on script RDO_BardsCollegeEddaQuestScript attached to a_RDOBardsCollegePoeticEdda (96BEF230) cannot be initialized because the script no longer contains that property
[07/31/2026 - 08:39:36PM] warning: Property NeedVerseKarita on script RDO_BardsCollegeEddaQuestScript attached to a_RDOBardsCollegePoeticEdda (96BEF230) cannot be initialized because the script no longer contains that property
[07/31/2026 - 08:39:36PM] warning: Property NeedVerseLuaffyn on script RDO_BardsCollegeEddaQuestScript attached to a_RDOBardsCollegePoeticEdda (96BEF230) cannot be initialized because the script no longer contains that property
[07/31/2026 - 08:39:36PM] warning: Property GotVerseTalsgar on script RDO_BardsCollegeEddaQuestScript attached to a_RDOBardsCollegePoeticEdda (96BEF230) cannot be initialized because the script no longer contains that property
[07/31/2026 - 08:39:36PM] warning: Property GotVerseOgmund on script RDO_BardsCollegeEddaQuestScript attached to a_RDOBardsCollegePoeticEdda (96BEF230) cannot be initialized because the script no longer contains that property
[07/31/2026 - 08:39:36PM] warning: Property GotVerseLisette on script RDO_BardsCollegeEddaQuestScript attached to a_RDOBardsCollegePoeticEdda (96BEF230) cannot be initialized because the script no longer contains that property
[07/31/2026 - 08:39:36PM] warning: Property GotVerseKarita on script RDO_BardsCollegeEddaQuestScript attached to a_RDOBardsCollegePoeticEdda (96BEF230) cannot be initialized because the script no longer contains that property
[07/31/2026 - 08:39:36PM] warning: Property GotVerseSven on script RDO_BardsCollegeEddaQuestScript attached to a_RDOBardsCollegePoeticEdda (96BEF230) cannot be initialized because the script no longer contains that property
[07/31/2026 - 08:39:36PM] warning: Property NeedVerseLisette on script RDO_BardsCollegeEddaQuestScript attached to a_RDOBardsCollegePoeticEdda (96BEF230) cannot be initialized because the script no longer contains that property
[07/31/2026 - 08:39:36PM] warning: Property NeedVerseSven on script RDO_BardsCollegeEddaQuestScript attached to a_RDOBardsCollegePoeticEdda (96BEF230) cannot be initialized because the script no longer contains that property
[07/31/2026 - 08:39:36PM] warning: Property GotVerseMikael on script RDO_BardsCollegeEddaQuestScript attached to a_RDOBardsCollegePoeticEdda (96BEF230) cannot be initialized because the script no longer contains that property
[07/31/2026 - 08:39:36PM] warning: Property NeedVerseLurbuk on script RDO_BardsCollegeEddaQuestScript attached to a_RDOBardsCollegePoeticEdda (96BEF230) cannot be initialized because the script no longer contains that property
[07/31/2026 - 08:39:36PM] warning: Property GotVerseLuaffyn on script RDO_BardsCollegeEddaQuestScript attached to a_RDOBardsCollegePoeticEdda (96BEF230) cannot be initialized because the script no longer contains that property
[07/31/2026 - 08:39:36PM] warning: Property GotVerseDelacourt on script RDO_BardsCollegeEddaQuestScript attached to a_RDOBardsCollegePoeticEdda (96BEF230) cannot be initialized because the script no longer contains that property
[07/31/2026 - 08:39:36PM] warning: Property Alias_Lisette on script RDO_BardsCollegeEddaQuestFragments attached to a_RDOBardsCollegePoeticEdda (96BEF230) cannot be initialized because the script no longer contains that property
[07/31/2026 - 08:39:36PM] warning: Property Alias_Luaffyn on script RDO_BardsCollegeEddaQuestFragments attached to a_RDOBardsCollegePoeticEdda (96BEF230) cannot be initialized because the script no longer contains that property
[07/31/2026 - 08:39:36PM] warning: Property Alias_Lurbuk on script RDO_BardsCollegeEddaQuestFragments attached to a_RDOBardsCollegePoeticEdda (96BEF230) cannot be initialized because the script no longer contains that property
[07/31/2026 - 08:39:36PM] warning: Property Alias_Karita on script RDO_BardsCollegeEddaQuestFragments attached to a_RDOBardsCollegePoeticEdda (96BEF230) cannot be initialized because the script no longer contains that property
[07/31/2026 - 08:39:36PM] warning: Property Alias_Delacourt on script RDO_BardsCollegeEddaQuestFragments attached to a_RDOBardsCollegePoeticEdda (96BEF230) cannot be initialized because the script no longer contains that property
[07/31/2026 - 08:39:36PM] warning: Property Alias_Mikael on script RDO_BardsCollegeEddaQuestFragments attached to a_RDOBardsCollegePoeticEdda (96BEF230) cannot be initialized because the script no longer contains that property
[07/31/2026 - 08:39:36PM] warning: Property Alias_Sven on script RDO_BardsCollegeEddaQuestFragments attached to a_RDOBardsCollegePoeticEdda (96BEF230) cannot be initialized because the script no longer contains that property
[07/31/2026 - 08:39:36PM] warning: Property Alias_Ogmund on script RDO_BardsCollegeEddaQuestFragments attached to a_RDOBardsCollegePoeticEdda (96BEF230) cannot be initialized because the script no longer contains that property
[07/31/2026 - 08:39:36PM] warning: Property Alias_Talsgar on script RDO_BardsCollegeEddaQuestFragments attached to a_RDOBardsCollegePoeticEdda (96BEF230) cannot be initialized because the script no longer contains that property
[07/31/2026 - 08:39:36PM] warning: Property pDoomRitualRemovedMSG on script CheatRoomDoomShrineScript attached to  (4B1C0805) cannot be initialized because the script no longer contains that property
[07/31/2026 - 08:39:36PM] warning: Property pDoomSerpentRemovedMSG on script CheatRoomDoomShrineScript attached to  (4B1C0805) cannot be initialized because the script no longer contains that property
[07/31/2026 - 08:39:36PM] warning: Property pDoomApprenticeRemovedMSG on script CheatRoomDoomShrineScript attached to  (4B1C0805) cannot be initialized because the script no longer contains that property
[07/31/2026 - 08:39:36PM] warning: Property pDoomAtronachRemovedMSG on script CheatRoomDoomShrineScript attached to  (4B1C0805) cannot be initialized because the script no longer contains that property
[07/31/2026 - 08:39:36PM] warning: Property pDoomWarriorRemovedMSG on script CheatRoomDoomShrineScript attached to  (4B1C0805) cannot be initialized because the script no longer contains that property
[07/31/2026 - 08:39:36PM] warning: Property pDoomLordRemovedMSG on script CheatRoomDoomShrineScript attached to  (4B1C0805) cannot be initialized because the script no longer contains that property
[07/31/2026 - 08:39:36PM] warning: Property pDoomThiefRemovedMSG on script CheatRoomDoomShrineScript attached to  (4B1C0805) cannot be initialized because the script no longer contains that property
[07/31/2026 - 08:39:36PM] warning: Property pDoomLadyRemovedMSG on script CheatRoomDoomShrineScript attached to  (4B1C0805) cannot be initialized because the script no longer contains that property
[07/31/2026 - 08:39:36PM] warning: Property pDoomTowerRemovedMSG on script CheatRoomDoomShrineScript attached to  (4B1C0805) cannot be initialized because the script no longer contains that property
[07/31/2026 - 08:39:36PM] warning: Property pDoomMageRemovedMSG on script CheatRoomDoomShrineScript attached to  (4B1C0805) cannot be initialized because the script no longer contains that property
[07/31/2026 - 08:39:36PM] warning: Property pDoomShadowRemovedMSG on script CheatRoomDoomShrineScript attached to  (4B1C0805) cannot be initialized because the script no longer contains that property
[07/31/2026 - 08:39:36PM] warning: Property pDoomLoverRemovedMSG on script CheatRoomDoomShrineScript attached to  (4B1C0805) cannot be initialized because the script no longer contains that property
[07/31/2026 - 08:39:36PM] warning: Property pDoomSteedRemovedMSG on script CheatRoomDoomShrineScript attached to  (4B1C0805) cannot be initialized because the script no longer contains that property
[07/31/2026 - 08:39:36PM] warning: Property PlayerRef on script Placeable_MISC_Placement_Script attached to Item 132 in container  (16002789) cannot be initialized because the script no longer contains that property
[07/31/2026 - 08:39:36PM] warning: Property MageArmor50 on script DLC1SeranaLevelingScript attached to  (02003BA8) cannot be initialized because the script no longer contains that property
[07/31/2026 - 08:39:36PM] warning: Property HackAndSlash60 on script DLC1SeranaLevelingScript attached to  (02003BA8) cannot be initialized because the script no longer contains that property
[07/31/2026 - 08:39:36PM] warning: Property Necromancy on script DLC1SeranaLevelingScript attached to  (02003BA8) cannot be initialized because the script no longer contains that property
[07/31/2026 - 08:39:36PM] warning: Property SavageStrike on script DLC1SeranaLevelingScript attached to  (02003BA8) cannot be initialized because the script no longer contains that property
[07/31/2026 - 08:39:36PM] warning: Property Bladesman60 on script DLC1SeranaLevelingScript attached to  (02003BA8) cannot be initialized because the script no longer contains that property
[07/31/2026 - 08:39:36PM] warning: Property MageArmor30 on script DLC1SeranaLevelingScript attached to  (02003BA8) cannot be initialized because the script no longer contains that property
[07/31/2026 - 08:39:36PM] warning: Property Bladesman90 on script DLC1SeranaLevelingScript attached to  (02003BA8) cannot be initialized because the script no longer contains that property
[07/31/2026 - 08:39:36PM] warning: Property DarkSouls on script DLC1SeranaLevelingScript attached to  (02003BA8) cannot be initialized because the script no longer contains that property
[07/31/2026 - 08:39:36PM] warning: Property HackAndSlash90 on script DLC1SeranaLevelingScript attached to  (02003BA8) cannot be initialized because the script no longer contains that property
[07/31/2026 - 08:39:36PM] warning: Property AugmentedFrost on script DLC1SeranaLevelingScript attached to  (02003BA8) cannot be initialized because the script no longer contains that property
[07/31/2026 - 08:39:36PM] warning: Property MagicResistance30 on script DLC1SeranaLevelingScript attached to  (02003BA8) cannot be initialized because the script no longer contains that property
[07/31/2026 - 08:39:36PM] warning: Property WindWalker on script DLC1SeranaLevelingScript attached to  (02003BA8) cannot be initialized because the script no longer contains that property
[07/31/2026 - 08:39:36PM] warning: Property MagicResistance50 on script DLC1SeranaLevelingScript attached to  (02003BA8) cannot be initialized because the script no longer contains that property
[07/31/2026 - 08:39:36PM] warning: Property PlayerRef on script Placeable_MISC_Placement_Script attached to Item 123 in container  (16002789) cannot be initialized because the script no longer contains that property
[07/31/2026 - 08:39:36PM] warning: Property RaceList on script playervampirequestscript attached to PlayerVampireQuest (000EAFD5) cannot be initialized because the script no longer contains that property
[07/31/2026 - 08:39:36PM] warning: Property VampireList on script playervampirequestscript attached to PlayerVampireQuest (000EAFD5) cannot be initialized because the script no longer contains that property
[07/31/2026 - 08:39:36PM] warning: Property PlayerRef on script Placeable_MISC_Placement_Script attached to Item 170 in container  (16002789) cannot be initialized because the script no longer contains that property
[07/31/2026 - 08:39:36PM] warning: Property knockBackExplosion on script dragonactorscript attached to  (FE19D81B) cannot be initialized because the script no longer contains that property
[07/31/2026 - 08:39:36PM] warning: Property SnowDragonSkin on script dragonactorscript attached to  (FE19D81B) cannot be initialized because the script no longer contains that property
[07/31/2026 - 08:39:36PM] warning: Property forestDragonSkin on script dragonactorscript attached to  (FE19D81B) cannot be initialized because the script no longer contains that property
[07/31/2026 - 08:39:36PM] warning: Property TundraDragonSkin on script dragonactorscript attached to  (FE19D81B) cannot be initialized because the script no longer contains that property
[07/31/2026 - 08:39:36PM] warning: Property knockBackExplosion on script dragonactorscript attached to  (0BF3FD26) cannot be initialized because the script no longer contains that property
[07/31/2026 - 08:39:36PM] warning: Property forestDragonSkin on script dragonactorscript attached to  (0BF3FD26) cannot be initialized because the script no longer contains that property
[07/31/2026 - 08:39:36PM] warning: Property TundraDragonSkin on script dragonactorscript attached to  (0BF3FD26) cannot be initialized because the script no longer contains that property
[07/31/2026 - 08:39:36PM] warning: Property SnowDragonSkin on script dragonactorscript attached to  (0BF3FD26) cannot be initialized because the script no longer contains that property
[07/31/2026 - 08:39:36PM] warning: Property knockBackExplosion on script dragonactorscript attached to  (FE19D81A) cannot be initialized because the script no longer contains that property
[07/31/2026 - 08:39:36PM] warning: Property SnowDragonSkin on script dragonactorscript attached to  (FE19D81A) cannot be initialized because the script no longer contains that property
[07/31/2026 - 08:39:36PM] warning: Property forestDragonSkin on script dragonactorscript attached to  (FE19D81A) cannot be initialized because the script no longer contains that property
[07/31/2026 - 08:39:36PM] warning: Property TundraDragonSkin on script dragonactorscript attached to  (FE19D81A) cannot be initialized because the script no longer contains that property
[07/31/2026 - 08:39:36PM] warning: Property USSEPElevatorPowerRequiredMessage on script blackreachExitElevatorScript attached to  (000EF7B8) cannot be initialized because the script no longer contains that property
[07/31/2026 - 08:39:36PM] warning: Property XPCrab on script CheatRoomActiveButton30XP attached to  (4B105139) cannot be initialized because the script no longer contains that property
[07/31/2026 - 08:39:36PM] warning: Property FishingMod01 on script ME_Script_TravelBoat attached to  (763BB025) cannot be initialized because the script no longer contains that property
[07/31/2026 - 08:39:36PM] warning: Property FishingMod03 on script ME_Script_TravelBoat attached to  (763BB025) cannot be initialized because the script no longer contains that property
[07/31/2026 - 08:39:36PM] warning: Property FishingMod02 on script ME_Script_TravelBoat attached to  (763BB025) cannot be initialized because the script no longer contains that property
[07/31/2026 - 08:39:36PM] warning: Property LocTypeCity on script byohrelationshipadoptionscript attached to BYOHRelationshipAdoption (030042B4) cannot be initialized because the script no longer contains that property
[07/31/2026 - 08:39:36PM] warning: Property pDoomRitualRemovedMSG on script CheatRoomDoomShrineScript attached to  (4B1C07FF) cannot be initialized because the script no longer contains that property
[07/31/2026 - 08:39:36PM] warning: Property pDoomSerpentRemovedMSG on script CheatRoomDoomShrineScript attached to  (4B1C07FF) cannot be initialized because the script no longer contains that property
[07/31/2026 - 08:39:36PM] warning: Property pDoomApprenticeRemovedMSG on script CheatRoomDoomShrineScript attached to  (4B1C07FF) cannot be initialized because the script no longer contains that property
[07/31/2026 - 08:39:36PM] warning: Property pDoomAtronachRemovedMSG on script CheatRoomDoomShrineScript attached to  (4B1C07FF) cannot be initialized because the script no longer contains that property
[07/31/2026 - 08:39:36PM] warning: Property pDoomWarriorRemovedMSG on script CheatRoomDoomShrineScript attached to  (4B1C07FF) cannot be initialized because the script no longer contains that property
[07/31/2026 - 08:39:36PM] warning: Property pDoomLordRemovedMSG on script CheatRoomDoomShrineScript attached to  (4B1C07FF) cannot be initialized because the script no longer contains that property
[07/31/2026 - 08:39:36PM] warning: Property pDoomThiefRemovedMSG on script CheatRoomDoomShrineScript attached to  (4B1C07FF) cannot be initialized because the script no longer contains that property
[07/31/2026 - 08:39:36PM] warning: Property pDoomLadyRemovedMSG on script CheatRoomDoomShrineScript attached to  (4B1C07FF) cannot be initialized because the script no longer contains that property
[07/31/2026 - 08:39:36PM] warning: Property pDoomTowerRemovedMSG on script CheatRoomDoomShrineScript attached to  (4B1C07FF) cannot be initialized because the script no longer contains that property
[07/31/2026 - 08:39:36PM] warning: Property pDoomShadowRemovedMSG on script CheatRoomDoomShrineScript attached to  (4B1C07FF) cannot be initialized because the script no longer contains that property
[07/31/2026 - 08:39:36PM] warning: Property pDoomLoverRemovedMSG on script CheatRoomDoomShrineScript attached to  (4B1C07FF) cannot be initialized because the script no longer contains that property
[07/31/2026 - 08:39:36PM] warning: Property pDoomMageRemovedMSG on script CheatRoomDoomShrineScript attached to  (4B1C07FF) cannot be initialized because the script no longer contains that property
[07/31/2026 - 08:39:36PM] warning: Property pDoomSteedRemovedMSG on script CheatRoomDoomShrineScript attached to  (4B1C07FF) cannot be initialized because the script no longer contains that property
[07/31/2026 - 08:39:36PM] warning: Property BFBDragon on script BFBdragonFlyoverSCRIPT attached to  (0005A0C6) cannot be initialized because the script no longer contains that property
[07/31/2026 - 08:39:36PM] warning: Property SMP on script CollisionReset_Ani attached to CollisionReset_Ani (FE036803) cannot be initialized because the script no longer contains that property
[07/31/2026 - 08:39:36PM] warning: Property ME_G_GhostDeath on script Me_Script_Fireplace attached to  (7642A71E) cannot be initialized because the script no longer contains that property
[07/31/2026 - 08:39:36PM] warning: Property ME_Ref_FireplaceMarkers on script Me_Script_Fireplace attached to  (7642A71E) cannot be initialized because the script no longer contains that property
[07/31/2026 - 08:39:36PM] warning: Property ME_Ref_Ghost on script Me_Script_Fireplace attached to  (7642A71E) cannot be initialized because the script no longer contains that property
[07/31/2026 - 08:39:36PM] warning: Property ME_X_RitualSpot on script Me_Script_Fireplace attached to  (7642A71E) cannot be initialized because the script no longer contains that property
[07/31/2026 - 08:39:36PM] warning: Property ME_FL_SpawnMarker on script Me_Script_Fireplace attached to  (7642A71E) cannot be initialized because the script no longer contains that property
[07/31/2026 - 08:39:36PM] warning: Property knockBackExplosion on script dragonactorscript attached to  (00032DB7) cannot be initialized because the script no longer contains that property
[07/31/2026 - 08:39:36PM] warning: Property SnowDragonSkin on script dragonactorscript attached to  (00032DB7) cannot be initialized because the script no longer contains that property
[07/31/2026 - 08:39:36PM] warning: Property forestDragonSkin on script dragonactorscript attached to  (00032DB7) cannot be initialized because the script no longer contains that property
[07/31/2026 - 08:39:36PM] warning: Property TundraDragonSkin on script dragonactorscript attached to  (00032DB7) cannot be initialized because the script no longer contains that property
[07/31/2026 - 08:39:36PM] warning: Property knockBackExplosion on script dragonactorscript attached to  (0004424B) cannot be initialized because the script no longer contains that property
[07/31/2026 - 08:39:36PM] warning: Property SnowDragonSkin on script dragonactorscript attached to  (0004424B) cannot be initialized because the script no longer contains that property
[07/31/2026 - 08:39:36PM] warning: Property forestDragonSkin on script dragonactorscript attached to  (0004424B) cannot be initialized because the script no longer contains that property
[07/31/2026 - 08:39:36PM] warning: Property TundraDragonSkin on script dragonactorscript attached to  (0004424B) cannot be initialized because the script no longer contains that property
[07/31/2026 - 08:39:36PM] warning: Property knockBackExplosion on script dragonactorscript attached to  (0004377E) cannot be initialized because the script no longer contains that property
[07/31/2026 - 08:39:36PM] warning: Property SnowDragonSkin on script dragonactorscript attached to  (0004377E) cannot be initialized because the script no longer contains that property
[07/31/2026 - 08:39:36PM] warning: Property forestDragonSkin on script dragonactorscript attached to  (0004377E) cannot be initialized because the script no longer contains that property
[07/31/2026 - 08:39:36PM] warning: Property TundraDragonSkin on script dragonactorscript attached to  (0004377E) cannot be initialized because the script no longer contains that property
[07/31/2026 - 08:39:36PM] warning: Variable ::SMUtil_var on script aaashiputilityscript has an invalid type aaasmutilityscript loaded from save. This variable will be skipped.
[07/31/2026 - 08:39:37PM] VM is thawing...
[07/31/2026 - 08:39:38PM] warning: Assigning None to a non-object variable named "::temp3"
stack:
	[alias Player on quest aaaShipInputQuest (159D7FC7)].aaaShipPlayerScript.OnPlayerLoadGame() - "aaaShipPlayerScript.psc" Line 7
[07/31/2026 - 08:39:38PM] Error: Cannot call OnGameReload() on a None object, aborting function call
stack:
	[alias PlayerAlias on quest capslock (B000638B)].SKI_PlayerLoadGameAlias.OnPlayerLoadGame() - "SKI_PlayerLoadGameAlias.psc" Line 6
[07/31/2026 - 08:39:38PM] PL/Manager: load detected, restore sweep queued
[07/31/2026 - 08:39:38PM] Error: Cannot call OnGameReload() on a None object, aborting function call
stack:
	[alias Player on quest OBodyNGQuest (FE182D6A)].SKI_PlayerLoadGameAlias.OnPlayerLoadGame() - "SKI_PlayerLoadGameAlias.psc" Line 6
[07/31/2026 - 08:39:38PM] Error: Cannot call OnGameReload() on a None object, aborting function call
stack:
	[alias Player on quest OBodyNG_JR_CBPCHotSwapQuest (FE183829)].SKI_PlayerLoadGameAlias.OnPlayerLoadGame() - "SKI_PlayerLoadGameAlias.psc" Line 6
[07/31/2026 - 08:39:38PM] SOS Maintenance: loaded version is 300004
[07/31/2026 - 08:39:38PM] SOS Maintenance: 300004 is update
[07/31/2026 - 08:39:38PM] Error: Cannot call OnGameReload() on a None object, aborting function call
stack:
	[alias Player on quest _ST_Quest (BC000D62)].SKI_PlayerLoadGameAlias.OnPlayerLoadGame() - "SKI_PlayerLoadGameAlias.psc" Line 6
[07/31/2026 - 08:39:38PM] Relationship Dialogue Overhaul : Checking For Mods ---------- Ignore Errors About Missing Files
[07/31/2026 - 08:39:38PM] ASGStartupAlias - starting onload process.
[07/31/2026 - 08:39:38PM] ASGM Startup - Making Vanilla.
[07/31/2026 - 08:39:38PM] Error: File "Guard Dialogue Overhaul.esp" does not exist or is not currently loaded.
stack:
	<unknown self>.Game.GetFormFromFile() - "<native>" Line ?
	[aaa_RDO_MCMConfig (9600AA0E)].RDO_MCMConfig.RDO_ModCheck() - "RDO_MCMConfig.psc" Line 873
	[aaa_RDO_MCMConfig (9600AA0E)].RDO_MCMConfig.OnGameReload() - "RDO_MCMConfig.psc" Line 1050
	[alias PlayerAlias on quest aaa_RDO_MCMConfig (9600AA0E)].SKI_PlayerLoadGameAlias.OnPlayerLoadGame() - "SKI_PlayerLoadGameAlias.psc" Line 6
[07/31/2026 - 08:39:38PM] Error: Cannot call OnGameReload() on a None object, aborting function call
stack:
	[alias Player on quest PL_MCMQuest (7B002871)].SKI_PlayerLoadGameAlias.OnPlayerLoadGame() - "SKI_PlayerLoadGameAlias.psc" Line 6
[07/31/2026 - 08:39:38PM] PL/Station 2: UpdateTriggerName â€” bound=False name=''
[07/31/2026 - 08:39:38PM] PL/Station 5: UpdateTriggerName â€” bound=False name='girl'
[07/31/2026 - 08:39:38PM] PL/Station 4: UpdateTriggerName â€” bound=False name=''
[07/31/2026 - 08:39:38PM] Relationship Dialogue Overhaul : Done Checking For Mods ---------- Any Errors Reported Are Harmless
[07/31/2026 - 08:39:38PM] ASGM Startup - Getting all Soul Gems.
[07/31/2026 - 08:39:38PM] error: Native static function DetachMesh could find no matching static function on linked type NiOverride. Function will not be bound.
[07/31/2026 - 08:39:38PM] error: Native static function AttachMesh could find no matching static function on linked type NiOverride. Function will not be bound.
[07/31/2026 - 08:39:38PM] error: Native static function GetNodeTransformScaleMode does not match existing signature on linked type NiOverride. Function will not be bound.
[07/31/2026 - 08:39:38PM] error: Native static function GetCachedMorphNames could find no matching static function on linked type NiOverride. Function will not be bound.
[07/31/2026 - 08:39:38PM] EarthForge: Savegame loaded
[07/31/2026 - 08:39:38PM] Currently importing gems in file: RareCurios.json
[07/31/2026 - 08:39:38PM] Currently importing gems in file: SaintsSeducers.json
[07/31/2026 - 08:39:38PM] Currently importing gems in file: vanilla.json
[07/31/2026 - 08:39:38PM] error: Unbound native function "ReloadConfig" called
[07/31/2026 - 08:39:38PM] ASGM Startup loaded, waiting 1 second before giving book. (Notification = TRUE)
[07/31/2026 - 08:39:38PM] error: Unbound native function "setModEnabled" called
[07/31/2026 - 08:39:38PM] error: Unbound native function "setUpdateCollisionAuto" called
[07/31/2026 - 08:39:38PM] [Campfire]======================================================================================================
[07/31/2026 - 08:39:38PM] [Campfire]     Campfire is now performing compatibility checks. Papyrus warnings about missing or               
[07/31/2026 - 08:39:38PM] [Campfire]             unloaded files may follow. This is NORMAL and can be ignored.   		                   
[07/31/2026 - 08:39:38PM] [Campfire]======================================================================================================
[07/31/2026 - 08:39:38PM] [Campfire] Detected SKSE version 2.020600 (expected 1.070300 or newer, success!)
[07/31/2026 - 08:39:38PM] Error: File "SkyUI.esp" does not exist or is not currently loaded.
stack:
	<unknown self>.Game.GetFormFromFile() - "<native>" Line ?
	[alias _Camp_PlayerAlias on quest _Camp_MainQuest (1C022033)]._camp_compatibility.IsPluginLoaded() - "_Camp_Compatibility.psc" Line 645
	[alias _Camp_PlayerAlias on quest _Camp_MainQuest (1C022033)]._camp_compatibility.RunCompatibility() - "_Camp_Compatibility.psc" Line 261
	[alias _Camp_PlayerAlias on quest _Camp_MainQuest (1C022033)]._camp_compatibility.OnPlayerLoadGame() - "_Camp_Compatibility.psc" Line 133
[07/31/2026 - 08:39:38PM] [Campfire] Loaded: SkyUI_SE.esp
[07/31/2026 - 08:39:38PM] Error: File "SkyrimVR.esm" does not exist or is not currently loaded.
stack:
	<unknown self>.Game.GetFormFromFile() - "<native>" Line ?
	[alias _Camp_PlayerAlias on quest _Camp_MainQuest (1C022033)]._camp_compatibility.IsPluginLoaded() - "_Camp_Compatibility.psc" Line 645
	[alias _Camp_PlayerAlias on quest _Camp_MainQuest (1C022033)]._camp_compatibility.RunCompatibility() - "_Camp_Compatibility.psc" Line 272
	[alias _Camp_PlayerAlias on quest _Camp_MainQuest (1C022033)]._camp_compatibility.OnPlayerLoadGame() - "_Camp_Compatibility.psc" Line 133
[07/31/2026 - 08:39:38PM] [Campfire] Loaded: Dawnguard.esm
[07/31/2026 - 08:39:38PM] [Campfire] Loaded: Dragonborn.esm
[07/31/2026 - 08:39:38PM] [Campfire] Loaded: HearthFires.esm
[07/31/2026 - 08:39:38PM] Error: File "Imp's More Complex Needs.esp" does not exist or is not currently loaded.
stack:
	<unknown self>.Game.GetFormFromFile() - "<native>" Line ?
	[alias _Camp_PlayerAlias on quest _Camp_MainQuest (1C022033)]._camp_compatibility.IsPluginLoaded() - "_Camp_Compatibility.psc" Line 645
	[alias _Camp_PlayerAlias on quest _Camp_MainQuest (1C022033)]._camp_compatibility.RunCompatibility() - "_Camp_Compatibility.psc" Line 335
	[alias _Camp_PlayerAlias on quest _Camp_MainQuest (1C022033)]._camp_compatibility.OnPlayerLoadGame() - "_Camp_Compatibility.psc" Line 133
[07/31/2026 - 08:39:38PM] Error: File "RealisticNeedsandDiseases.esp" does not exist or is not currently loaded.
stack:
	<unknown self>.Game.GetFormFromFile() - "<native>" Line ?
	[alias _Camp_PlayerAlias on quest _Camp_MainQuest (1C022033)]._camp_compatibility.IsPluginLoaded() - "_Camp_Compatibility.psc" Line 645
	[alias _Camp_PlayerAlias on quest _Camp_MainQuest (1C022033)]._camp_compatibility.RunCompatibility() - "_Camp_Compatibility.psc" Line 351
	[alias _Camp_PlayerAlias on quest _Camp_MainQuest (1C022033)]._camp_compatibility.OnPlayerLoadGame() - "_Camp_Compatibility.psc" Line 133
[07/31/2026 - 08:39:38PM] Error: File "iNeed.esp" does not exist or is not currently loaded.
stack:
	<unknown self>.Game.GetFormFromFile() - "<native>" Line ?
	[alias _Camp_PlayerAlias on quest _Camp_MainQuest (1C022033)]._camp_compatibility.IsPluginLoaded() - "_Camp_Compatibility.psc" Line 645
	[alias _Camp_PlayerAlias on quest _Camp_MainQuest (1C022033)]._camp_compatibility.RunCompatibility() - "_Camp_Compatibility.psc" Line 377
	[alias _Camp_PlayerAlias on quest _Camp_MainQuest (1C022033)]._camp_compatibility.OnPlayerLoadGame() - "_Camp_Compatibility.psc" Line 133
[07/31/2026 - 08:39:38PM] Error: File "Frostfall.esp" does not exist or is not currently loaded.
stack:
	<unknown self>.Game.GetFormFromFile() - "<native>" Line ?
	[alias _Camp_PlayerAlias on quest _Camp_MainQuest (1C022033)]._camp_compatibility.IsPluginLoaded() - "_Camp_Compatibility.psc" Line 645
	[alias _Camp_PlayerAlias on quest _Camp_MainQuest (1C022033)]._camp_compatibility.RunCompatibility() - "_Camp_Compatibility.psc" Line 399
	[alias _Camp_PlayerAlias on quest _Camp_MainQuest (1C022033)]._camp_compatibility.OnPlayerLoadGame() - "_Camp_Compatibility.psc" Line 133
[07/31/2026 - 08:39:38PM] Error: File "LastSeed.esp" does not exist or is not currently loaded.
stack:
	<unknown self>.Game.GetFormFromFile() - "<native>" Line ?
	[alias _Camp_PlayerAlias on quest _Camp_MainQuest (1C022033)]._camp_compatibility.IsPluginLoaded() - "_Camp_Compatibility.psc" Line 645
	[alias _Camp_PlayerAlias on quest _Camp_MainQuest (1C022033)]._camp_compatibility.RunCompatibility() - "_Camp_Compatibility.psc" Line 418
	[alias _Camp_PlayerAlias on quest _Camp_MainQuest (1C022033)]._camp_compatibility.OnPlayerLoadGame() - "_Camp_Compatibility.psc" Line 133
[07/31/2026 - 08:39:38PM] error: Unbound native function "setUpdateBounceAuto" called
[07/31/2026 - 08:39:38PM] error: Native static function toString could find no matching static function on linked type JValue. Function will not be bound.
[07/31/2026 - 08:39:38PM] error: Unbound native function "setDebugModeConsole" called
[07/31/2026 - 08:39:38PM] error: Unbound native function "setDebugModeNotif" called
[07/31/2026 - 08:39:38PM] error: Unbound native function "setOnlyUnique" called
[07/31/2026 - 08:39:38PM] Info: *Achievement 36 awarded - a winnar is you!*
[07/31/2026 - 08:39:38PM] InitWidgetLoader()
[07/31/2026 - 08:39:38PM] FISHING: Checking for updates.
[07/31/2026 - 08:39:38PM] Error: File "Equipping Overhaul.esp" does not exist or is not currently loaded.
stack:
	<unknown self>.Game.GetFormFromFile() - "<native>" Line ?
	[alias _Camp_PlayerAlias on quest _Camp_MainQuest (1C022033)]._camp_compatibility.IsPluginLoaded() - "_Camp_Compatibility.psc" Line 645
	[alias _Camp_PlayerAlias on quest _Camp_MainQuest (1C022033)]._camp_compatibility.RunCompatibility() - "_Camp_Compatibility.psc" Line 623
	[alias _Camp_PlayerAlias on quest _Camp_MainQuest (1C022033)]._camp_compatibility.OnPlayerLoadGame() - "_Camp_Compatibility.psc" Line 133
[07/31/2026 - 08:39:38PM] [Campfire]======================================================================================================
[07/31/2026 - 08:39:38PM] [Campfire]                            Campfire compatibility check complete.   		                           
[07/31/2026 - 08:39:38PM] [Campfire]======================================================================================================
[07/31/2026 - 08:39:38PM] 
[07/31/2026 - 08:39:38PM] =====Shooting Stars is searching for SKSE and SkyUI. Any errors below are harmless.=====
[07/31/2026 - 08:39:38PM] 
[07/31/2026 - 08:39:38PM] 
[07/31/2026 - 08:39:38PM] =====Shooting Stars is finished searching!=====
[07/31/2026 - 08:39:38PM] 
[07/31/2026 - 08:39:39PM] ASGM Startup - Settings:56, enabled: False
[07/31/2026 - 08:39:39PM] EarthForge: Loaded from savegame but not in forge or during teleport, skipping light brightness update
[07/31/2026 - 08:39:39PM] Cannot open store for class "fnis", missing file?
[07/31/2026 - 08:39:39PM] Error: Unable to obtain function call information - returning None
stack:
	[XPMSEWeaponQuest (8E000D62)].XPMSEWeaponQuest.CheckRequirements() - "XPMSEWeaponQuest.psc" Line 276
	[XPMSEWeaponQuest (8E000D62)].XPMSEWeaponQuest.initialize() - "XPMSEWeaponQuest.psc" Line 54
	[alias XPMSEWeaponPlayer on quest XPMSEWeaponQuest (8E000D62)].XPMSEWeaponPlayerScript.OnPlayerLoadGame() - "XPMSEWeaponPlayerScript.psc" Line 6
[07/31/2026 - 08:39:39PM] warning: Assigning None to a non-object variable named "::temp51"
stack:
	[XPMSEWeaponQuest (8E000D62)].XPMSEWeaponQuest.CheckRequirements() - "XPMSEWeaponQuest.psc" Line 276
	[XPMSEWeaponQuest (8E000D62)].XPMSEWeaponQuest.initialize() - "XPMSEWeaponQuest.psc" Line 54
	[alias XPMSEWeaponPlayer on quest XPMSEWeaponQuest (8E000D62)].XPMSEWeaponPlayerScript.OnPlayerLoadGame() - "XPMSEWeaponPlayerScript.psc" Line 6
[07/31/2026 - 08:39:39PM] EarthForge: Loaded from savegame but not in forge or during teleport, skipping vis FX update
[07/31/2026 - 08:39:39PM] Cannot open store for class "fnis_aa", missing file?
[07/31/2026 - 08:39:39PM] Error: Unable to obtain function call information - returning None
stack:
	[XPMSEWeaponQuest (8E000D62)].XPMSEWeaponQuest.InitializeData() - "XPMSEWeaponQuest.psc" Line 187
	[XPMSEWeaponQuest (8E000D62)].XPMSEWeaponQuest.initialize() - "XPMSEWeaponQuest.psc" Line 56
	[alias XPMSEWeaponPlayer on quest XPMSEWeaponQuest (8E000D62)].XPMSEWeaponPlayerScript.OnPlayerLoadGame() - "XPMSEWeaponPlayerScript.psc" Line 6
[07/31/2026 - 08:39:39PM] warning: Assigning None to a non-object variable named "::temp35"
stack:
	[XPMSEWeaponQuest (8E000D62)].XPMSEWeaponQuest.InitializeData() - "XPMSEWeaponQuest.psc" Line 187
	[XPMSEWeaponQuest (8E000D62)].XPMSEWeaponQuest.initialize() - "XPMSEWeaponQuest.psc" Line 56
	[alias XPMSEWeaponPlayer on quest XPMSEWeaponQuest (8E000D62)].XPMSEWeaponPlayerScript.OnPlayerLoadGame() - "XPMSEWeaponPlayerScript.psc" Line 6
[07/31/2026 - 08:39:39PM] Error: Static function _1hmeqp not found on object fnis_aa. Aborting call and returning None
stack:
	[XPMSEWeaponQuest (8E000D62)].XPMSEWeaponQuest.InitializeData() - "XPMSEWeaponQuest.psc" Line 190
	[XPMSEWeaponQuest (8E000D62)].XPMSEWeaponQuest.initialize() - "XPMSEWeaponQuest.psc" Line 56
	[alias XPMSEWeaponPlayer on quest XPMSEWeaponQuest (8E000D62)].XPMSEWeaponPlayerScript.OnPlayerLoadGame() - "XPMSEWeaponPlayerScript.psc" Line 6
[07/31/2026 - 08:39:39PM] warning: Assigning None to a non-object variable named "::temp37"
stack:
	[XPMSEWeaponQuest (8E000D62)].XPMSEWeaponQuest.InitializeData() - "XPMSEWeaponQuest.psc" Line 190
	[XPMSEWeaponQuest (8E000D62)].XPMSEWeaponQuest.initialize() - "XPMSEWeaponQuest.psc" Line 56
	[alias XPMSEWeaponPlayer on quest XPMSEWeaponQuest (8E000D62)].XPMSEWeaponPlayerScript.OnPlayerLoadGame() - "XPMSEWeaponPlayerScript.psc" Line 6
[07/31/2026 - 08:39:39PM] Error: Static function GetGroupBaseValue not found on object fnis_aa. Aborting call and returning None
stack:
	[XPMSEWeaponQuest (8E000D62)].XPMSEWeaponQuest.InitializeData() - "XPMSEWeaponQuest.psc" Line 190
	[XPMSEWeaponQuest (8E000D62)].XPMSEWeaponQuest.initialize() - "XPMSEWeaponQuest.psc" Line 56
	[alias XPMSEWeaponPlayer on quest XPMSEWeaponQuest (8E000D62)].XPMSEWeaponPlayerScript.OnPlayerLoadGame() - "XPMSEWeaponPlayerScript.psc" Line 6
[07/31/2026 - 08:39:39PM] warning: Assigning None to a non-object variable named "::temp35"
stack:
	[XPMSEWeaponQuest (8E000D62)].XPMSEWeaponQuest.InitializeData() - "XPMSEWeaponQuest.psc" Line 190
	[XPMSEWeaponQuest (8E000D62)].XPMSEWeaponQuest.initialize() - "XPMSEWeaponQuest.psc" Line 56
	[alias XPMSEWeaponPlayer on quest XPMSEWeaponQuest (8E000D62)].XPMSEWeaponPlayerScript.OnPlayerLoadGame() - "XPMSEWeaponPlayerScript.psc" Line 6
[07/31/2026 - 08:39:39PM] Error: Static function _2hmeqp not found on object fnis_aa. Aborting call and returning None
stack:
	[XPMSEWeaponQuest (8E000D62)].XPMSEWeaponQuest.InitializeData() - "XPMSEWeaponQuest.psc" Line 192
	[XPMSEWeaponQuest (8E000D62)].XPMSEWeaponQuest.initialize() - "XPMSEWeaponQuest.psc" Line 56
	[alias XPMSEWeaponPlayer on quest XPMSEWeaponQuest (8E000D62)].XPMSEWeaponPlayerScript.OnPlayerLoadGame() - "XPMSEWeaponPlayerScript.psc" Line 6
[07/31/2026 - 08:39:39PM] warning: Assigning None to a non-object variable named "::temp35"
stack:
	[XPMSEWeaponQuest (8E000D62)].XPMSEWeaponQuest.InitializeData() - "XPMSEWeaponQuest.psc" Line 192
	[XPMSEWeaponQuest (8E000D62)].XPMSEWeaponQuest.initialize() - "XPMSEWeaponQuest.psc" Line 56
	[alias XPMSEWeaponPlayer on quest XPMSEWeaponQuest (8E000D62)].XPMSEWeaponPlayerScript.OnPlayerLoadGame() - "XPMSEWeaponPlayerScript.psc" Line 6
[07/31/2026 - 08:39:39PM] Error: Static function GetGroupBaseValue not found on object fnis_aa. Aborting call and returning None
stack:
	[XPMSEWeaponQuest (8E000D62)].XPMSEWeaponQuest.InitializeData() - "XPMSEWeaponQuest.psc" Line 192
	[XPMSEWeaponQuest (8E000D62)].XPMSEWeaponQuest.initialize() - "XPMSEWeaponQuest.psc" Line 56
	[alias XPMSEWeaponPlayer on quest XPMSEWeaponQuest (8E000D62)].XPMSEWeaponPlayerScript.OnPlayerLoadGame() - "XPMSEWeaponPlayerScript.psc" Line 6
[07/31/2026 - 08:39:39PM] warning: Assigning None to a non-object variable named "::temp37"
stack:
	[XPMSEWeaponQuest (8E000D62)].XPMSEWeaponQuest.InitializeData() - "XPMSEWeaponQuest.psc" Line 192
	[XPMSEWeaponQuest (8E000D62)].XPMSEWeaponQuest.initialize() - "XPMSEWeaponQuest.psc" Line 56
	[alias XPMSEWeaponPlayer on quest XPMSEWeaponQuest (8E000D62)].XPMSEWeaponPlayerScript.OnPlayerLoadGame() - "XPMSEWeaponPlayerScript.psc" Line 6
[07/31/2026 - 08:39:39PM] Error: Static function _2hweqp not found on object fnis_aa. Aborting call and returning None
stack:
	[XPMSEWeaponQuest (8E000D62)].XPMSEWeaponQuest.InitializeData() - "XPMSEWeaponQuest.psc" Line 194
	[XPMSEWeaponQuest (8E000D62)].XPMSEWeaponQuest.initialize() - "XPMSEWeaponQuest.psc" Line 56
	[alias XPMSEWeaponPlayer on quest XPMSEWeaponQuest (8E000D62)].XPMSEWeaponPlayerScript.OnPlayerLoadGame() - "XPMSEWeaponPlayerScript.psc" Line 6
[07/31/2026 - 08:39:39PM] warning: Assigning None to a non-object variable named "::temp37"
stack:
	[XPMSEWeaponQuest (8E000D62)].XPMSEWeaponQuest.InitializeData() - "XPMSEWeaponQuest.psc" Line 194
	[XPMSEWeaponQuest (8E000D62)].XPMSEWeaponQuest.initialize() - "XPMSEWeaponQuest.psc" Line 56
	[alias XPMSEWeaponPlayer on quest XPMSEWeaponQuest (8E000D62)].XPMSEWeaponPlayerScript.OnPlayerLoadGame() - "XPMSEWeaponPlayerScript.psc" Line 6
[07/31/2026 - 08:39:39PM] Error: Static function GetGroupBaseValue not found on object fnis_aa. Aborting call and returning None
stack:
	[XPMSEWeaponQuest (8E000D62)].XPMSEWeaponQuest.InitializeData() - "XPMSEWeaponQuest.psc" Line 194
	[XPMSEWeaponQuest (8E000D62)].XPMSEWeaponQuest.initialize() - "XPMSEWeaponQuest.psc" Line 56
	[alias XPMSEWeaponPlayer on quest XPMSEWeaponQuest (8E000D62)].XPMSEWeaponPlayerScript.OnPlayerLoadGame() - "XPMSEWeaponPlayerScript.psc" Line 6
[07/31/2026 - 08:39:39PM] warning: Assigning None to a non-object variable named "::temp35"
stack:
	[XPMSEWeaponQuest (8E000D62)].XPMSEWeaponQuest.InitializeData() - "XPMSEWeaponQuest.psc" Line 194
	[XPMSEWeaponQuest (8E000D62)].XPMSEWeaponQuest.initialize() - "XPMSEWeaponQuest.psc" Line 56
	[alias XPMSEWeaponPlayer on quest XPMSEWeaponQuest (8E000D62)].XPMSEWeaponPlayerScript.OnPlayerLoadGame() - "XPMSEWeaponPlayerScript.psc" Line 6
[07/31/2026 - 08:39:39PM] Error: Static function _axeeqp not found on object fnis_aa. Aborting call and returning None
stack:
	[XPMSEWeaponQuest (8E000D62)].XPMSEWeaponQuest.InitializeData() - "XPMSEWeaponQuest.psc" Line 196
	[XPMSEWeaponQuest (8E000D62)].XPMSEWeaponQuest.initialize() - "XPMSEWeaponQuest.psc" Line 56
	[alias XPMSEWeaponPlayer on quest XPMSEWeaponQuest (8E000D62)].XPMSEWeaponPlayerScript.OnPlayerLoadGame() - "XPMSEWeaponPlayerScript.psc" Line 6
[07/31/2026 - 08:39:39PM] warning: Assigning None to a non-object variable named "::temp35"
stack:
	[XPMSEWeaponQuest (8E000D62)].XPMSEWeaponQuest.InitializeData() - "XPMSEWeaponQuest.psc" Line 196
	[XPMSEWeaponQuest (8E000D62)].XPMSEWeaponQuest.initialize() - "XPMSEWeaponQuest.psc" Line 56
	[alias XPMSEWeaponPlayer on quest XPMSEWeaponQuest (8E000D62)].XPMSEWeaponPlayerScript.OnPlayerLoadGame() - "XPMSEWeaponPlayerScript.psc" Line 6
[07/31/2026 - 08:39:39PM] Error: Static function GetGroupBaseValue not found on object fnis_aa. Aborting call and returning None
stack:
	[XPMSEWeaponQuest (8E000D62)].XPMSEWeaponQuest.InitializeData() - "XPMSEWeaponQuest.psc" Line 196
	[XPMSEWeaponQuest (8E000D62)].XPMSEWeaponQuest.initialize() - "XPMSEWeaponQuest.psc" Line 56
	[alias XPMSEWeaponPlayer on quest XPMSEWeaponQuest (8E000D62)].XPMSEWeaponPlayerScript.OnPlayerLoadGame() - "XPMSEWeaponPlayerScript.psc" Line 6
[07/31/2026 - 08:39:39PM] warning: Assigning None to a non-object variable named "::temp37"
stack:
	[XPMSEWeaponQuest (8E000D62)].XPMSEWeaponQuest.InitializeData() - "XPMSEWeaponQuest.psc" Line 196
	[XPMSEWeaponQuest (8E000D62)].XPMSEWeaponQuest.initialize() - "XPMSEWeaponQuest.psc" Line 56
	[alias XPMSEWeaponPlayer on quest XPMSEWeaponQuest (8E000D62)].XPMSEWeaponPlayerScript.OnPlayerLoadGame() - "XPMSEWeaponPlayerScript.psc" Line 6
[07/31/2026 - 08:39:39PM] Error: Static function _bowatk not found on object fnis_aa. Aborting call and returning None
stack:
	[XPMSEWeaponQuest (8E000D62)].XPMSEWeaponQuest.InitializeData() - "XPMSEWeaponQuest.psc" Line 198
	[XPMSEWeaponQuest (8E000D62)].XPMSEWeaponQuest.initialize() - "XPMSEWeaponQuest.psc" Line 56
	[alias XPMSEWeaponPlayer on quest XPMSEWeaponQuest (8E000D62)].XPMSEWeaponPlayerScript.OnPlayerLoadGame() - "XPMSEWeaponPlayerScript.psc" Line 6
[07/31/2026 - 08:39:39PM] warning: Assigning None to a non-object variable named "::temp37"
stack:
	[XPMSEWeaponQuest (8E000D62)].XPMSEWeaponQuest.InitializeData() - "XPMSEWeaponQuest.psc" Line 198
	[XPMSEWeaponQuest (8E000D62)].XPMSEWeaponQuest.initialize() - "XPMSEWeaponQuest.psc" Line 56
	[alias XPMSEWeaponPlayer on quest XPMSEWeaponQuest (8E000D62)].XPMSEWeaponPlayerScript.OnPlayerLoadGame() - "XPMSEWeaponPlayerScript.psc" Line 6
[07/31/2026 - 08:39:39PM] Error: Static function GetGroupBaseValue not found on object fnis_aa. Aborting call and returning None
stack:
	[XPMSEWeaponQuest (8E000D62)].XPMSEWeaponQuest.InitializeData() - "XPMSEWeaponQuest.psc" Line 198
	[XPMSEWeaponQuest (8E000D62)].XPMSEWeaponQuest.initialize() - "XPMSEWeaponQuest.psc" Line 56
	[alias XPMSEWeaponPlayer on quest XPMSEWeaponQuest (8E000D62)].XPMSEWeaponPlayerScript.OnPlayerLoadGame() - "XPMSEWeaponPlayerScript.psc" Line 6
[07/31/2026 - 08:39:39PM] warning: Assigning None to a non-object variable named "::temp35"
stack:
	[XPMSEWeaponQuest (8E000D62)].XPMSEWeaponQuest.InitializeData() - "XPMSEWeaponQuest.psc" Line 198
	[XPMSEWeaponQuest (8E000D62)].XPMSEWeaponQuest.initialize() - "XPMSEWeaponQuest.psc" Line 56
	[alias XPMSEWeaponPlayer on quest XPMSEWeaponQuest (8E000D62)].XPMSEWeaponPlayerScript.OnPlayerLoadGame() - "XPMSEWeaponPlayerScript.psc" Line 6
[07/31/2026 - 08:39:39PM] Error: Static function _boweqp not found on object fnis_aa. Aborting call and returning None
stack:
	[XPMSEWeaponQuest (8E000D62)].XPMSEWeaponQuest.InitializeData() - "XPMSEWeaponQuest.psc" Line 200
	[XPMSEWeaponQuest (8E000D62)].XPMSEWeaponQuest.initialize() - "XPMSEWeaponQuest.psc" Line 56
	[alias XPMSEWeaponPlayer on quest XPMSEWeaponQuest (8E000D62)].XPMSEWeaponPlayerScript.OnPlayerLoadGame() - "XPMSEWeaponPlayerScript.psc" Line 6
[07/31/2026 - 08:39:39PM] warning: Assigning None to a non-object variable named "::temp35"
stack:
	[XPMSEWeaponQuest (8E000D62)].XPMSEWeaponQuest.InitializeData() - "XPMSEWeaponQuest.psc" Line 200
	[XPMSEWeaponQuest (8E000D62)].XPMSEWeaponQuest.initialize() - "XPMSEWeaponQuest.psc" Line 56
	[alias XPMSEWeaponPlayer on quest XPMSEWeaponQuest (8E000D62)].XPMSEWeaponPlayerScript.OnPlayerLoadGame() - "XPMSEWeaponPlayerScript.psc" Line 6
[07/31/2026 - 08:39:39PM] Error: Static function GetGroupBaseValue not found on object fnis_aa. Aborting call and returning None
stack:
	[XPMSEWeaponQuest (8E000D62)].XPMSEWeaponQuest.InitializeData() - "XPMSEWeaponQuest.psc" Line 200
	[XPMSEWeaponQuest (8E000D62)].XPMSEWeaponQuest.initialize() - "XPMSEWeaponQuest.psc" Line 56
	[alias XPMSEWeaponPlayer on quest XPMSEWeaponQuest (8E000D62)].XPMSEWeaponPlayerScript.OnPlayerLoadGame() - "XPMSEWeaponPlayerScript.psc" Line 6
[07/31/2026 - 08:39:39PM] warning: Assigning None to a non-object variable named "::temp37"
stack:
	[XPMSEWeaponQuest (8E000D62)].XPMSEWeaponQuest.InitializeData() - "XPMSEWeaponQuest.psc" Line 200
	[XPMSEWeaponQuest (8E000D62)].XPMSEWeaponQuest.initialize() - "XPMSEWeaponQuest.psc" Line 56
	[alias XPMSEWeaponPlayer on quest XPMSEWeaponQuest (8E000D62)].XPMSEWeaponPlayerScript.OnPlayerLoadGame() - "XPMSEWeaponPlayerScript.psc" Line 6
[07/31/2026 - 08:39:39PM] Error: Static function _bowidle not found on object fnis_aa. Aborting call and returning None
stack:
	[XPMSEWeaponQuest (8E000D62)].XPMSEWeaponQuest.InitializeData() - "XPMSEWeaponQuest.psc" Line 202
	[XPMSEWeaponQuest (8E000D62)].XPMSEWeaponQuest.initialize() - "XPMSEWeaponQuest.psc" Line 56
	[alias XPMSEWeaponPlayer on quest XPMSEWeaponQuest (8E000D62)].XPMSEWeaponPlayerScript.OnPlayerLoadGame() - "XPMSEWeaponPlayerScript.psc" Line 6
[07/31/2026 - 08:39:39PM] warning: Assigning None to a non-object variable named "::temp37"
stack:
	[XPMSEWeaponQuest (8E000D62)].XPMSEWeaponQuest.InitializeData() - "XPMSEWeaponQuest.psc" Line 202
	[XPMSEWeaponQuest (8E000D62)].XPMSEWeaponQuest.initialize() - "XPMSEWeaponQuest.psc" Line 56
	[alias XPMSEWeaponPlayer on quest XPMSEWeaponQuest (8E000D62)].XPMSEWeaponPlayerScript.OnPlayerLoadGame() - "XPMSEWeaponPlayerScript.psc" Line 6
[07/31/2026 - 08:39:39PM] Error: Static function GetGroupBaseValue not found on object fnis_aa. Aborting call and returning None
stack:
	[XPMSEWeaponQuest (8E000D62)].XPMSEWeaponQuest.InitializeData() - "XPMSEWeaponQuest.psc" Line 202
	[XPMSEWeaponQuest (8E000D62)].XPMSEWeaponQuest.initialize() - "XPMSEWeaponQuest.psc" Line 56
	[alias XPMSEWeaponPlayer on quest XPMSEWeaponQuest (8E000D62)].XPMSEWeaponPlayerScript.OnPlayerLoadGame() - "XPMSEWeaponPlayerScript.psc" Line 6
[07/31/2026 - 08:39:39PM] warning: Assigning None to a non-object variable named "::temp35"
stack:
	[XPMSEWeaponQuest (8E000D62)].XPMSEWeaponQuest.InitializeData() - "XPMSEWeaponQuest.psc" Line 202
	[XPMSEWeaponQuest (8E000D62)].XPMSEWeaponQuest.initialize() - "XPMSEWeaponQuest.psc" Line 56
	[alias XPMSEWeaponPlayer on quest XPMSEWeaponQuest (8E000D62)].XPMSEWeaponPlayerScript.OnPlayerLoadGame() - "XPMSEWeaponPlayerScript.psc" Line 6
[07/31/2026 - 08:39:39PM] Error: Static function _maceqp not found on object fnis_aa. Aborting call and returning None
stack:
	[XPMSEWeaponQuest (8E000D62)].XPMSEWeaponQuest.InitializeData() - "XPMSEWeaponQuest.psc" Line 204
	[XPMSEWeaponQuest (8E000D62)].XPMSEWeaponQuest.initialize() - "XPMSEWeaponQuest.psc" Line 56
	[alias XPMSEWeaponPlayer on quest XPMSEWeaponQuest (8E000D62)].XPMSEWeaponPlayerScript.OnPlayerLoadGame() - "XPMSEWeaponPlayerScript.psc" Line 6
[07/31/2026 - 08:39:39PM] warning: Assigning None to a non-object variable named "::temp35"
stack:
	[XPMSEWeaponQuest (8E000D62)].XPMSEWeaponQuest.InitializeData() - "XPMSEWeaponQuest.psc" Line 204
	[XPMSEWeaponQuest (8E000D62)].XPMSEWeaponQuest.initialize() - "XPMSEWeaponQuest.psc" Line 56
	[alias XPMSEWeaponPlayer on quest XPMSEWeaponQuest (8E000D62)].XPMSEWeaponPlayerScript.OnPlayerLoadGame() - "XPMSEWeaponPlayerScript.psc" Line 6
[07/31/2026 - 08:39:39PM] Error: Static function GetGroupBaseValue not found on object fnis_aa. Aborting call and returning None
stack:
	[XPMSEWeaponQuest (8E000D62)].XPMSEWeaponQuest.InitializeData() - "XPMSEWeaponQuest.psc" Line 204
	[XPMSEWeaponQuest (8E000D62)].XPMSEWeaponQuest.initialize() - "XPMSEWeaponQuest.psc" Line 56
	[alias XPMSEWeaponPlayer on quest XPMSEWeaponQuest (8E000D62)].XPMSEWeaponPlayerScript.OnPlayerLoadGame() - "XPMSEWeaponPlayerScript.psc" Line 6
[07/31/2026 - 08:39:39PM] warning: Assigning None to a non-object variable named "::temp37"
stack:
	[XPMSEWeaponQuest (8E000D62)].XPMSEWeaponQuest.InitializeData() - "XPMSEWeaponQuest.psc" Line 204
	[XPMSEWeaponQuest (8E000D62)].XPMSEWeaponQuest.initialize() - "XPMSEWeaponQuest.psc" Line 56
	[alias XPMSEWeaponPlayer on quest XPMSEWeaponQuest (8E000D62)].XPMSEWeaponPlayerScript.OnPlayerLoadGame() - "XPMSEWeaponPlayerScript.psc" Line 6
[07/31/2026 - 08:39:39PM] Error: Static function _dageqp not found on object fnis_aa. Aborting call and returning None
stack:
	[XPMSEWeaponQuest (8E000D62)].XPMSEWeaponQuest.InitializeData() - "XPMSEWeaponQuest.psc" Line 206
	[XPMSEWeaponQuest (8E000D62)].XPMSEWeaponQuest.initialize() - "XPMSEWeaponQuest.psc" Line 56
	[alias XPMSEWeaponPlayer on quest XPMSEWeaponQuest (8E000D62)].XPMSEWeaponPlayerScript.OnPlayerLoadGame() - "XPMSEWeaponPlayerScript.psc" Line 6
[07/31/2026 - 08:39:39PM] warning: Assigning None to a non-object variable named "::temp37"
stack:
	[XPMSEWeaponQuest (8E000D62)].XPMSEWeaponQuest.InitializeData() - "XPMSEWeaponQuest.psc" Line 206
	[XPMSEWeaponQuest (8E000D62)].XPMSEWeaponQuest.initialize() - "XPMSEWeaponQuest.psc" Line 56
	[alias XPMSEWeaponPlayer on quest XPMSEWeaponQuest (8E000D62)].XPMSEWeaponPlayerScript.OnPlayerLoadGame() - "XPMSEWeaponPlayerScript.psc" Line 6
[07/31/2026 - 08:39:39PM] Error: Static function GetGroupBaseValue not found on object fnis_aa. Aborting call and returning None
stack:
	[XPMSEWeaponQuest (8E000D62)].XPMSEWeaponQuest.InitializeData() - "XPMSEWeaponQuest.psc" Line 206
	[XPMSEWeaponQuest (8E000D62)].XPMSEWeaponQuest.initialize() - "XPMSEWeaponQuest.psc" Line 56
	[alias XPMSEWeaponPlayer on quest XPMSEWeaponQuest (8E000D62)].XPMSEWeaponPlayerScript.OnPlayerLoadGame() - "XPMSEWeaponPlayerScript.psc" Line 6
[07/31/2026 - 08:39:39PM] warning: Assigning None to a non-object variable named "::temp35"
stack:
	[XPMSEWeaponQuest (8E000D62)].XPMSEWeaponQuest.InitializeData() - "XPMSEWeaponQuest.psc" Line 206
	[XPMSEWeaponQuest (8E000D62)].XPMSEWeaponQuest.initialize() - "XPMSEWeaponQuest.psc" Line 56
	[alias XPMSEWeaponPlayer on quest XPMSEWeaponQuest (8E000D62)].XPMSEWeaponPlayerScript.OnPlayerLoadGame() - "XPMSEWeaponPlayerScript.psc" Line 6
[07/31/2026 - 08:39:39PM] Error: Static function _magatk not found on object fnis_aa. Aborting call and returning None
stack:
	[XPMSEWeaponQuest (8E000D62)].XPMSEWeaponQuest.InitializeData() - "XPMSEWeaponQuest.psc" Line 208
	[XPMSEWeaponQuest (8E000D62)].XPMSEWeaponQuest.initialize() - "XPMSEWeaponQuest.psc" Line 56
	[alias XPMSEWeaponPlayer on quest XPMSEWeaponQuest (8E000D62)].XPMSEWeaponPlayerScript.OnPlayerLoadGame() - "XPMSEWeaponPlayerScript.psc" Line 6
[07/31/2026 - 08:39:39PM] warning: Assigning None to a non-object variable named "::temp35"
stack:
	[XPMSEWeaponQuest (8E000D62)].XPMSEWeaponQuest.InitializeData() - "XPMSEWeaponQuest.psc" Line 208
	[XPMSEWeaponQuest (8E000D62)].XPMSEWeaponQuest.initialize() - "XPMSEWeaponQuest.psc" Line 56
	[alias XPMSEWeaponPlayer on quest XPMSEWeaponQuest (8E000D62)].XPMSEWeaponPlayerScript.OnPlayerLoadGame() - "XPMSEWeaponPlayerScript.psc" Line 6
[07/31/2026 - 08:39:39PM] Error: Static function GetGroupBaseValue not found on object fnis_aa. Aborting call and returning None
stack:
	[XPMSEWeaponQuest (8E000D62)].XPMSEWeaponQuest.InitializeData() - "XPMSEWeaponQuest.psc" Line 208
	[XPMSEWeaponQuest (8E000D62)].XPMSEWeaponQuest.initialize() - "XPMSEWeaponQuest.psc" Line 56
	[alias XPMSEWeaponPlayer on quest XPMSEWeaponQuest (8E000D62)].XPMSEWeaponPlayerScript.OnPlayerLoadGame() - "XPMSEWeaponPlayerScript.psc" Line 6
[07/31/2026 - 08:39:39PM] warning: Assigning None to a non-object variable named "::temp37"
stack:
	[XPMSEWeaponQuest (8E000D62)].XPMSEWeaponQuest.InitializeData() - "XPMSEWeaponQuest.psc" Line 208
	[XPMSEWeaponQuest (8E000D62)].XPMSEWeaponQuest.initialize() - "XPMSEWeaponQuest.psc" Line 56
	[alias XPMSEWeaponPlayer on quest XPMSEWeaponQuest (8E000D62)].XPMSEWeaponPlayerScript.OnPlayerLoadGame() - "XPMSEWeaponPlayerScript.psc" Line 6
[07/31/2026 - 08:39:39PM] Error: Static function _magcastmt not found on object fnis_aa. Aborting call and returning None
stack:
	[XPMSEWeaponQuest (8E000D62)].XPMSEWeaponQuest.InitializeData() - "XPMSEWeaponQuest.psc" Line 210
	[XPMSEWeaponQuest (8E000D62)].XPMSEWeaponQuest.initialize() - "XPMSEWeaponQuest.psc" Line 56
	[alias XPMSEWeaponPlayer on quest XPMSEWeaponQuest (8E000D62)].XPMSEWeaponPlayerScript.OnPlayerLoadGame() - "XPMSEWeaponPlayerScript.psc" Line 6
[07/31/2026 - 08:39:39PM] warning: Assigning None to a non-object variable named "::temp37"
stack:
	[XPMSEWeaponQuest (8E000D62)].XPMSEWeaponQuest.InitializeData() - "XPMSEWeaponQuest.psc" Line 210
	[XPMSEWeaponQuest (8E000D62)].XPMSEWeaponQuest.initialize() - "XPMSEWeaponQuest.psc" Line 56
	[alias XPMSEWeaponPlayer on quest XPMSEWeaponQuest (8E000D62)].XPMSEWeaponPlayerScript.OnPlayerLoadGame() - "XPMSEWeaponPlayerScript.psc" Line 6
[07/31/2026 - 08:39:39PM] Error: Static function GetGroupBaseValue not found on object fnis_aa. Aborting call and returning None
stack:
	[XPMSEWeaponQuest (8E000D62)].XPMSEWeaponQuest.InitializeData() - "XPMSEWeaponQuest.psc" Line 210
	[XPMSEWeaponQuest (8E000D62)].XPMSEWeaponQuest.initialize() - "XPMSEWeaponQuest.psc" Line 56
	[alias XPMSEWeaponPlayer on quest XPMSEWeaponQuest (8E000D62)].XPMSEWeaponPlayerScript.OnPlayerLoadGame() - "XPMSEWeaponPlayerScript.psc" Line 6
[07/31/2026 - 08:39:39PM] warning: Assigning None to a non-object variable named "::temp35"
stack:
	[XPMSEWeaponQuest (8E000D62)].XPMSEWeaponQuest.InitializeData() - "XPMSEWeaponQuest.psc" Line 210
	[XPMSEWeaponQuest (8E000D62)].XPMSEWeaponQuest.initialize() - "XPMSEWeaponQuest.psc" Line 56
	[alias XPMSEWeaponPlayer on quest XPMSEWeaponQuest (8E000D62)].XPMSEWeaponPlayerScript.OnPlayerLoadGame() - "XPMSEWeaponPlayerScript.psc" Line 6
[07/31/2026 - 08:39:39PM] Error: Static function _magcon not found on object fnis_aa. Aborting call and returning None
stack:
	[XPMSEWeaponQuest (8E000D62)].XPMSEWeaponQuest.InitializeData() - "XPMSEWeaponQuest.psc" Line 212
	[XPMSEWeaponQuest (8E000D62)].XPMSEWeaponQuest.initialize() - "XPMSEWeaponQuest.psc" Line 56
	[alias XPMSEWeaponPlayer on quest XPMSEWeaponQuest (8E000D62)].XPMSEWeaponPlayerScript.OnPlayerLoadGame() - "XPMSEWeaponPlayerScript.psc" Line 6
[07/31/2026 - 08:39:39PM] warning: Assigning None to a non-object variable named "::temp35"
stack:
	[XPMSEWeaponQuest (8E000D62)].XPMSEWeaponQuest.InitializeData() - "XPMSEWeaponQuest.psc" Line 212
	[XPMSEWeaponQuest (8E000D62)].XPMSEWeaponQuest.initialize() - "XPMSEWeaponQuest.psc" Line 56
	[alias XPMSEWeaponPlayer on quest XPMSEWeaponQuest (8E000D62)].XPMSEWeaponPlayerScript.OnPlayerLoadGame() - "XPMSEWeaponPlayerScript.psc" Line 6
[07/31/2026 - 08:39:39PM] Error: Static function GetGroupBaseValue not found on object fnis_aa. Aborting call and returning None
stack:
	[XPMSEWeaponQuest (8E000D62)].XPMSEWeaponQuest.InitializeData() - "XPMSEWeaponQuest.psc" Line 212
	[XPMSEWeaponQuest (8E000D62)].XPMSEWeaponQuest.initialize() - "XPMSEWeaponQuest.psc" Line 56
	[alias XPMSEWeaponPlayer on quest XPMSEWeaponQuest (8E000D62)].XPMSEWeaponPlayerScript.OnPlayerLoadGame() - "XPMSEWeaponPlayerScript.psc" Line 6
[07/31/2026 - 08:39:39PM] warning: Assigning None to a non-object variable named "::temp37"
stack:
	[XPMSEWeaponQuest (8E000D62)].XPMSEWeaponQuest.InitializeData() - "XPMSEWeaponQuest.psc" Line 212
	[XPMSEWeaponQuest (8E000D62)].XPMSEWeaponQuest.initialize() - "XPMSEWeaponQuest.psc" Line 56
	[alias XPMSEWeaponPlayer on quest XPMSEWeaponQuest (8E000D62)].XPMSEWeaponPlayerScript.OnPlayerLoadGame() - "XPMSEWeaponPlayerScript.psc" Line 6
[07/31/2026 - 08:39:39PM] Error: Static function _magidle not found on object fnis_aa. Aborting call and returning None
stack:
	[XPMSEWeaponQuest (8E000D62)].XPMSEWeaponQuest.InitializeData() - "XPMSEWeaponQuest.psc" Line 214
	[XPMSEWeaponQuest (8E000D62)].XPMSEWeaponQuest.initialize() - "XPMSEWeaponQuest.psc" Line 56
	[alias XPMSEWeaponPlayer on quest XPMSEWeaponQuest (8E000D62)].XPMSEWeaponPlayerScript.OnPlayerLoadGame() - "XPMSEWeaponPlayerScript.psc" Line 6
[07/31/2026 - 08:39:39PM] warning: Assigning None to a non-object variable named "::temp37"
stack:
	[XPMSEWeaponQuest (8E000D62)].XPMSEWeaponQuest.InitializeData() - "XPMSEWeaponQuest.psc" Line 214
	[XPMSEWeaponQuest (8E000D62)].XPMSEWeaponQuest.initialize() - "XPMSEWeaponQuest.psc" Line 56
	[alias XPMSEWeaponPlayer on quest XPMSEWeaponQuest (8E000D62)].XPMSEWeaponPlayerScript.OnPlayerLoadGame() - "XPMSEWeaponPlayerScript.psc" Line 6
[07/31/2026 - 08:39:39PM] Error: Static function GetGroupBaseValue not found on object fnis_aa. Aborting call and returning None
stack:
	[XPMSEWeaponQuest (8E000D62)].XPMSEWeaponQuest.InitializeData() - "XPMSEWeaponQuest.psc" Line 214
	[XPMSEWeaponQuest (8E000D62)].XPMSEWeaponQuest.initialize() - "XPMSEWeaponQuest.psc" Line 56
	[alias XPMSEWeaponPlayer on quest XPMSEWeaponQuest (8E000D62)].XPMSEWeaponPlayerScript.OnPlayerLoadGame() - "XPMSEWeaponPlayerScript.psc" Line 6
[07/31/2026 - 08:39:39PM] warning: Assigning None to a non-object variable named "::temp35"
stack:
	[XPMSEWeaponQuest (8E000D62)].XPMSEWeaponQuest.InitializeData() - "XPMSEWeaponQuest.psc" Line 214
	[XPMSEWeaponQuest (8E000D62)].XPMSEWeaponQuest.initialize() - "XPMSEWeaponQuest.psc" Line 56
	[alias XPMSEWeaponPlayer on quest XPMSEWeaponQuest (8E000D62)].XPMSEWeaponPlayerScript.OnPlayerLoadGame() - "XPMSEWeaponPlayerScript.psc" Line 6
[07/31/2026 - 08:39:39PM] Error: Static function _magmt not found on object fnis_aa. Aborting call and returning None
stack:
	[XPMSEWeaponQuest (8E000D62)].XPMSEWeaponQuest.InitializeData() - "XPMSEWeaponQuest.psc" Line 216
	[XPMSEWeaponQuest (8E000D62)].XPMSEWeaponQuest.initialize() - "XPMSEWeaponQuest.psc" Line 56
	[alias XPMSEWeaponPlayer on quest XPMSEWeaponQuest (8E000D62)].XPMSEWeaponPlayerScript.OnPlayerLoadGame() - "XPMSEWeaponPlayerScript.psc" Line 6
[07/31/2026 - 08:39:39PM] warning: Assigning None to a non-object variable named "::temp35"
stack:
	[XPMSEWeaponQuest (8E000D62)].XPMSEWeaponQuest.InitializeData() - "XPMSEWeaponQuest.psc" Line 216
	[XPMSEWeaponQuest (8E000D62)].XPMSEWeaponQuest.initialize() - "XPMSEWeaponQuest.psc" Line 56
	[alias XPMSEWeaponPlayer on quest XPMSEWeaponQuest (8E000D62)].XPMSEWeaponPlayerScript.OnPlayerLoadGame() - "XPMSEWeaponPlayerScript.psc" Line 6
[07/31/2026 - 08:39:39PM] Error: Static function GetGroupBaseValue not found on object fnis_aa. Aborting call and returning None
stack:
	[XPMSEWeaponQuest (8E000D62)].XPMSEWeaponQuest.InitializeData() - "XPMSEWeaponQuest.psc" Line 216
	[XPMSEWeaponQuest (8E000D62)].XPMSEWeaponQuest.initialize() - "XPMSEWeaponQuest.psc" Line 56
	[alias XPMSEWeaponPlayer on quest XPMSEWeaponQuest (8E000D62)].XPMSEWeaponPlayerScript.OnPlayerLoadGame() - "XPMSEWeaponPlayerScript.psc" Line 6
[07/31/2026 - 08:39:39PM] warning: Assigning None to a non-object variable named "::temp37"
stack:
	[XPMSEWeaponQuest (8E000D62)].XPMSEWeaponQuest.InitializeData() - "XPMSEWeaponQuest.psc" Line 216
	[XPMSEWeaponQuest (8E000D62)].XPMSEWeaponQuest.initialize() - "XPMSEWeaponQuest.psc" Line 56
	[alias XPMSEWeaponPlayer on quest XPMSEWeaponQuest (8E000D62)].XPMSEWeaponPlayerScript.OnPlayerLoadGame() - "XPMSEWeaponPlayerScript.psc" Line 6
[07/31/2026 - 08:39:39PM] Error: Static function _sprint not found on object fnis_aa. Aborting call and returning None
stack:
	[XPMSEWeaponQuest (8E000D62)].XPMSEWeaponQuest.InitializeData() - "XPMSEWeaponQuest.psc" Line 218
	[XPMSEWeaponQuest (8E000D62)].XPMSEWeaponQuest.initialize() - "XPMSEWeaponQuest.psc" Line 56
	[alias XPMSEWeaponPlayer on quest XPMSEWeaponQuest (8E000D62)].XPMSEWeaponPlayerScript.OnPlayerLoadGame() - "XPMSEWeaponPlayerScript.psc" Line 6
[07/31/2026 - 08:39:39PM] warning: Assigning None to a non-object variable named "::temp37"
stack:
	[XPMSEWeaponQuest (8E000D62)].XPMSEWeaponQuest.InitializeData() - "XPMSEWeaponQuest.psc" Line 218
	[XPMSEWeaponQuest (8E000D62)].XPMSEWeaponQuest.initialize() - "XPMSEWeaponQuest.psc" Line 56
	[alias XPMSEWeaponPlayer on quest XPMSEWeaponQuest (8E000D62)].XPMSEWeaponPlayerScript.OnPlayerLoadGame() - "XPMSEWeaponPlayerScript.psc" Line 6
[07/31/2026 - 08:39:39PM] Error: Static function GetGroupBaseValue not found on object fnis_aa. Aborting call and returning None
stack:
	[XPMSEWeaponQuest (8E000D62)].XPMSEWeaponQuest.InitializeData() - "XPMSEWeaponQuest.psc" Line 218
	[XPMSEWeaponQuest (8E000D62)].XPMSEWeaponQuest.initialize() - "XPMSEWeaponQuest.psc" Line 56
	[alias XPMSEWeaponPlayer on quest XPMSEWeaponQuest (8E000D62)].XPMSEWeaponPlayerScript.OnPlayerLoadGame() - "XPMSEWeaponPlayerScript.psc" Line 6
[07/31/2026 - 08:39:39PM] warning: Assigning None to a non-object variable named "::temp35"
stack:
	[XPMSEWeaponQuest (8E000D62)].XPMSEWeaponQuest.InitializeData() - "XPMSEWeaponQuest.psc" Line 218
	[XPMSEWeaponQuest (8E000D62)].XPMSEWeaponQuest.initialize() - "XPMSEWeaponQuest.psc" Line 56
	[alias XPMSEWeaponPlayer on quest XPMSEWeaponQuest (8E000D62)].XPMSEWeaponPlayerScript.OnPlayerLoadGame() - "XPMSEWeaponPlayerScript.psc" Line 6
[07/31/2026 - 08:39:39PM] Error: Static function _shout not found on object fnis_aa. Aborting call and returning None
stack:
	[XPMSEWeaponQuest (8E000D62)].XPMSEWeaponQuest.InitializeData() - "XPMSEWeaponQuest.psc" Line 220
	[XPMSEWeaponQuest (8E000D62)].XPMSEWeaponQuest.initialize() - "XPMSEWeaponQuest.psc" Line 56
	[alias XPMSEWeaponPlayer on quest XPMSEWeaponQuest (8E000D62)].XPMSEWeaponPlayerScript.OnPlayerLoadGame() - "XPMSEWeaponPlayerScript.psc" Line 6
[07/31/2026 - 08:39:39PM] warning: Assigning None to a non-object variable named "::temp35"
stack:
	[XPMSEWeaponQuest (8E000D62)].XPMSEWeaponQuest.InitializeData() - "XPMSEWeaponQuest.psc" Line 220
	[XPMSEWeaponQuest (8E000D62)].XPMSEWeaponQuest.initialize() - "XPMSEWeaponQuest.psc" Line 56
	[alias XPMSEWeaponPlayer on quest XPMSEWeaponQuest (8E000D62)].XPMSEWeaponPlayerScript.OnPlayerLoadGame() - "XPMSEWeaponPlayerScript.psc" Line 6
[07/31/2026 - 08:39:39PM] Error: Static function GetGroupBaseValue not found on object fnis_aa. Aborting call and returning None
stack:
	[XPMSEWeaponQuest (8E000D62)].XPMSEWeaponQuest.InitializeData() - "XPMSEWeaponQuest.psc" Line 220
	[XPMSEWeaponQuest (8E000D62)].XPMSEWeaponQuest.initialize() - "XPMSEWeaponQuest.psc" Line 56
	[alias XPMSEWeaponPlayer on quest XPMSEWeaponQuest (8E000D62)].XPMSEWeaponPlayerScript.OnPlayerLoadGame() - "XPMSEWeaponPlayerScript.psc" Line 6
[07/31/2026 - 08:39:39PM] warning: Assigning None to a non-object variable named "::temp37"
stack:
	[XPMSEWeaponQuest (8E000D62)].XPMSEWeaponQuest.InitializeData() - "XPMSEWeaponQuest.psc" Line 220
	[XPMSEWeaponQuest (8E000D62)].XPMSEWeaponQuest.initialize() - "XPMSEWeaponQuest.psc" Line 56
	[alias XPMSEWeaponPlayer on quest XPMSEWeaponQuest (8E000D62)].XPMSEWeaponPlayerScript.OnPlayerLoadGame() - "XPMSEWeaponPlayerScript.psc" Line 6
[07/31/2026 - 08:39:43PM] PL/Manager: restore sweep start
[07/31/2026 - 08:39:43PM] PL/Station 1: UpdateTriggerName â€” bound=False name=''
[07/31/2026 - 08:39:43PM] PL/Station 2: UpdateTriggerName â€” bound=False name=''
[07/31/2026 - 08:39:43PM] PL/Station 3: UpdateTriggerName â€” bound=False name=''
[07/31/2026 - 08:39:43PM] PL/Station 4: UpdateTriggerName â€” bound=False name=''
[07/31/2026 - 08:39:43PM] PL/Station 5: bound (girl) â€” vessel dormant until summon
[07/31/2026 - 08:39:43PM] PL/Station 5: UpdateTriggerName â€” bound=TRUE name='girl'
[07/31/2026 - 08:39:43PM] PL/Station 6: UpdateTriggerName â€” bound=False name=''
[07/31/2026 - 08:39:43PM] PL/Manager: restore sweep done â€” all vessels dormant until summoned
[07/31/2026 - 08:39:44PM] PL/Station 2: OnUpdate rename refresh
[07/31/2026 - 08:39:44PM] PL/Station 4: OnUpdate rename refresh
[07/31/2026 - 08:39:44PM] PL/Station 5: OnUpdate rename refresh
[07/31/2026 - 08:39:44PM] PL/Station 2: UpdateTriggerName â€” bound=False name=''
[07/31/2026 - 08:39:44PM] PL/Station 4: UpdateTriggerName â€” bound=False name=''
[07/31/2026 - 08:39:44PM] PL/Station 5: UpdateTriggerName â€” bound=TRUE name='girl'
[07/31/2026 - 08:39:44PM] PL/Station 3: OnUpdate rename refresh
[07/31/2026 - 08:39:44PM] PL/Station 3: UpdateTriggerName â€” bound=False name=''
[07/31/2026 - 08:39:44PM] PL/Station 1: OnUpdate rename refresh
[07/31/2026 - 08:39:44PM] PL/Station 6: OnUpdate rename refresh
[07/31/2026 - 08:39:44PM] PL/Station 6: UpdateTriggerName â€” bound=False name=''
[07/31/2026 - 08:39:44PM] PL/Station 1: UpdateTriggerName â€” bound=False name=''
[07/31/2026 - 08:39:46PM] XPMSE MainQuest Initialization successful.
[07/31/2026 - 08:39:49PM] Error: Static function GetInstallationCRC not found on object fnis_aa. Aborting call and returning None
stack:
	[Active effect 9 on  (00000014)].XPMSEWeaponStyleScaleEffect.Restyle() - "XPMSEWeaponStyleScaleEffect.psc" Line 564
	[Active effect 9 on  (00000014)].XPMSEWeaponStyleScaleEffect.onBeginState() - "XPMSEWeaponStyleScaleEffect.psc" Line 255
	[Active effect 9 on  (00000014)].XPMSEWeaponStyleScaleEffect.GotoState() - "ActiveMagicEffect.psc" Line ?
	[Active effect 9 on  (00000014)].XPMSEWeaponStyleScaleEffect.OnEffectStart() - "XPMSEWeaponStyleScaleEffect.psc" Line 222
[07/31/2026 - 08:39:49PM] warning: Assigning None to a non-object variable named "::temp70"
stack:
	[Active effect 9 on  (00000014)].XPMSEWeaponStyleScaleEffect.Restyle() - "XPMSEWeaponStyleScaleEffect.psc" Line 564
	[Active effect 9 on  (00000014)].XPMSEWeaponStyleScaleEffect.onBeginState() - "XPMSEWeaponStyleScaleEffect.psc" Line 255
	[Active effect 9 on  (00000014)].XPMSEWeaponStyleScaleEffect.GotoState() - "ActiveMagicEffect.psc" Line ?
	[Active effect 9 on  (00000014)].XPMSEWeaponStyleScaleEffect.OnEffectStart() - "XPMSEWeaponStyleScaleEffect.psc" Line 222
[07/31/2026 - 08:39:49PM] Error: Static function GetInstallationCRC not found on object fnis_aa. Aborting call and returning None
stack:
	[Active effect 9 on  (00000014)].XPMSEWeaponStyleScaleEffect.GetFNISSaveData() - "XPMSEWeaponStyleScaleEffect.psc" Line 1657
	[Active effect 9 on  (00000014)].XPMSEWeaponStyleScaleEffect.Restyle() - "XPMSEWeaponStyleScaleEffect.psc" Line 1261
	[Active effect 9 on  (00000014)].XPMSEWeaponStyleScaleEffect.onBeginState() - "XPMSEWeaponStyleScaleEffect.psc" Line 255
	[Active effect 9 on  (00000014)].XPMSEWeaponStyleScaleEffect.GotoState() - "ActiveMagicEffect.psc" Line ?
	[Active effect 9 on  (00000014)].XPMSEWeaponStyleScaleEffect.OnEffectStart() - "XPMSEWeaponStyleScaleEffect.psc" Line 222
[07/31/2026 - 08:39:49PM] warning: Assigning None to a non-object variable named "::temp150"
stack:
	[Active effect 9 on  (00000014)].XPMSEWeaponStyleScaleEffect.GetFNISSaveData() - "XPMSEWeaponStyleScaleEffect.psc" Line 1657
	[Active effect 9 on  (00000014)].XPMSEWeaponStyleScaleEffect.Restyle() - "XPMSEWeaponStyleScaleEffect.psc" Line 1261
	[Active effect 9 on  (00000014)].XPMSEWeaponStyleScaleEffect.onBeginState() - "XPMSEWeaponStyleScaleEffect.psc" Line 255
	[Active effect 9 on  (00000014)].XPMSEWeaponStyleScaleEffect.GotoState() - "ActiveMagicEffect.psc" Line ?
	[Active effect 9 on  (00000014)].XPMSEWeaponStyleScaleEffect.OnEffectStart() - "XPMSEWeaponStyleScaleEffect.psc" Line 222
[07/31/2026 - 08:39:49PM] Error: Static function SetAnimGroupEX not found on object fnis_aa. Aborting call and returning None
stack:
	<unknown self>.xpmselib.SetAA() - "XPMSELib.psc" Line 242
	[Active effect 9 on  (00000014)].XPMSEWeaponStyleScaleEffect.SetAA() - "XPMSEWeaponStyleScaleEffect.psc" Line 1558
	[Active effect 9 on  (00000014)].XPMSEWeaponStyleScaleEffect.Restyle() - "XPMSEWeaponStyleScaleEffect.psc" Line 1261
	[Active effect 9 on  (00000014)].XPMSEWeaponStyleScaleEffect.onBeginState() - "XPMSEWeaponStyleScaleEffect.psc" Line 255
	[Active effect 9 on  (00000014)].XPMSEWeaponStyleScaleEffect.GotoState() - "ActiveMagicEffect.psc" Line ?
	[Active effect 9 on  (00000014)].XPMSEWeaponStyleScaleEffect.OnEffectStart() - "XPMSEWeaponStyleScaleEffect.psc" Line 222
[07/31/2026 - 08:39:49PM] warning: Assigning None to a non-object variable named "::temp54"
stack:
	<unknown self>.xpmselib.SetAA() - "XPMSELib.psc" Line 242
	[Active effect 9 on  (00000014)].XPMSEWeaponStyleScaleEffect.SetAA() - "XPMSEWeaponStyleScaleEffect.psc" Line 1558
	[Active effect 9 on  (00000014)].XPMSEWeaponStyleScaleEffect.Restyle() - "XPMSEWeaponStyleScaleEffect.psc" Line 1261
	[Active effect 9 on  (00000014)].XPMSEWeaponStyleScaleEffect.onBeginState() - "XPMSEWeaponStyleScaleEffect.psc" Line 255
	[Active effect 9 on  (00000014)].XPMSEWeaponStyleScaleEffect.GotoState() - "ActiveMagicEffect.psc" Line ?
	[Active effect 9 on  (00000014)].XPMSEWeaponStyleScaleEffect.OnEffectStart() - "XPMSEWeaponStyleScaleEffect.psc" Line 222
[07/31/2026 - 08:39:50PM] Error: Static function GetInstallationCRC not found on object fnis_aa. Aborting call and returning None
stack:
	[Active effect 9 on  (00000014)].XPMSEWeaponStyleScaleEffect.GetFNISSaveData() - "XPMSEWeaponStyleScaleEffect.psc" Line 1657
	[Active effect 9 on  (00000014)].XPMSEWeaponStyleScaleEffect.Restyle() - "XPMSEWeaponStyleScaleEffect.psc" Line 1310
	[Active effect 9 on  (00000014)].XPMSEWeaponStyleScaleEffect.onBeginState() - "XPMSEWeaponStyleScaleEffect.psc" Line 255
	[Active effect 9 on  (00000014)].XPMSEWeaponStyleScaleEffect.GotoState() - "ActiveMagicEffect.psc" Line ?
	[Active effect 9 on  (00000014)].XPMSEWeaponStyleScaleEffect.OnEffectStart() - "XPMSEWeaponStyleScaleEffect.psc" Line 222
[07/31/2026 - 08:39:50PM] warning: Assigning None to a non-object variable named "::temp150"
stack:
	[Active effect 9 on  (00000014)].XPMSEWeaponStyleScaleEffect.GetFNISSaveData() - "XPMSEWeaponStyleScaleEffect.psc" Line 1657
	[Active effect 9 on  (00000014)].XPMSEWeaponStyleScaleEffect.Restyle() - "XPMSEWeaponStyleScaleEffect.psc" Line 1310
	[Active effect 9 on  (00000014)].XPMSEWeaponStyleScaleEffect.onBeginState() - "XPMSEWeaponStyleScaleEffect.psc" Line 255
	[Active effect 9 on  (00000014)].XPMSEWeaponStyleScaleEffect.GotoState() - "ActiveMagicEffect.psc" Line ?
	[Active effect 9 on  (00000014)].XPMSEWeaponStyleScaleEffect.OnEffectStart() - "XPMSEWeaponStyleScaleEffect.psc" Line 222
[07/31/2026 - 08:39:50PM] Error: Static function SetAnimGroupEX not found on object fnis_aa. Aborting call and returning None
stack:
	<unknown self>.xpmselib.SetAA() - "XPMSELib.psc" Line 242
	[Active effect 9 on  (00000014)].XPMSEWeaponStyleScaleEffect.SetAA() - "XPMSEWeaponStyleScaleEffect.psc" Line 1558
	[Active effect 9 on  (00000014)].XPMSEWeaponStyleScaleEffect.Restyle() - "XPMSEWeaponStyleScaleEffect.psc" Line 1310
	[Active effect 9 on  (00000014)].XPMSEWeaponStyleScaleEffect.onBeginState() - "XPMSEWeaponStyleScaleEffect.psc" Line 255
	[Active effect 9 on  (00000014)].XPMSEWeaponStyleScaleEffect.GotoState() - "ActiveMagicEffect.psc" Line ?
	[Active effect 9 on  (00000014)].XPMSEWeaponStyleScaleEffect.OnEffectStart() - "XPMSEWeaponStyleScaleEffect.psc" Line 222
[07/31/2026 - 08:39:50PM] warning: Assigning None to a non-object variable named "::temp54"
stack:
	<unknown self>.xpmselib.SetAA() - "XPMSELib.psc" Line 242
	[Active effect 9 on  (00000014)].XPMSEWeaponStyleScaleEffect.SetAA() - "XPMSEWeaponStyleScaleEffect.psc" Line 1558
	[Active effect 9 on  (00000014)].XPMSEWeaponStyleScaleEffect.Restyle() - "XPMSEWeaponStyleScaleEffect.psc" Line 1310
	[Active effect 9 on  (00000014)].XPMSEWeaponStyleScaleEffect.onBeginState() - "XPMSEWeaponStyleScaleEffect.psc" Line 255
	[Active effect 9 on  (00000014)].XPMSEWeaponStyleScaleEffect.GotoState() - "ActiveMagicEffect.psc" Line ?
	[Active effect 9 on  (00000014)].XPMSEWeaponStyleScaleEffect.OnEffectStart() - "XPMSEWeaponStyleScaleEffect.psc" Line 222
[07/31/2026 - 08:39:50PM] PL/Station 2: OnUpdate rename refresh
[07/31/2026 - 08:39:50PM] PL/Station 4: OnUpdate rename refresh
[07/31/2026 - 08:39:50PM] PL/Station 5: OnUpdate rename refresh
[07/31/2026 - 08:39:50PM] PL/Station 2: UpdateTriggerName â€” bound=False name=''
[07/31/2026 - 08:39:50PM] PL/Station 4: UpdateTriggerName â€” bound=False name=''
[07/31/2026 - 08:39:50PM] PL/Station 5: UpdateTriggerName â€” bound=TRUE name='girl'
[07/31/2026 - 08:39:50PM] PL/Station 3: OnUpdate rename refresh
[07/31/2026 - 08:39:50PM] PL/Station 3: UpdateTriggerName â€” bound=False name=''
[07/31/2026 - 08:39:50PM] PL/Station 1: OnUpdate rename refresh
[07/31/2026 - 08:39:50PM] PL/Station 6: OnUpdate rename refresh
[07/31/2026 - 08:39:50PM] PL/Station 1: UpdateTriggerName â€” bound=False name=''
[07/31/2026 - 08:39:50PM] PL/Station 6: UpdateTriggerName â€” bound=False name=''
[07/31/2026 - 08:39:56PM] PL/Station 5: OnUpdate rename refresh
[07/31/2026 - 08:39:56PM] PL/Station 4: OnUpdate rename refresh
[07/31/2026 - 08:39:56PM] PL/Station 2: OnUpdate rename refresh
[07/31/2026 - 08:39:56PM] PL/Station 4: UpdateTriggerName â€” bound=False name=''
[07/31/2026 - 08:39:56PM] PL/Station 2: UpdateTriggerName â€” bound=False name=''
[07/31/2026 - 08:39:56PM] PL/Station 5: UpdateTriggerName â€” bound=TRUE name='girl'
[07/31/2026 - 08:39:57PM] PL/Station 3: OnUpdate rename refresh
[07/31/2026 - 08:39:57PM] PL/Station 3: UpdateTriggerName â€” bound=False name=''
[07/31/2026 - 08:39:57PM] PL/Station 1: OnUpdate rename refresh
[07/31/2026 - 08:39:57PM] PL/Station 6: OnUpdate rename refresh
[07/31/2026 - 08:39:57PM] PL/Station 1: UpdateTriggerName â€” bound=False name=''
[07/31/2026 - 08:39:57PM] PL/Station 6: UpdateTriggerName â€” bound=False name=''
[07/31/2026 - 08:40:04PM] PL/Station 5: DoSummon entered
[07/31/2026 - 08:40:04PM] PL/Station 5: no vessel â€” lazy construct from registry
[07/31/2026 - 08:40:04PM] PL/Station 5: lazy construct â€” name=girl race=[Race <AedraRace (AD005900)>]
[07/31/2026 - 08:40:04PM] PL/Station 5: lazy construct â€” PerformBind returned TRUE
[07/31/2026 - 08:40:05PM] PL/Station 5: lazy construct â€” 3D built after 1 ticks
[07/31/2026 - 08:40:06PM] PL/Station 5: lazy construct â€” staged, calling LoadCharacter
[07/31/2026 - 08:40:06PM] PL/Station 5: lazy construct â€” LoadCharacter returned TRUE
[07/31/2026 - 08:40:06PM] PL/Station 5: lazy construct â€” LoadCharacter ok=TRUE
[07/31/2026 - 08:40:07PM] PL/Station 5: calling SummonVessel on [PL_VesselActor < (FF000892)>]
[07/31/2026 - 08:40:07PM] PL/Vessel: SummonVessel entered, SlotIndex = 5, echo = girl
[07/31/2026 - 08:40:07PM] error: Unbound native function "RefreshActorBounceSettings" called
[07/31/2026 - 08:40:07PM] error: Unbound native function "RefreshActorCollisionSettings" called
[07/31/2026 - 08:40:07PM] PL/Vessel: follower factions set (ff recipe)
[07/31/2026 - 08:40:07PM] PL/Vessel: AI enabled, package evaluated
[07/31/2026 - 08:40:07PM] PL/Station 5: OnUpdate rename refresh
[07/31/2026 - 08:40:07PM] PL/Station 2: OnUpdate rename refresh
[07/31/2026 - 08:40:07PM] PL/Station 4: OnUpdate rename refresh
[07/31/2026 - 08:40:07PM] PL/Vessel: SummonVessel complete
[07/31/2026 - 08:40:07PM] PL/Station 2: UpdateTriggerName â€” bound=False name=''
[07/31/2026 - 08:40:07PM] PL/Station 5: UpdateTriggerName â€” bound=TRUE name='girl'
[07/31/2026 - 08:40:07PM] PL/Station 4: UpdateTriggerName â€” bound=False name=''
[07/31/2026 - 08:40:07PM] PL/Station 5: SummonVessel returned
[07/31/2026 - 08:40:07PM] PL/Station 3: OnUpdate rename refresh
[07/31/2026 - 08:40:07PM] PL/Station 3: UpdateTriggerName â€” bound=False name=''
[07/31/2026 - 08:40:07PM] PL/Station 1: OnUpdate rename refresh
[07/31/2026 - 08:40:07PM] PL/Station 6: OnUpdate rename refresh
[07/31/2026 - 08:40:07PM] PL/Station 1: UpdateTriggerName â€” bound=False name=''
[07/31/2026 - 08:40:07PM] PL/Station 6: UpdateTriggerName â€” bound=False name=''
[07/31/2026 - 08:40:10PM] Error: Static function GetInstallationCRC not found on object fnis_aa. Aborting call and returning None
stack:
	[Active effect 6 on  (FF000892)].XPMSEWeaponStyleScaleEffect.Restyle() - "XPMSEWeaponStyleScaleEffect.psc" Line 564
	[Active effect 6 on  (FF000892)].XPMSEWeaponStyleScaleEffect.onBeginState() - "XPMSEWeaponStyleScaleEffect.psc" Line 255
	[Active effect 6 on  (FF000892)].XPMSEWeaponStyleScaleEffect.GotoState() - "ActiveMagicEffect.psc" Line ?
	[Active effect 6 on  (FF000892)].XPMSEWeaponStyleScaleEffect.OnEffectStart() - "XPMSEWeaponStyleScaleEffect.psc" Line 222
[07/31/2026 - 08:40:10PM] warning: Assigning None to a non-object variable named "::temp70"
stack:
	[Active effect 6 on  (FF000892)].XPMSEWeaponStyleScaleEffect.Restyle() - "XPMSEWeaponStyleScaleEffect.psc" Line 564
	[Active effect 6 on  (FF000892)].XPMSEWeaponStyleScaleEffect.onBeginState() - "XPMSEWeaponStyleScaleEffect.psc" Line 255
	[Active effect 6 on  (FF000892)].XPMSEWeaponStyleScaleEffect.GotoState() - "ActiveMagicEffect.psc" Line ?
	[Active effect 6 on  (FF000892)].XPMSEWeaponStyleScaleEffect.OnEffectStart() - "XPMSEWeaponStyleScaleEffect.psc" Line 222
[07/31/2026 - 08:40:10PM] Error: Static function GetInstallationCRC not found on object fnis_aa. Aborting call and returning None
stack:
	[Active effect 6 on  (FF000892)].XPMSEWeaponStyleScaleEffect.GetFNISSaveData() - "XPMSEWeaponStyleScaleEffect.psc" Line 1657
	[Active effect 6 on  (FF000892)].XPMSEWeaponStyleScaleEffect.Restyle() - "XPMSEWeaponStyleScaleEffect.psc" Line 860
	[Active effect 6 on  (FF000892)].XPMSEWeaponStyleScaleEffect.onBeginState() - "XPMSEWeaponStyleScaleEffect.psc" Line 255
	[Active effect 6 on  (FF000892)].XPMSEWeaponStyleScaleEffect.GotoState() - "ActiveMagicEffect.psc" Line ?
	[Active effect 6 on  (FF000892)].XPMSEWeaponStyleScaleEffect.OnEffectStart() - "XPMSEWeaponStyleScaleEffect.psc" Line 222
[07/31/2026 - 08:40:10PM] warning: Assigning None to a non-object variable named "::temp150"
stack:
	[Active effect 6 on  (FF000892)].XPMSEWeaponStyleScaleEffect.GetFNISSaveData() - "XPMSEWeaponStyleScaleEffect.psc" Line 1657
	[Active effect 6 on  (FF000892)].XPMSEWeaponStyleScaleEffect.Restyle() - "XPMSEWeaponStyleScaleEffect.psc" Line 860
	[Active effect 6 on  (FF000892)].XPMSEWeaponStyleScaleEffect.onBeginState() - "XPMSEWeaponStyleScaleEffect.psc" Line 255
	[Active effect 6 on  (FF000892)].XPMSEWeaponStyleScaleEffect.GotoState() - "ActiveMagicEffect.psc" Line ?
	[Active effect 6 on  (FF000892)].XPMSEWeaponStyleScaleEffect.OnEffectStart() - "XPMSEWeaponStyleScaleEffect.psc" Line 222
[07/31/2026 - 08:40:10PM] Error: Static function SetAnimGroupEX not found on object fnis_aa. Aborting call and returning None
stack:
	<unknown self>.xpmselib.SetAA() - "XPMSELib.psc" Line 242
	[Active effect 6 on  (FF000892)].XPMSEWeaponStyleScaleEffect.SetAA() - "XPMSEWeaponStyleScaleEffect.psc" Line 1558
	[Active effect 6 on  (FF000892)].XPMSEWeaponStyleScaleEffect.Restyle() - "XPMSEWeaponStyleScaleEffect.psc" Line 860
	[Active effect 6 on  (FF000892)].XPMSEWeaponStyleScaleEffect.onBeginState() - "XPMSEWeaponStyleScaleEffect.psc" Line 255
	[Active effect 6 on  (FF000892)].XPMSEWeaponStyleScaleEffect.GotoState() - "ActiveMagicEffect.psc" Line ?
	[Active effect 6 on  (FF000892)].XPMSEWeaponStyleScaleEffect.OnEffectStart() - "XPMSEWeaponStyleScaleEffect.psc" Line 222
[07/31/2026 - 08:40:10PM] warning: Assigning None to a non-object variable named "::temp54"
stack:
	<unknown self>.xpmselib.SetAA() - "XPMSELib.psc" Line 242
	[Active effect 6 on  (FF000892)].XPMSEWeaponStyleScaleEffect.SetAA() - "XPMSEWeaponStyleScaleEffect.psc" Line 1558
	[Active effect 6 on  (FF000892)].XPMSEWeaponStyleScaleEffect.Restyle() - "XPMSEWeaponStyleScaleEffect.psc" Line 860
	[Active effect 6 on  (FF000892)].XPMSEWeaponStyleScaleEffect.onBeginState() - "XPMSEWeaponStyleScaleEffect.psc" Line 255
	[Active effect 6 on  (FF000892)].XPMSEWeaponStyleScaleEffect.GotoState() - "ActiveMagicEffect.psc" Line ?
	[Active effect 6 on  (FF000892)].XPMSEWeaponStyleScaleEffect.OnEffectStart() - "XPMSEWeaponStyleScaleEffect.psc" Line 222
[07/31/2026 - 08:40:11PM] Error: Static function GetInstallationCRC not found on object fnis_aa. Aborting call and returning None
stack:
	[Active effect 6 on  (FF000892)].XPMSEWeaponStyleScaleEffect.GetFNISSaveData() - "XPMSEWeaponStyleScaleEffect.psc" Line 1657
	[Active effect 6 on  (FF000892)].XPMSEWeaponStyleScaleEffect.Restyle() - "XPMSEWeaponStyleScaleEffect.psc" Line 1261
	[Active effect 6 on  (FF000892)].XPMSEWeaponStyleScaleEffect.onBeginState() - "XPMSEWeaponStyleScaleEffect.psc" Line 255
	[Active effect 6 on  (FF000892)].XPMSEWeaponStyleScaleEffect.GotoState() - "ActiveMagicEffect.psc" Line ?
	[Active effect 6 on  (FF000892)].XPMSEWeaponStyleScaleEffect.OnEffectStart() - "XPMSEWeaponStyleScaleEffect.psc" Line 222
[07/31/2026 - 08:40:11PM] warning: Assigning None to a non-object variable named "::temp150"
stack:
	[Active effect 6 on  (FF000892)].XPMSEWeaponStyleScaleEffect.GetFNISSaveData() - "XPMSEWeaponStyleScaleEffect.psc" Line 1657
	[Active effect 6 on  (FF000892)].XPMSEWeaponStyleScaleEffect.Restyle() - "XPMSEWeaponStyleScaleEffect.psc" Line 1261
	[Active effect 6 on  (FF000892)].XPMSEWeaponStyleScaleEffect.onBeginState() - "XPMSEWeaponStyleScaleEffect.psc" Line 255
	[Active effect 6 on  (FF000892)].XPMSEWeaponStyleScaleEffect.GotoState() - "ActiveMagicEffect.psc" Line ?
	[Active effect 6 on  (FF000892)].XPMSEWeaponStyleScaleEffect.OnEffectStart() - "XPMSEWeaponStyleScaleEffect.psc" Line 222
[07/31/2026 - 08:40:11PM] Error: Static function SetAnimGroupEX not found on object fnis_aa. Aborting call and returning None
stack:
	<unknown self>.xpmselib.SetAA() - "XPMSELib.psc" Line 242
	[Active effect 6 on  (FF000892)].XPMSEWeaponStyleScaleEffect.SetAA() - "XPMSEWeaponStyleScaleEffect.psc" Line 1558
	[Active effect 6 on  (FF000892)].XPMSEWeaponStyleScaleEffect.Restyle() - "XPMSEWeaponStyleScaleEffect.psc" Line 1261
	[Active effect 6 on  (FF000892)].XPMSEWeaponStyleScaleEffect.onBeginState() - "XPMSEWeaponStyleScaleEffect.psc" Line 255
	[Active effect 6 on  (FF000892)].XPMSEWeaponStyleScaleEffect.GotoState() - "ActiveMagicEffect.psc" Line ?
	[Active effect 6 on  (FF000892)].XPMSEWeaponStyleScaleEffect.OnEffectStart() - "XPMSEWeaponStyleScaleEffect.psc" Line 222
[07/31/2026 - 08:40:11PM] warning: Assigning None to a non-object variable named "::temp54"
stack:
	<unknown self>.xpmselib.SetAA() - "XPMSELib.psc" Line 242
	[Active effect 6 on  (FF000892)].XPMSEWeaponStyleScaleEffect.SetAA() - "XPMSEWeaponStyleScaleEffect.psc" Line 1558
	[Active effect 6 on  (FF000892)].XPMSEWeaponStyleScaleEffect.Restyle() - "XPMSEWeaponStyleScaleEffect.psc" Line 1261
	[Active effect 6 on  (FF000892)].XPMSEWeaponStyleScaleEffect.onBeginState() - "XPMSEWeaponStyleScaleEffect.psc" Line 255
	[Active effect 6 on  (FF000892)].XPMSEWeaponStyleScaleEffect.GotoState() - "ActiveMagicEffect.psc" Line ?
	[Active effect 6 on  (FF000892)].XPMSEWeaponStyleScaleEffect.OnEffectStart() - "XPMSEWeaponStyleScaleEffect.psc" Line 222
[07/31/2026 - 08:40:11PM] Error: Static function GetInstallationCRC not found on object fnis_aa. Aborting call and returning None
stack:
	[Active effect 6 on  (FF000892)].XPMSEWeaponStyleScaleEffect.GetFNISSaveData() - "XPMSEWeaponStyleScaleEffect.psc" Line 1657
	[Active effect 6 on  (FF000892)].XPMSEWeaponStyleScaleEffect.Restyle() - "XPMSEWeaponStyleScaleEffect.psc" Line 1310
	[Active effect 6 on  (FF000892)].XPMSEWeaponStyleScaleEffect.onBeginState() - "XPMSEWeaponStyleScaleEffect.psc" Line 255
	[Active effect 6 on  (FF000892)].XPMSEWeaponStyleScaleEffect.GotoState() - "ActiveMagicEffect.psc" Line ?
	[Active effect 6 on  (FF000892)].XPMSEWeaponStyleScaleEffect.OnEffectStart() - "XPMSEWeaponStyleScaleEffect.psc" Line 222
[07/31/2026 - 08:40:11PM] warning: Assigning None to a non-object variable named "::temp150"
stack:
	[Active effect 6 on  (FF000892)].XPMSEWeaponStyleScaleEffect.GetFNISSaveData() - "XPMSEWeaponStyleScaleEffect.psc" Line 1657
	[Active effect 6 on  (FF000892)].XPMSEWeaponStyleScaleEffect.Restyle() - "XPMSEWeaponStyleScaleEffect.psc" Line 1310
	[Active effect 6 on  (FF000892)].XPMSEWeaponStyleScaleEffect.onBeginState() - "XPMSEWeaponStyleScaleEffect.psc" Line 255
	[Active effect 6 on  (FF000892)].XPMSEWeaponStyleScaleEffect.GotoState() - "ActiveMagicEffect.psc" Line ?
	[Active effect 6 on  (FF000892)].XPMSEWeaponStyleScaleEffect.OnEffectStart() - "XPMSEWeaponStyleScaleEffect.psc" Line 222
[07/31/2026 - 08:40:11PM] Error: Static function SetAnimGroupEX not found on object fnis_aa. Aborting call and returning None
stack:
	<unknown self>.xpmselib.SetAA() - "XPMSELib.psc" Line 242
	[Active effect 6 on  (FF000892)].XPMSEWeaponStyleScaleEffect.SetAA() - "XPMSEWeaponStyleScaleEffect.psc" Line 1558
	[Active effect 6 on  (FF000892)].XPMSEWeaponStyleScaleEffect.Restyle() - "XPMSEWeaponStyleScaleEffect.psc" Line 1310
	[Active effect 6 on  (FF000892)].XPMSEWeaponStyleScaleEffect.onBeginState() - "XPMSEWeaponStyleScaleEffect.psc" Line 255
	[Active effect 6 on  (FF000892)].XPMSEWeaponStyleScaleEffect.GotoState() - "ActiveMagicEffect.psc" Line ?
	[Active effect 6 on  (FF000892)].XPMSEWeaponStyleScaleEffect.OnEffectStart() - "XPMSEWeaponStyleScaleEffect.psc" Line 222
[07/31/2026 - 08:40:11PM] warning: Assigning None to a non-object variable named "::temp54"
stack:
	<unknown self>.xpmselib.SetAA() - "XPMSELib.psc" Line 242
	[Active effect 6 on  (FF000892)].XPMSEWeaponStyleScaleEffect.SetAA() - "XPMSEWeaponStyleScaleEffect.psc" Line 1558
	[Active effect 6 on  (FF000892)].XPMSEWeaponStyleScaleEffect.Restyle() - "XPMSEWeaponStyleScaleEffect.psc" Line 1310
	[Active effect 6 on  (FF000892)].XPMSEWeaponStyleScaleEffect.onBeginState() - "XPMSEWeaponStyleScaleEffect.psc" Line 255
	[Active effect 6 on  (FF000892)].XPMSEWeaponStyleScaleEffect.GotoState() - "ActiveMagicEffect.psc" Line ?
	[Active effect 6 on  (FF000892)].XPMSEWeaponStyleScaleEffect.OnEffectStart() - "XPMSEWeaponStyleScaleEffect.psc" Line 222
[07/31/2026 - 08:40:13PM] PL/Station 2: OnUpdate rename refresh
[07/31/2026 - 08:40:13PM] PL/Station 5: OnUpdate rename refresh
[07/31/2026 - 08:40:13PM] PL/Station 4: OnUpdate rename refresh
[07/31/2026 - 08:40:13PM] PL/Station 2: UpdateTriggerName â€” bound=False name=''
[07/31/2026 - 08:40:13PM] PL/Station 4: UpdateTriggerName â€” bound=False name=''
[07/31/2026 - 08:40:13PM] PL/Station 5: UpdateTriggerName â€” bound=TRUE name='girl'
[07/31/2026 - 08:40:13PM] PL/Station 3: OnUpdate rename refresh
[07/31/2026 - 08:40:13PM] PL/Station 3: UpdateTriggerName â€” bound=False name=''
[07/31/2026 - 08:40:13PM] PL/Station 1: OnUpdate rename refresh
[07/31/2026 - 08:40:13PM] PL/Station 6: OnUpdate rename refresh
[07/31/2026 - 08:40:13PM] PL/Station 1: UpdateTriggerName â€” bound=False name=''
[07/31/2026 - 08:40:13PM] PL/Station 6: UpdateTriggerName â€” bound=False name=''
[07/31/2026 - 08:40:25PM] PL/Station 2: OnUpdate rename refresh
[07/31/2026 - 08:40:25PM] PL/Station 4: OnUpdate rename refresh
[07/31/2026 - 08:40:25PM] PL/Station 5: OnUpdate rename refresh
[07/31/2026 - 08:40:25PM] PL/Station 4: UpdateTriggerName â€” bound=False name=''
[07/31/2026 - 08:40:25PM] PL/Station 5: UpdateTriggerName â€” bound=TRUE name='girl'
[07/31/2026 - 08:40:25PM] PL/Station 2: UpdateTriggerName â€” bound=False name=''
[07/31/2026 - 08:40:25PM] PL/Station 3: OnUpdate rename refresh
[07/31/2026 - 08:40:25PM] PL/Station 3: UpdateTriggerName â€” bound=False name=''
[07/31/2026 - 08:40:25PM] PL/Station 1: OnUpdate rename refresh
[07/31/2026 - 08:40:25PM] PL/Station 6: OnUpdate rename refresh
[07/31/2026 - 08:40:25PM] PL/Station 1: UpdateTriggerName â€” bound=False name=''
[07/31/2026 - 08:40:25PM] PL/Station 6: UpdateTriggerName â€” bound=False name=''
[07/31/2026 - 08:40:31PM] PL/Station 4: OnUpdate rename refresh
[07/31/2026 - 08:40:31PM] PL/Station 5: OnUpdate rename refresh
[07/31/2026 - 08:40:31PM] PL/Station 2: OnUpdate rename refresh
[07/31/2026 - 08:40:31PM] PL/Station 4: UpdateTriggerName â€” bound=False name=''
[07/31/2026 - 08:40:31PM] PL/Station 5: UpdateTriggerName â€” bound=TRUE name='girl'
[07/31/2026 - 08:40:31PM] PL/Station 2: UpdateTriggerName â€” bound=False name=''
[07/31/2026 - 08:40:31PM] PL/Station 3: OnUpdate rename refresh
[07/31/2026 - 08:40:31PM] PL/Station 3: UpdateTriggerName â€” bound=False name=''
[07/31/2026 - 08:40:31PM] PL/Station 1: OnUpdate rename refresh
[07/31/2026 - 08:40:31PM] PL/Station 6: OnUpdate rename refresh
[07/31/2026 - 08:40:31PM] PL/Station 1: UpdateTriggerName â€” bound=False name=''
[07/31/2026 - 08:40:31PM] PL/Station 6: UpdateTriggerName â€” bound=False name=''
[07/31/2026 - 08:40:38PM] Error: Script BennyShelterReturnChestScript cannot be bound to  (7B13FF7C) because the script does not exist or is not currently loaded
[07/31/2026 - 08:40:38PM] [Benny'sShelter] Player has left cell - updating tracker marker.
[07/31/2026 - 08:40:39PM] VM is freezing...
[07/31/2026 - 08:40:39PM] VM is frozen
[07/31/2026 - 08:40:39PM] Saving game...
[07/31/2026 - 08:40:39PM] Error: Attempting to save callback that cannot be saved
[07/31/2026 - 08:40:39PM] VM is thawing...
[07/31/2026 - 08:40:40PM] PL/Station 5: OnUpdate rename refresh
[07/31/2026 - 08:40:40PM] PL/Station 2: OnUpdate rename refresh
[07/31/2026 - 08:40:40PM] PL/Station 4: OnUpdate rename refresh
[07/31/2026 - 08:40:40PM] PL/Station 5: UpdateTriggerName â€” bound=TRUE name='girl'
[07/31/2026 - 08:40:40PM] PL/Station 4: UpdateTriggerName â€” bound=False name=''
[07/31/2026 - 08:40:40PM] PL/Station 2: UpdateTriggerName â€” bound=False name=''
[07/31/2026 - 08:40:40PM] PL/Station 3: OnUpdate rename refresh
[07/31/2026 - 08:40:40PM] PL/Station 3: UpdateTriggerName â€” bound=False name=''
[07/31/2026 - 08:40:40PM] PL/Station 6: OnUpdate rename refresh
[07/31/2026 - 08:40:40PM] PL/Station 1: OnUpdate rename refresh
[07/31/2026 - 08:40:40PM] PL/Station 1: UpdateTriggerName â€” bound=False name=''
[07/31/2026 - 08:40:40PM] PL/Station 6: UpdateTriggerName â€” bound=False name=''
[07/31/2026 - 08:40:40PM] Error: Static function GetInstallationCRC not found on object fnis_aa. Aborting call and returning None
stack:
	[Active effect 6 on  (FF000892)].XPMSEWeaponStyleScaleEffect.GetFNISSaveData() - "XPMSEWeaponStyleScaleEffect.psc" Line 1657
	[Active effect 6 on  (FF000892)].XPMSEWeaponStyleScaleEffect.CleanupFNISaa() - "XPMSEWeaponStyleScaleEffect.psc" Line 499
	[Active effect 6 on  (FF000892)].XPMSEWeaponStyleScaleEffect.CleanupAll() - "XPMSEWeaponStyleScaleEffect.psc" Line 418
	[Active effect 6 on  (FF000892)].XPMSEWeaponStyleScaleEffect.OnCellDetach() - "XPMSEWeaponStyleScaleEffect.psc" Line ?
[07/31/2026 - 08:40:40PM] warning: Assigning None to a non-object variable named "::temp150"
stack:
	[Active effect 6 on  (FF000892)].XPMSEWeaponStyleScaleEffect.GetFNISSaveData() - "XPMSEWeaponStyleScaleEffect.psc" Line 1657
	[Active effect 6 on  (FF000892)].XPMSEWeaponStyleScaleEffect.CleanupFNISaa() - "XPMSEWeaponStyleScaleEffect.psc" Line 499
	[Active effect 6 on  (FF000892)].XPMSEWeaponStyleScaleEffect.CleanupAll() - "XPMSEWeaponStyleScaleEffect.psc" Line 418
	[Active effect 6 on  (FF000892)].XPMSEWeaponStyleScaleEffect.OnCellDetach() - "XPMSEWeaponStyleScaleEffect.psc" Line ?
[07/31/2026 - 08:40:40PM] Error: Static function SetAnimGroupEX not found on object fnis_aa. Aborting call and returning None
stack:
	<unknown self>.xpmselib.SetAA() - "XPMSELib.psc" Line 242
	[Active effect 6 on  (FF000892)].XPMSEWeaponStyleScaleEffect.SetAA() - "XPMSEWeaponStyleScaleEffect.psc" Line 1558
	[Active effect 6 on  (FF000892)].XPMSEWeaponStyleScaleEffect.CleanupFNISaa() - "XPMSEWeaponStyleScaleEffect.psc" Line 499
	[Active effect 6 on  (FF000892)].XPMSEWeaponStyleScaleEffect.CleanupAll() - "XPMSEWeaponStyleScaleEffect.psc" Line 418
	[Active effect 6 on  (FF000892)].XPMSEWeaponStyleScaleEffect.OnCellDetach() - "XPMSEWeaponStyleScaleEffect.psc" Line ?
[07/31/2026 - 08:40:40PM] warning: Assigning None to a non-object variable named "::temp54"
stack:
	<unknown self>.xpmselib.SetAA() - "XPMSELib.psc" Line 242
	[Active effect 6 on  (FF000892)].XPMSEWeaponStyleScaleEffect.SetAA() - "XPMSEWeaponStyleScaleEffect.psc" Line 1558
	[Active effect 6 on  (FF000892)].XPMSEWeaponStyleScaleEffect.CleanupFNISaa() - "XPMSEWeaponStyleScaleEffect.psc" Line 499
	[Active effect 6 on  (FF000892)].XPMSEWeaponStyleScaleEffect.CleanupAll() - "XPMSEWeaponStyleScaleEffect.psc" Line 418
	[Active effect 6 on  (FF000892)].XPMSEWeaponStyleScaleEffect.OnCellDetach() - "XPMSEWeaponStyleScaleEffect.psc" Line ?
[07/31/2026 - 08:40:40PM] Error: Static function GetInstallationCRC not found on object fnis_aa. Aborting call and returning None
stack:
	[Active effect 6 on  (FF000892)].XPMSEWeaponStyleScaleEffect.GetFNISSaveData() - "XPMSEWeaponStyleScaleEffect.psc" Line 1657
	[Active effect 6 on  (FF000892)].XPMSEWeaponStyleScaleEffect.CleanupFNISaa() - "XPMSEWeaponStyleScaleEffect.psc" Line 500
	[Active effect 6 on  (FF000892)].XPMSEWeaponStyleScaleEffect.CleanupAll() - "XPMSEWeaponStyleScaleEffect.psc" Line 418
	[Active effect 6 on  (FF000892)].XPMSEWeaponStyleScaleEffect.OnCellDetach() - "XPMSEWeaponStyleScaleEffect.psc" Line ?
[07/31/2026 - 08:40:40PM] warning: Assigning None to a non-object variable named "::temp150"
stack:
	[Active effect 6 on  (FF000892)].XPMSEWeaponStyleScaleEffect.GetFNISSaveData() - "XPMSEWeaponStyleScaleEffect.psc" Line 1657
	[Active effect 6 on  (FF000892)].XPMSEWeaponStyleScaleEffect.CleanupFNISaa() - "XPMSEWeaponStyleScaleEffect.psc" Line 500
	[Active effect 6 on  (FF000892)].XPMSEWeaponStyleScaleEffect.CleanupAll() - "XPMSEWeaponStyleScaleEffect.psc" Line 418
	[Active effect 6 on  (FF000892)].XPMSEWeaponStyleScaleEffect.OnCellDetach() - "XPMSEWeaponStyleScaleEffect.psc" Line ?
[07/31/2026 - 08:40:40PM] Error: Static function SetAnimGroupEX not found on object fnis_aa. Aborting call and returning None
stack:
	<unknown self>.xpmselib.SetAA() - "XPMSELib.psc" Line 242
	[Active effect 6 on  (FF000892)].XPMSEWeaponStyleScaleEffect.SetAA() - "XPMSEWeaponStyleScaleEffect.psc" Line 1558
	[Active effect 6 on  (FF000892)].XPMSEWeaponStyleScaleEffect.CleanupFNISaa() - "XPMSEWeaponStyleScaleEffect.psc" Line 500
	[Active effect 6 on  (FF000892)].XPMSEWeaponStyleScaleEffect.CleanupAll() - "XPMSEWeaponStyleScaleEffect.psc" Line 418
	[Active effect 6 on  (FF000892)].XPMSEWeaponStyleScaleEffect.OnCellDetach() - "XPMSEWeaponStyleScaleEffect.psc" Line ?
[07/31/2026 - 08:40:40PM] warning: Assigning None to a non-object variable named "::temp54"
stack:
	<unknown self>.xpmselib.SetAA() - "XPMSELib.psc" Line 242
	[Active effect 6 on  (FF000892)].XPMSEWeaponStyleScaleEffect.SetAA() - "XPMSEWeaponStyleScaleEffect.psc" Line 1558
	[Active effect 6 on  (FF000892)].XPMSEWeaponStyleScaleEffect.CleanupFNISaa() - "XPMSEWeaponStyleScaleEffect.psc" Line 500
	[Active effect 6 on  (FF000892)].XPMSEWeaponStyleScaleEffect.CleanupAll() - "XPMSEWeaponStyleScaleEffect.psc" Line 418
	[Active effect 6 on  (FF000892)].XPMSEWeaponStyleScaleEffect.OnCellDetach() - "XPMSEWeaponStyleScaleEffect.psc" Line ?
[07/31/2026 - 08:40:40PM] Error: Static function GetInstallationCRC not found on object fnis_aa. Aborting call and returning None
stack:
	[Active effect 6 on  (FF000892)].XPMSEWeaponStyleScaleEffect.GetFNISSaveData() - "XPMSEWeaponStyleScaleEffect.psc" Line 1657
	[Active effect 6 on  (FF000892)].XPMSEWeaponStyleScaleEffect.CleanupFNISaa() - "XPMSEWeaponStyleScaleEffect.psc" Line 501
	[Active effect 6 on  (FF000892)].XPMSEWeaponStyleScaleEffect.CleanupAll() - "XPMSEWeaponStyleScaleEffect.psc" Line 418
	[Active effect 6 on  (FF000892)].XPMSEWeaponStyleScaleEffect.OnCellDetach() - "XPMSEWeaponStyleScaleEffect.psc" Line ?
[07/31/2026 - 08:40:40PM] warning: Assigning None to a non-object variable named "::temp150"
stack:
	[Active effect 6 on  (FF000892)].XPMSEWeaponStyleScaleEffect.GetFNISSaveData() - "XPMSEWeaponStyleScaleEffect.psc" Line 1657
	[Active effect 6 on  (FF000892)].XPMSEWeaponStyleScaleEffect.CleanupFNISaa() - "XPMSEWeaponStyleScaleEffect.psc" Line 501
	[Active effect 6 on  (FF000892)].XPMSEWeaponStyleScaleEffect.CleanupAll() - "XPMSEWeaponStyleScaleEffect.psc" Line 418
	[Active effect 6 on  (FF000892)].XPMSEWeaponStyleScaleEffect.OnCellDetach() - "XPMSEWeaponStyleScaleEffect.psc" Line ?
[07/31/2026 - 08:40:40PM] Error: Static function SetAnimGroupEX not found on object fnis_aa. Aborting call and returning None
stack:
	<unknown self>.xpmselib.SetAA() - "XPMSELib.psc" Line 242
	[Active effect 6 on  (FF000892)].XPMSEWeaponStyleScaleEffect.SetAA() - "XPMSEWeaponStyleScaleEffect.psc" Line 1558
	[Active effect 6 on  (FF000892)].XPMSEWeaponStyleScaleEffect.CleanupFNISaa() - "XPMSEWeaponStyleScaleEffect.psc" Line 501
	[Active effect 6 on  (FF000892)].XPMSEWeaponStyleScaleEffect.CleanupAll() - "XPMSEWeaponStyleScaleEffect.psc" Line 418
	[Active effect 6 on  (FF000892)].XPMSEWeaponStyleScaleEffect.OnCellDetach() - "XPMSEWeaponStyleScaleEffect.psc" Line ?
[07/31/2026 - 08:40:40PM] warning: Assigning None to a non-object variable named "::temp54"
stack:
	<unknown self>.xpmselib.SetAA() - "XPMSELib.psc" Line 242
	[Active effect 6 on  (FF000892)].XPMSEWeaponStyleScaleEffect.SetAA() - "XPMSEWeaponStyleScaleEffect.psc" Line 1558
	[Active effect 6 on  (FF000892)].XPMSEWeaponStyleScaleEffect.CleanupFNISaa() - "XPMSEWeaponStyleScaleEffect.psc" Line 501
	[Active effect 6 on  (FF000892)].XPMSEWeaponStyleScaleEffect.CleanupAll() - "XPMSEWeaponStyleScaleEffect.psc" Line 418
	[Active effect 6 on  (FF000892)].XPMSEWeaponStyleScaleEffect.OnCellDetach() - "XPMSEWeaponStyleScaleEffect.psc" Line ?
[07/31/2026 - 08:40:40PM] Error: Static function GetInstallationCRC not found on object fnis_aa. Aborting call and returning None
stack:
	[Active effect 6 on  (FF000892)].XPMSEWeaponStyleScaleEffect.GetFNISSaveData() - "XPMSEWeaponStyleScaleEffect.psc" Line 1657
	[Active effect 6 on  (FF000892)].XPMSEWeaponStyleScaleEffect.CleanupFNISaa() - "XPMSEWeaponStyleScaleEffect.psc" Line 502
	[Active effect 6 on  (FF000892)].XPMSEWeaponStyleScaleEffect.CleanupAll() - "XPMSEWeaponStyleScaleEffect.psc" Line 418
	[Active effect 6 on  (FF000892)].XPMSEWeaponStyleScaleEffect.OnCellDetach() - "XPMSEWeaponStyleScaleEffect.psc" Line ?
[07/31/2026 - 08:40:40PM] warning: Assigning None to a non-object variable named "::temp150"
stack:
	[Active effect 6 on  (FF000892)].XPMSEWeaponStyleScaleEffect.GetFNISSaveData() - "XPMSEWeaponStyleScaleEffect.psc" Line 1657
	[Active effect 6 on  (FF000892)].XPMSEWeaponStyleScaleEffect.CleanupFNISaa() - "XPMSEWeaponStyleScaleEffect.psc" Line 502
	[Active effect 6 on  (FF000892)].XPMSEWeaponStyleScaleEffect.CleanupAll() - "XPMSEWeaponStyleScaleEffect.psc" Line 418
	[Active effect 6 on  (FF000892)].XPMSEWeaponStyleScaleEffect.OnCellDetach() - "XPMSEWeaponStyleScaleEffect.psc" Line ?
[07/31/2026 - 08:40:40PM] Error: Static function SetAnimGroupEX not found on object fnis_aa. Aborting call and returning None
stack:
	<unknown self>.xpmselib.SetAA() - "XPMSELib.psc" Line 242
	[Active effect 6 on  (FF000892)].XPMSEWeaponStyleScaleEffect.SetAA() - "XPMSEWeaponStyleScaleEffect.psc" Line 1558
	[Active effect 6 on  (FF000892)].XPMSEWeaponStyleScaleEffect.CleanupFNISaa() - "XPMSEWeaponStyleScaleEffect.psc" Line 502
	[Active effect 6 on  (FF000892)].XPMSEWeaponStyleScaleEffect.CleanupAll() - "XPMSEWeaponStyleScaleEffect.psc" Line 418
	[Active effect 6 on  (FF000892)].XPMSEWeaponStyleScaleEffect.OnCellDetach() - "XPMSEWeaponStyleScaleEffect.psc" Line ?
[07/31/2026 - 08:40:40PM] warning: Assigning None to a non-object variable named "::temp54"
stack:
	<unknown self>.xpmselib.SetAA() - "XPMSELib.psc" Line 242
	[Active effect 6 on  (FF000892)].XPMSEWeaponStyleScaleEffect.SetAA() - "XPMSEWeaponStyleScaleEffect.psc" Line 1558
	[Active effect 6 on  (FF000892)].XPMSEWeaponStyleScaleEffect.CleanupFNISaa() - "XPMSEWeaponStyleScaleEffect.psc" Line 502
	[Active effect 6 on  (FF000892)].XPMSEWeaponStyleScaleEffect.CleanupAll() - "XPMSEWeaponStyleScaleEffect.psc" Line 418
	[Active effect 6 on  (FF000892)].XPMSEWeaponStyleScaleEffect.OnCellDetach() - "XPMSEWeaponStyleScaleEffect.psc" Line ?
[07/31/2026 - 08:40:40PM] Error: Static function GetInstallationCRC not found on object fnis_aa. Aborting call and returning None
stack:
	[Active effect 6 on  (FF000892)].XPMSEWeaponStyleScaleEffect.GetFNISSaveData() - "XPMSEWeaponStyleScaleEffect.psc" Line 1657
	[Active effect 6 on  (FF000892)].XPMSEWeaponStyleScaleEffect.CleanupFNISaa() - "XPMSEWeaponStyleScaleEffect.psc" Line 503
	[Active effect 6 on  (FF000892)].XPMSEWeaponStyleScaleEffect.CleanupAll() - "XPMSEWeaponStyleScaleEffect.psc" Line 418
	[Active effect 6 on  (FF000892)].XPMSEWeaponStyleScaleEffect.OnCellDetach() - "XPMSEWeaponStyleScaleEffect.psc" Line ?
[07/31/2026 - 08:40:40PM] warning: Assigning None to a non-object variable named "::temp150"
stack:
	[Active effect 6 on  (FF000892)].XPMSEWeaponStyleScaleEffect.GetFNISSaveData() - "XPMSEWeaponStyleScaleEffect.psc" Line 1657
	[Active effect 6 on  (FF000892)].XPMSEWeaponStyleScaleEffect.CleanupFNISaa() - "XPMSEWeaponStyleScaleEffect.psc" Line 503
	[Active effect 6 on  (FF000892)].XPMSEWeaponStyleScaleEffect.CleanupAll() - "XPMSEWeaponStyleScaleEffect.psc" Line 418
	[Active effect 6 on  (FF000892)].XPMSEWeaponStyleScaleEffect.OnCellDetach() - "XPMSEWeaponStyleScaleEffect.psc" Line ?
[07/31/2026 - 08:40:41PM] Error: Static function SetAnimGroupEX not found on object fnis_aa. Aborting call and returning None
stack:
	<unknown self>.xpmselib.SetAA() - "XPMSELib.psc" Line 242
	[Active effect 6 on  (FF000892)].XPMSEWeaponStyleScaleEffect.SetAA() - "XPMSEWeaponStyleScaleEffect.psc" Line 1558
	[Active effect 6 on  (FF000892)].XPMSEWeaponStyleScaleEffect.CleanupFNISaa() - "XPMSEWeaponStyleScaleEffect.psc" Line 503
	[Active effect 6 on  (FF000892)].XPMSEWeaponStyleScaleEffect.CleanupAll() - "XPMSEWeaponStyleScaleEffect.psc" Line 418
	[Active effect 6 on  (FF000892)].XPMSEWeaponStyleScaleEffect.OnCellDetach() - "XPMSEWeaponStyleScaleEffect.psc" Line ?
[07/31/2026 - 08:40:41PM] warning: Assigning None to a non-object variable named "::temp54"
stack:
	<unknown self>.xpmselib.SetAA() - "XPMSELib.psc" Line 242
	[Active effect 6 on  (FF000892)].XPMSEWeaponStyleScaleEffect.SetAA() - "XPMSEWeaponStyleScaleEffect.psc" Line 1558
	[Active effect 6 on  (FF000892)].XPMSEWeaponStyleScaleEffect.CleanupFNISaa() - "XPMSEWeaponStyleScaleEffect.psc" Line 503
	[Active effect 6 on  (FF000892)].XPMSEWeaponStyleScaleEffect.CleanupAll() - "XPMSEWeaponStyleScaleEffect.psc" Line 418
	[Active effect 6 on  (FF000892)].XPMSEWeaponStyleScaleEffect.OnCellDetach() - "XPMSEWeaponStyleScaleEffect.psc" Line ?
[07/31/2026 - 08:40:41PM] Error: Static function GetInstallationCRC not found on object fnis_aa. Aborting call and returning None
stack:
	[Active effect 6 on  (FF000892)].XPMSEWeaponStyleScaleEffect.GetFNISSaveData() - "XPMSEWeaponStyleScaleEffect.psc" Line 1657
	[Active effect 6 on  (FF000892)].XPMSEWeaponStyleScaleEffect.CleanupFNISaa() - "XPMSEWeaponStyleScaleEffect.psc" Line 504
	[Active effect 6 on  (FF000892)].XPMSEWeaponStyleScaleEffect.CleanupAll() - "XPMSEWeaponStyleScaleEffect.psc" Line 418
	[Active effect 6 on  (FF000892)].XPMSEWeaponStyleScaleEffect.OnCellDetach() - "XPMSEWeaponStyleScaleEffect.psc" Line ?
[07/31/2026 - 08:40:41PM] warning: Assigning None to a non-object variable named "::temp150"
stack:
	[Active effect 6 on  (FF000892)].XPMSEWeaponStyleScaleEffect.GetFNISSaveData() - "XPMSEWeaponStyleScaleEffect.psc" Line 1657
	[Active effect 6 on  (FF000892)].XPMSEWeaponStyleScaleEffect.CleanupFNISaa() - "XPMSEWeaponStyleScaleEffect.psc" Line 504
	[Active effect 6 on  (FF000892)].XPMSEWeaponStyleScaleEffect.CleanupAll() - "XPMSEWeaponStyleScaleEffect.psc" Line 418
	[Active effect 6 on  (FF000892)].XPMSEWeaponStyleScaleEffect.OnCellDetach() - "XPMSEWeaponStyleScaleEffect.psc" Line ?
[07/31/2026 - 08:40:41PM] Error: Static function SetAnimGroupEX not found on object fnis_aa. Aborting call and returning None
stack:
	<unknown self>.xpmselib.SetAA() - "XPMSELib.psc" Line 242
	[Active effect 6 on  (FF000892)].XPMSEWeaponStyleScaleEffect.SetAA() - "XPMSEWeaponStyleScaleEffect.psc" Line 1558
	[Active effect 6 on  (FF000892)].XPMSEWeaponStyleScaleEffect.CleanupFNISaa() - "XPMSEWeaponStyleScaleEffect.psc" Line 504
	[Active effect 6 on  (FF000892)].XPMSEWeaponStyleScaleEffect.CleanupAll() - "XPMSEWeaponStyleScaleEffect.psc" Line 418
	[Active effect 6 on  (FF000892)].XPMSEWeaponStyleScaleEffect.OnCellDetach() - "XPMSEWeaponStyleScaleEffect.psc" Line ?
[07/31/2026 - 08:40:41PM] warning: Assigning None to a non-object variable named "::temp54"
stack:
	<unknown self>.xpmselib.SetAA() - "XPMSELib.psc" Line 242
	[Active effect 6 on  (FF000892)].XPMSEWeaponStyleScaleEffect.SetAA() - "XPMSEWeaponStyleScaleEffect.psc" Line 1558
	[Active effect 6 on  (FF000892)].XPMSEWeaponStyleScaleEffect.CleanupFNISaa() - "XPMSEWeaponStyleScaleEffect.psc" Line 504
	[Active effect 6 on  (FF000892)].XPMSEWeaponStyleScaleEffect.CleanupAll() - "XPMSEWeaponStyleScaleEffect.psc" Line 418
	[Active effect 6 on  (FF000892)].XPMSEWeaponStyleScaleEffect.OnCellDetach() - "XPMSEWeaponStyleScaleEffect.psc" Line ?
[07/31/2026 - 08:40:41PM] Error: Static function GetInstallationCRC not found on object fnis_aa. Aborting call and returning None
stack:
	[Active effect 6 on  (FF000892)].XPMSEWeaponStyleScaleEffect.GetFNISSaveData() - "XPMSEWeaponStyleScaleEffect.psc" Line 1657
	[Active effect 6 on  (FF000892)].XPMSEWeaponStyleScaleEffect.CleanupFNISaa() - "XPMSEWeaponStyleScaleEffect.psc" Line 505
	[Active effect 6 on  (FF000892)].XPMSEWeaponStyleScaleEffect.CleanupAll() - "XPMSEWeaponStyleScaleEffect.psc" Line 418
	[Active effect 6 on  (FF000892)].XPMSEWeaponStyleScaleEffect.OnCellDetach() - "XPMSEWeaponStyleScaleEffect.psc" Line ?
[07/31/2026 - 08:40:41PM] warning: Assigning None to a non-object variable named "::temp150"
stack:
	[Active effect 6 on  (FF000892)].XPMSEWeaponStyleScaleEffect.GetFNISSaveData() - "XPMSEWeaponStyleScaleEffect.psc" Line 1657
	[Active effect 6 on  (FF000892)].XPMSEWeaponStyleScaleEffect.CleanupFNISaa() - "XPMSEWeaponStyleScaleEffect.psc" Line 505
	[Active effect 6 on  (FF000892)].XPMSEWeaponStyleScaleEffect.CleanupAll() - "XPMSEWeaponStyleScaleEffect.psc" Line 418
	[Active effect 6 on  (FF000892)].XPMSEWeaponStyleScaleEffect.OnCellDetach() - "XPMSEWeaponStyleScaleEffect.psc" Line ?
[07/31/2026 - 08:40:41PM] Error: Static function SetAnimGroupEX not found on object fnis_aa. Aborting call and returning None
stack:
	<unknown self>.xpmselib.SetAA() - "XPMSELib.psc" Line 242
	[Active effect 6 on  (FF000892)].XPMSEWeaponStyleScaleEffect.SetAA() - "XPMSEWeaponStyleScaleEffect.psc" Line 1558
	[Active effect 6 on  (FF000892)].XPMSEWeaponStyleScaleEffect.CleanupFNISaa() - "XPMSEWeaponStyleScaleEffect.psc" Line 505
	[Active effect 6 on  (FF000892)].XPMSEWeaponStyleScaleEffect.CleanupAll() - "XPMSEWeaponStyleScaleEffect.psc" Line 418
	[Active effect 6 on  (FF000892)].XPMSEWeaponStyleScaleEffect.OnCellDetach() - "XPMSEWeaponStyleScaleEffect.psc" Line ?
[07/31/2026 - 08:40:41PM] warning: Assigning None to a non-object variable named "::temp54"
stack:
	<unknown self>.xpmselib.SetAA() - "XPMSELib.psc" Line 242
	[Active effect 6 on  (FF000892)].XPMSEWeaponStyleScaleEffect.SetAA() - "XPMSEWeaponStyleScaleEffect.psc" Line 1558
	[Active effect 6 on  (FF000892)].XPMSEWeaponStyleScaleEffect.CleanupFNISaa() - "XPMSEWeaponStyleScaleEffect.psc" Line 505
	[Active effect 6 on  (FF000892)].XPMSEWeaponStyleScaleEffect.CleanupAll() - "XPMSEWeaponStyleScaleEffect.psc" Line 418
	[Active effect 6 on  (FF000892)].XPMSEWeaponStyleScaleEffect.OnCellDetach() - "XPMSEWeaponStyleScaleEffect.psc" Line ?
[07/31/2026 - 08:40:41PM] Error: Static function GetInstallationCRC not found on object fnis_aa. Aborting call and returning None
stack:
	[Active effect 6 on  (FF000892)].XPMSEWeaponStyleScaleEffect.GetFNISSaveData() - "XPMSEWeaponStyleScaleEffect.psc" Line 1657
	[Active effect 6 on  (FF000892)].XPMSEWeaponStyleScaleEffect.CleanupFNISaa() - "XPMSEWeaponStyleScaleEffect.psc" Line 506
	[Active effect 6 on  (FF000892)].XPMSEWeaponStyleScaleEffect.CleanupAll() - "XPMSEWeaponStyleScaleEffect.psc" Line 418
	[Active effect 6 on  (FF000892)].XPMSEWeaponStyleScaleEffect.OnCellDetach() - "XPMSEWeaponStyleScaleEffect.psc" Line ?
[07/31/2026 - 08:40:41PM] warning: Assigning None to a non-object variable named "::temp150"
stack:
	[Active effect 6 on  (FF000892)].XPMSEWeaponStyleScaleEffect.GetFNISSaveData() - "XPMSEWeaponStyleScaleEffect.psc" Line 1657
	[Active effect 6 on  (FF000892)].XPMSEWeaponStyleScaleEffect.CleanupFNISaa() - "XPMSEWeaponStyleScaleEffect.psc" Line 506
	[Active effect 6 on  (FF000892)].XPMSEWeaponStyleScaleEffect.CleanupAll() - "XPMSEWeaponStyleScaleEffect.psc" Line 418
	[Active effect 6 on  (FF000892)].XPMSEWeaponStyleScaleEffect.OnCellDetach() - "XPMSEWeaponStyleScaleEffect.psc" Line ?
[07/31/2026 - 08:40:41PM] Error: Static function SetAnimGroupEX not found on object fnis_aa. Aborting call and returning None
stack:
	<unknown self>.xpmselib.SetAA() - "XPMSELib.psc" Line 242
	[Active effect 6 on  (FF000892)].XPMSEWeaponStyleScaleEffect.SetAA() - "XPMSEWeaponStyleScaleEffect.psc" Line 1558
	[Active effect 6 on  (FF000892)].XPMSEWeaponStyleScaleEffect.CleanupFNISaa() - "XPMSEWeaponStyleScaleEffect.psc" Line 506
	[Active effect 6 on  (FF000892)].XPMSEWeaponStyleScaleEffect.CleanupAll() - "XPMSEWeaponStyleScaleEffect.psc" Line 418
	[Active effect 6 on  (FF000892)].XPMSEWeaponStyleScaleEffect.OnCellDetach() - "XPMSEWeaponStyleScaleEffect.psc" Line ?
[07/31/2026 - 08:40:41PM] warning: Assigning None to a non-object variable named "::temp54"
stack:
	<unknown self>.xpmselib.SetAA() - "XPMSELib.psc" Line 242
	[Active effect 6 on  (FF000892)].XPMSEWeaponStyleScaleEffect.SetAA() - "XPMSEWeaponStyleScaleEffect.psc" Line 1558
	[Active effect 6 on  (FF000892)].XPMSEWeaponStyleScaleEffect.CleanupFNISaa() - "XPMSEWeaponStyleScaleEffect.psc" Line 506
	[Active effect 6 on  (FF000892)].XPMSEWeaponStyleScaleEffect.CleanupAll() - "XPMSEWeaponStyleScaleEffect.psc" Line 418
	[Active effect 6 on  (FF000892)].XPMSEWeaponStyleScaleEffect.OnCellDetach() - "XPMSEWeaponStyleScaleEffect.psc" Line ?
[07/31/2026 - 08:40:41PM] Error: Static function GetInstallationCRC not found on object fnis_aa. Aborting call and returning None
stack:
	[Active effect 6 on  (FF000892)].XPMSEWeaponStyleScaleEffect.GetFNISSaveData() - "XPMSEWeaponStyleScaleEffect.psc" Line 1657
	[Active effect 6 on  (FF000892)].XPMSEWeaponStyleScaleEffect.CleanupFNISaa() - "XPMSEWeaponStyleScaleEffect.psc" Line 507
	[Active effect 6 on  (FF000892)].XPMSEWeaponStyleScaleEffect.CleanupAll() - "XPMSEWeaponStyleScaleEffect.psc" Line 418
	[Active effect 6 on  (FF000892)].XPMSEWeaponStyleScaleEffect.OnCellDetach() - "XPMSEWeaponStyleScaleEffect.psc" Line ?
[07/31/2026 - 08:40:41PM] warning: Assigning None to a non-object variable named "::temp150"
stack:
	[Active effect 6 on  (FF000892)].XPMSEWeaponStyleScaleEffect.GetFNISSaveData() - "XPMSEWeaponStyleScaleEffect.psc" Line 1657
	[Active effect 6 on  (FF000892)].XPMSEWeaponStyleScaleEffect.CleanupFNISaa() - "XPMSEWeaponStyleScaleEffect.psc" Line 507
	[Active effect 6 on  (FF000892)].XPMSEWeaponStyleScaleEffect.CleanupAll() - "XPMSEWeaponStyleScaleEffect.psc" Line 418
	[Active effect 6 on  (FF000892)].XPMSEWeaponStyleScaleEffect.OnCellDetach() - "XPMSEWeaponStyleScaleEffect.psc" Line ?
[07/31/2026 - 08:40:41PM] Error: Static function SetAnimGroupEX not found on object fnis_aa. Aborting call and returning None
stack:
	<unknown self>.xpmselib.SetAA() - "XPMSELib.psc" Line 242
	[Active effect 6 on  (FF000892)].XPMSEWeaponStyleScaleEffect.SetAA() - "XPMSEWeaponStyleScaleEffect.psc" Line 1558
	[Active effect 6 on  (FF000892)].XPMSEWeaponStyleScaleEffect.CleanupFNISaa() - "XPMSEWeaponStyleScaleEffect.psc" Line 507
	[Active effect 6 on  (FF000892)].XPMSEWeaponStyleScaleEffect.CleanupAll() - "XPMSEWeaponStyleScaleEffect.psc" Line 418
	[Active effect 6 on  (FF000892)].XPMSEWeaponStyleScaleEffect.OnCellDetach() - "XPMSEWeaponStyleScaleEffect.psc" Line ?
[07/31/2026 - 08:40:41PM] warning: Assigning None to a non-object variable named "::temp54"
stack:
	<unknown self>.xpmselib.SetAA() - "XPMSELib.psc" Line 242
	[Active effect 6 on  (FF000892)].XPMSEWeaponStyleScaleEffect.SetAA() - "XPMSEWeaponStyleScaleEffect.psc" Line 1558
	[Active effect 6 on  (FF000892)].XPMSEWeaponStyleScaleEffect.CleanupFNISaa() - "XPMSEWeaponStyleScaleEffect.psc" Line 507
	[Active effect 6 on  (FF000892)].XPMSEWeaponStyleScaleEffect.CleanupAll() - "XPMSEWeaponStyleScaleEffect.psc" Line 418
	[Active effect 6 on  (FF000892)].XPMSEWeaponStyleScaleEffect.OnCellDetach() - "XPMSEWeaponStyleScaleEffect.psc" Line ?
[07/31/2026 - 08:40:41PM] Error: Static function GetInstallationCRC not found on object fnis_aa. Aborting call and returning None
stack:
	[Active effect 6 on  (FF000892)].XPMSEWeaponStyleScaleEffect.GetFNISSaveData() - "XPMSEWeaponStyleScaleEffect.psc" Line 1657
	[Active effect 6 on  (FF000892)].XPMSEWeaponStyleScaleEffect.CleanupFNISaa() - "XPMSEWeaponStyleScaleEffect.psc" Line 508
	[Active effect 6 on  (FF000892)].XPMSEWeaponStyleScaleEffect.CleanupAll() - "XPMSEWeaponStyleScaleEffect.psc" Line 418
	[Active effect 6 on  (FF000892)].XPMSEWeaponStyleScaleEffect.OnCellDetach() - "XPMSEWeaponStyleScaleEffect.psc" Line ?
[07/31/2026 - 08:40:41PM] warning: Assigning None to a non-object variable named "::temp150"
stack:
	[Active effect 6 on  (FF000892)].XPMSEWeaponStyleScaleEffect.GetFNISSaveData() - "XPMSEWeaponStyleScaleEffect.psc" Line 1657
	[Active effect 6 on  (FF000892)].XPMSEWeaponStyleScaleEffect.CleanupFNISaa() - "XPMSEWeaponStyleScaleEffect.psc" Line 508
	[Active effect 6 on  (FF000892)].XPMSEWeaponStyleScaleEffect.CleanupAll() - "XPMSEWeaponStyleScaleEffect.psc" Line 418
	[Active effect 6 on  (FF000892)].XPMSEWeaponStyleScaleEffect.OnCellDetach() - "XPMSEWeaponStyleScaleEffect.psc" Line ?
[07/31/2026 - 08:40:41PM] Error: Static function SetAnimGroupEX not found on object fnis_aa. Aborting call and returning None
stack:
	<unknown self>.xpmselib.SetAA() - "XPMSELib.psc" Line 242
	[Active effect 6 on  (FF000892)].XPMSEWeaponStyleScaleEffect.SetAA() - "XPMSEWeaponStyleScaleEffect.psc" Line 1558
	[Active effect 6 on  (FF000892)].XPMSEWeaponStyleScaleEffect.CleanupFNISaa() - "XPMSEWeaponStyleScaleEffect.psc" Line 508
	[Active effect 6 on  (FF000892)].XPMSEWeaponStyleScaleEffect.CleanupAll() - "XPMSEWeaponStyleScaleEffect.psc" Line 418
	[Active effect 6 on  (FF000892)].XPMSEWeaponStyleScaleEffect.OnCellDetach() - "XPMSEWeaponStyleScaleEffect.psc" Line ?
[07/31/2026 - 08:40:41PM] warning: Assigning None to a non-object variable named "::temp54"
stack:
	<unknown self>.xpmselib.SetAA() - "XPMSELib.psc" Line 242
	[Active effect 6 on  (FF000892)].XPMSEWeaponStyleScaleEffect.SetAA() - "XPMSEWeaponStyleScaleEffect.psc" Line 1558
	[Active effect 6 on  (FF000892)].XPMSEWeaponStyleScaleEffect.CleanupFNISaa() - "XPMSEWeaponStyleScaleEffect.psc" Line 508
	[Active effect 6 on  (FF000892)].XPMSEWeaponStyleScaleEffect.CleanupAll() - "XPMSEWeaponStyleScaleEffect.psc" Line 418
	[Active effect 6 on  (FF000892)].XPMSEWeaponStyleScaleEffect.OnCellDetach() - "XPMSEWeaponStyleScaleEffect.psc" Line ?
[07/31/2026 - 08:40:41PM] Error: Static function GetInstallationCRC not found on object fnis_aa. Aborting call and returning None
stack:
	[Active effect 6 on  (FF000892)].XPMSEWeaponStyleScaleEffect.GetFNISSaveData() - "XPMSEWeaponStyleScaleEffect.psc" Line 1657
	[Active effect 6 on  (FF000892)].XPMSEWeaponStyleScaleEffect.CleanupFNISaa() - "XPMSEWeaponStyleScaleEffect.psc" Line 509
	[Active effect 6 on  (FF000892)].XPMSEWeaponStyleScaleEffect.CleanupAll() - "XPMSEWeaponStyleScaleEffect.psc" Line 418
	[Active effect 6 on  (FF000892)].XPMSEWeaponStyleScaleEffect.OnCellDetach() - "XPMSEWeaponStyleScaleEffect.psc" Line ?
[07/31/2026 - 08:40:41PM] warning: Assigning None to a non-object variable named "::temp150"
stack:
	[Active effect 6 on  (FF000892)].XPMSEWeaponStyleScaleEffect.GetFNISSaveData() - "XPMSEWeaponStyleScaleEffect.psc" Line 1657
	[Active effect 6 on  (FF000892)].XPMSEWeaponStyleScaleEffect.CleanupFNISaa() - "XPMSEWeaponStyleScaleEffect.psc" Line 509
	[Active effect 6 on  (FF000892)].XPMSEWeaponStyleScaleEffect.CleanupAll() - "XPMSEWeaponStyleScaleEffect.psc" Line 418
	[Active effect 6 on  (FF000892)].XPMSEWeaponStyleScaleEffect.OnCellDetach() - "XPMSEWeaponStyleScaleEffect.psc" Line ?
[07/31/2026 - 08:40:41PM] Error: Static function SetAnimGroupEX not found on object fnis_aa. Aborting call and returning None
stack:
	<unknown self>.xpmselib.SetAA() - "XPMSELib.psc" Line 242
	[Active effect 6 on  (FF000892)].XPMSEWeaponStyleScaleEffect.SetAA() - "XPMSEWeaponStyleScaleEffect.psc" Line 1558
	[Active effect 6 on  (FF000892)].XPMSEWeaponStyleScaleEffect.CleanupFNISaa() - "XPMSEWeaponStyleScaleEffect.psc" Line 509
	[Active effect 6 on  (FF000892)].XPMSEWeaponStyleScaleEffect.CleanupAll() - "XPMSEWeaponStyleScaleEffect.psc" Line 418
	[Active effect 6 on  (FF000892)].XPMSEWeaponStyleScaleEffect.OnCellDetach() - "XPMSEWeaponStyleScaleEffect.psc" Line ?
[07/31/2026 - 08:40:41PM] warning: Assigning None to a non-object variable named "::temp54"
stack:
	<unknown self>.xpmselib.SetAA() - "XPMSELib.psc" Line 242
	[Active effect 6 on  (FF000892)].XPMSEWeaponStyleScaleEffect.SetAA() - "XPMSEWeaponStyleScaleEffect.psc" Line 1558
	[Active effect 6 on  (FF000892)].XPMSEWeaponStyleScaleEffect.CleanupFNISaa() - "XPMSEWeaponStyleScaleEffect.psc" Line 509
	[Active effect 6 on  (FF000892)].XPMSEWeaponStyleScaleEffect.CleanupAll() - "XPMSEWeaponStyleScaleEffect.psc" Line 418
	[Active effect 6 on  (FF000892)].XPMSEWeaponStyleScaleEffect.OnCellDetach() - "XPMSEWeaponStyleScaleEffect.psc" Line ?
[07/31/2026 - 08:40:41PM] Error: Static function GetInstallationCRC not found on object fnis_aa. Aborting call and returning None
stack:
	[Active effect 6 on  (FF000892)].XPMSEWeaponStyleScaleEffect.GetFNISSaveData() - "XPMSEWeaponStyleScaleEffect.psc" Line 1657
	[Active effect 6 on  (FF000892)].XPMSEWeaponStyleScaleEffect.CleanupFNISaa() - "XPMSEWeaponStyleScaleEffect.psc" Line 510
	[Active effect 6 on  (FF000892)].XPMSEWeaponStyleScaleEffect.CleanupAll() - "XPMSEWeaponStyleScaleEffect.psc" Line 418
	[Active effect 6 on  (FF000892)].XPMSEWeaponStyleScaleEffect.OnCellDetach() - "XPMSEWeaponStyleScaleEffect.psc" Line ?
[07/31/2026 - 08:40:41PM] warning: Assigning None to a non-object variable named "::temp150"
stack:
	[Active effect 6 on  (FF000892)].XPMSEWeaponStyleScaleEffect.GetFNISSaveData() - "XPMSEWeaponStyleScaleEffect.psc" Line 1657
	[Active effect 6 on  (FF000892)].XPMSEWeaponStyleScaleEffect.CleanupFNISaa() - "XPMSEWeaponStyleScaleEffect.psc" Line 510
	[Active effect 6 on  (FF000892)].XPMSEWeaponStyleScaleEffect.CleanupAll() - "XPMSEWeaponStyleScaleEffect.psc" Line 418
	[Active effect 6 on  (FF000892)].XPMSEWeaponStyleScaleEffect.OnCellDetach() - "XPMSEWeaponStyleScaleEffect.psc" Line ?
[07/31/2026 - 08:40:41PM] Error: Static function SetAnimGroupEX not found on object fnis_aa. Aborting call and returning None
stack:
	<unknown self>.xpmselib.SetAA() - "XPMSELib.psc" Line 242
	[Active effect 6 on  (FF000892)].XPMSEWeaponStyleScaleEffect.SetAA() - "XPMSEWeaponStyleScaleEffect.psc" Line 1558
	[Active effect 6 on  (FF000892)].XPMSEWeaponStyleScaleEffect.CleanupFNISaa() - "XPMSEWeaponStyleScaleEffect.psc" Line 510
	[Active effect 6 on  (FF000892)].XPMSEWeaponStyleScaleEffect.CleanupAll() - "XPMSEWeaponStyleScaleEffect.psc" Line 418
	[Active effect 6 on  (FF000892)].XPMSEWeaponStyleScaleEffect.OnCellDetach() - "XPMSEWeaponStyleScaleEffect.psc" Line ?
[07/31/2026 - 08:40:41PM] warning: Assigning None to a non-object variable named "::temp54"
stack:
	<unknown self>.xpmselib.SetAA() - "XPMSELib.psc" Line 242
	[Active effect 6 on  (FF000892)].XPMSEWeaponStyleScaleEffect.SetAA() - "XPMSEWeaponStyleScaleEffect.psc" Line 1558
	[Active effect 6 on  (FF000892)].XPMSEWeaponStyleScaleEffect.CleanupFNISaa() - "XPMSEWeaponStyleScaleEffect.psc" Line 510
	[Active effect 6 on  (FF000892)].XPMSEWeaponStyleScaleEffect.CleanupAll() - "XPMSEWeaponStyleScaleEffect.psc" Line 418
	[Active effect 6 on  (FF000892)].XPMSEWeaponStyleScaleEffect.OnCellDetach() - "XPMSEWeaponStyleScaleEffect.psc" Line ?
[07/31/2026 - 08:40:41PM] Error: Static function GetInstallationCRC not found on object fnis_aa. Aborting call and returning None
stack:
	[Active effect 6 on  (FF000892)].XPMSEWeaponStyleScaleEffect.GetFNISSaveData() - "XPMSEWeaponStyleScaleEffect.psc" Line 1657
	[Active effect 6 on  (FF000892)].XPMSEWeaponStyleScaleEffect.CleanupFNISaa() - "XPMSEWeaponStyleScaleEffect.psc" Line 511
	[Active effect 6 on  (FF000892)].XPMSEWeaponStyleScaleEffect.CleanupAll() - "XPMSEWeaponStyleScaleEffect.psc" Line 418
	[Active effect 6 on  (FF000892)].XPMSEWeaponStyleScaleEffect.OnCellDetach() - "XPMSEWeaponStyleScaleEffect.psc" Line ?
[07/31/2026 - 08:40:41PM] warning: Assigning None to a non-object variable named "::temp150"
stack:
	[Active effect 6 on  (FF000892)].XPMSEWeaponStyleScaleEffect.GetFNISSaveData() - "XPMSEWeaponStyleScaleEffect.psc" Line 1657
	[Active effect 6 on  (FF000892)].XPMSEWeaponStyleScaleEffect.CleanupFNISaa() - "XPMSEWeaponStyleScaleEffect.psc" Line 511
	[Active effect 6 on  (FF000892)].XPMSEWeaponStyleScaleEffect.CleanupAll() - "XPMSEWeaponStyleScaleEffect.psc" Line 418
	[Active effect 6 on  (FF000892)].XPMSEWeaponStyleScaleEffect.OnCellDetach() - "XPMSEWeaponStyleScaleEffect.psc" Line ?
[07/31/2026 - 08:40:41PM] Error: Static function SetAnimGroupEX not found on object fnis_aa. Aborting call and returning None
stack:
	<unknown self>.xpmselib.SetAA() - "XPMSELib.psc" Line 242
	[Active effect 6 on  (FF000892)].XPMSEWeaponStyleScaleEffect.SetAA() - "XPMSEWeaponStyleScaleEffect.psc" Line 1558
	[Active effect 6 on  (FF000892)].XPMSEWeaponStyleScaleEffect.CleanupFNISaa() - "XPMSEWeaponStyleScaleEffect.psc" Line 511
	[Active effect 6 on  (FF000892)].XPMSEWeaponStyleScaleEffect.CleanupAll() - "XPMSEWeaponStyleScaleEffect.psc" Line 418
	[Active effect 6 on  (FF000892)].XPMSEWeaponStyleScaleEffect.OnCellDetach() - "XPMSEWeaponStyleScaleEffect.psc" Line ?
[07/31/2026 - 08:40:41PM] warning: Assigning None to a non-object variable named "::temp54"
stack:
	<unknown self>.xpmselib.SetAA() - "XPMSELib.psc" Line 242
	[Active effect 6 on  (FF000892)].XPMSEWeaponStyleScaleEffect.SetAA() - "XPMSEWeaponStyleScaleEffect.psc" Line 1558
	[Active effect 6 on  (FF000892)].XPMSEWeaponStyleScaleEffect.CleanupFNISaa() - "XPMSEWeaponStyleScaleEffect.psc" Line 511
	[Active effect 6 on  (FF000892)].XPMSEWeaponStyleScaleEffect.CleanupAll() - "XPMSEWeaponStyleScaleEffect.psc" Line 418
	[Active effect 6 on  (FF000892)].XPMSEWeaponStyleScaleEffect.OnCellDetach() - "XPMSEWeaponStyleScaleEffect.psc" Line ?
[07/31/2026 - 08:40:41PM] Error: Static function GetInstallationCRC not found on object fnis_aa. Aborting call and returning None
stack:
	[Active effect 6 on  (FF000892)].XPMSEWeaponStyleScaleEffect.GetFNISSaveData() - "XPMSEWeaponStyleScaleEffect.psc" Line 1657
	[Active effect 6 on  (FF000892)].XPMSEWeaponStyleScaleEffect.CleanupFNISaa() - "XPMSEWeaponStyleScaleEffect.psc" Line 512
	[Active effect 6 on  (FF000892)].XPMSEWeaponStyleScaleEffect.CleanupAll() - "XPMSEWeaponStyleScaleEffect.psc" Line 418
	[Active effect 6 on  (FF000892)].XPMSEWeaponStyleScaleEffect.OnCellDetach() - "XPMSEWeaponStyleScaleEffect.psc" Line ?
[07/31/2026 - 08:40:41PM] warning: Assigning None to a non-object variable named "::temp150"
stack:
	[Active effect 6 on  (FF000892)].XPMSEWeaponStyleScaleEffect.GetFNISSaveData() - "XPMSEWeaponStyleScaleEffect.psc" Line 1657
	[Active effect 6 on  (FF000892)].XPMSEWeaponStyleScaleEffect.CleanupFNISaa() - "XPMSEWeaponStyleScaleEffect.psc" Line 512
	[Active effect 6 on  (FF000892)].XPMSEWeaponStyleScaleEffect.CleanupAll() - "XPMSEWeaponStyleScaleEffect.psc" Line 418
	[Active effect 6 on  (FF000892)].XPMSEWeaponStyleScaleEffect.OnCellDetach() - "XPMSEWeaponStyleScaleEffect.psc" Line ?
[07/31/2026 - 08:40:41PM] Error: Static function SetAnimGroupEX not found on object fnis_aa. Aborting call and returning None
stack:
	<unknown self>.xpmselib.SetAA() - "XPMSELib.psc" Line 242
	[Active effect 6 on  (FF000892)].XPMSEWeaponStyleScaleEffect.SetAA() - "XPMSEWeaponStyleScaleEffect.psc" Line 1558
	[Active effect 6 on  (FF000892)].XPMSEWeaponStyleScaleEffect.CleanupFNISaa() - "XPMSEWeaponStyleScaleEffect.psc" Line 512
	[Active effect 6 on  (FF000892)].XPMSEWeaponStyleScaleEffect.CleanupAll() - "XPMSEWeaponStyleScaleEffect.psc" Line 418
	[Active effect 6 on  (FF000892)].XPMSEWeaponStyleScaleEffect.OnCellDetach() - "XPMSEWeaponStyleScaleEffect.psc" Line ?
[07/31/2026 - 08:40:41PM] warning: Assigning None to a non-object variable named "::temp54"
stack:
	<unknown self>.xpmselib.SetAA() - "XPMSELib.psc" Line 242
	[Active effect 6 on  (FF000892)].XPMSEWeaponStyleScaleEffect.SetAA() - "XPMSEWeaponStyleScaleEffect.psc" Line 1558
	[Active effect 6 on  (FF000892)].XPMSEWeaponStyleScaleEffect.CleanupFNISaa() - "XPMSEWeaponStyleScaleEffect.psc" Line 512
	[Active effect 6 on  (FF000892)].XPMSEWeaponStyleScaleEffect.CleanupAll() - "XPMSEWeaponStyleScaleEffect.psc" Line 418
	[Active effect 6 on  (FF000892)].XPMSEWeaponStyleScaleEffect.OnCellDetach() - "XPMSEWeaponStyleScaleEffect.psc" Line ?
[07/31/2026 - 08:40:41PM] Error: Static function GetInstallationCRC not found on object fnis_aa. Aborting call and returning None
stack:
	[Active effect 6 on  (FF000892)].XPMSEWeaponStyleScaleEffect.GetFNISSaveData() - "XPMSEWeaponStyleScaleEffect.psc" Line 1657
	[Active effect 6 on  (FF000892)].XPMSEWeaponStyleScaleEffect.CleanupFNISaa() - "XPMSEWeaponStyleScaleEffect.psc" Line 513
	[Active effect 6 on  (FF000892)].XPMSEWeaponStyleScaleEffect.CleanupAll() - "XPMSEWeaponStyleScaleEffect.psc" Line 418
	[Active effect 6 on  (FF000892)].XPMSEWeaponStyleScaleEffect.OnCellDetach() - "XPMSEWeaponStyleScaleEffect.psc" Line ?
[07/31/2026 - 08:40:41PM] warning: Assigning None to a non-object variable named "::temp150"
stack:
	[Active effect 6 on  (FF000892)].XPMSEWeaponStyleScaleEffect.GetFNISSaveData() - "XPMSEWeaponStyleScaleEffect.psc" Line 1657
	[Active effect 6 on  (FF000892)].XPMSEWeaponStyleScaleEffect.CleanupFNISaa() - "XPMSEWeaponStyleScaleEffect.psc" Line 513
	[Active effect 6 on  (FF000892)].XPMSEWeaponStyleScaleEffect.CleanupAll() - "XPMSEWeaponStyleScaleEffect.psc" Line 418
	[Active effect 6 on  (FF000892)].XPMSEWeaponStyleScaleEffect.OnCellDetach() - "XPMSEWeaponStyleScaleEffect.psc" Line ?
[07/31/2026 - 08:40:41PM] Error: Static function SetAnimGroupEX not found on object fnis_aa. Aborting call and returning None
stack:
	<unknown self>.xpmselib.SetAA() - "XPMSELib.psc" Line 242
	[Active effect 6 on  (FF000892)].XPMSEWeaponStyleScaleEffect.SetAA() - "XPMSEWeaponStyleScaleEffect.psc" Line 1558
	[Active effect 6 on  (FF000892)].XPMSEWeaponStyleScaleEffect.CleanupFNISaa() - "XPMSEWeaponStyleScaleEffect.psc" Line 513
	[Active effect 6 on  (FF000892)].XPMSEWeaponStyleScaleEffect.CleanupAll() - "XPMSEWeaponStyleScaleEffect.psc" Line 418
	[Active effect 6 on  (FF000892)].XPMSEWeaponStyleScaleEffect.OnCellDetach() - "XPMSEWeaponStyleScaleEffect.psc" Line ?
[07/31/2026 - 08:40:41PM] warning: Assigning None to a non-object variable named "::temp54"
stack:
	<unknown self>.xpmselib.SetAA() - "XPMSELib.psc" Line 242
	[Active effect 6 on  (FF000892)].XPMSEWeaponStyleScaleEffect.SetAA() - "XPMSEWeaponStyleScaleEffect.psc" Line 1558
	[Active effect 6 on  (FF000892)].XPMSEWeaponStyleScaleEffect.CleanupFNISaa() - "XPMSEWeaponStyleScaleEffect.psc" Line 513
	[Active effect 6 on  (FF000892)].XPMSEWeaponStyleScaleEffect.CleanupAll() - "XPMSEWeaponStyleScaleEffect.psc" Line 418
	[Active effect 6 on  (FF000892)].XPMSEWeaponStyleScaleEffect.OnCellDetach() - "XPMSEWeaponStyleScaleEffect.psc" Line ?
[07/31/2026 - 08:40:41PM] Error: Static function GetInstallationCRC not found on object fnis_aa. Aborting call and returning None
stack:
	[Active effect 6 on  (FF000892)].XPMSEWeaponStyleScaleEffect.GetFNISSaveData() - "XPMSEWeaponStyleScaleEffect.psc" Line 1657
	[Active effect 6 on  (FF000892)].XPMSEWeaponStyleScaleEffect.CleanupFNISaa() - "XPMSEWeaponStyleScaleEffect.psc" Line 514
	[Active effect 6 on  (FF000892)].XPMSEWeaponStyleScaleEffect.CleanupAll() - "XPMSEWeaponStyleScaleEffect.psc" Line 418
	[Active effect 6 on  (FF000892)].XPMSEWeaponStyleScaleEffect.OnCellDetach() - "XPMSEWeaponStyleScaleEffect.psc" Line ?
[07/31/2026 - 08:40:41PM] warning: Assigning None to a non-object variable named "::temp150"
stack:
	[Active effect 6 on  (FF000892)].XPMSEWeaponStyleScaleEffect.GetFNISSaveData() - "XPMSEWeaponStyleScaleEffect.psc" Line 1657
	[Active effect 6 on  (FF000892)].XPMSEWeaponStyleScaleEffect.CleanupFNISaa() - "XPMSEWeaponStyleScaleEffect.psc" Line 514
	[Active effect 6 on  (FF000892)].XPMSEWeaponStyleScaleEffect.CleanupAll() - "XPMSEWeaponStyleScaleEffect.psc" Line 418
	[Active effect 6 on  (FF000892)].XPMSEWeaponStyleScaleEffect.OnCellDetach() - "XPMSEWeaponStyleScaleEffect.psc" Line ?
[07/31/2026 - 08:40:41PM] Error: Static function SetAnimGroupEX not found on object fnis_aa. Aborting call and returning None
stack:
	<unknown self>.xpmselib.SetAA() - "XPMSELib.psc" Line 242
	[Active effect 6 on  (FF000892)].XPMSEWeaponStyleScaleEffect.SetAA() - "XPMSEWeaponStyleScaleEffect.psc" Line 1558
	[Active effect 6 on  (FF000892)].XPMSEWeaponStyleScaleEffect.CleanupFNISaa() - "XPMSEWeaponStyleScaleEffect.psc" Line 514
	[Active effect 6 on  (FF000892)].XPMSEWeaponStyleScaleEffect.CleanupAll() - "XPMSEWeaponStyleScaleEffect.psc" Line 418
	[Active effect 6 on  (FF000892)].XPMSEWeaponStyleScaleEffect.OnCellDetach() - "XPMSEWeaponStyleScaleEffect.psc" Line ?
[07/31/2026 - 08:40:41PM] warning: Assigning None to a non-object variable named "::temp54"
stack:
	<unknown self>.xpmselib.SetAA() - "XPMSELib.psc" Line 242
	[Active effect 6 on  (FF000892)].XPMSEWeaponStyleScaleEffect.SetAA() - "XPMSEWeaponStyleScaleEffect.psc" Line 1558
	[Active effect 6 on  (FF000892)].XPMSEWeaponStyleScaleEffect.CleanupFNISaa() - "XPMSEWeaponStyleScaleEffect.psc" Line 514
	[Active effect 6 on  (FF000892)].XPMSEWeaponStyleScaleEffect.CleanupAll() - "XPMSEWeaponStyleScaleEffect.psc" Line 418
	[Active effect 6 on  (FF000892)].XPMSEWeaponStyleScaleEffect.OnCellDetach() - "XPMSEWeaponStyleScaleEffect.psc" Line ?
[07/31/2026 - 08:40:45PM] Error: Static function GetInstallationCRC not found on object fnis_aa. Aborting call and returning None
stack:
	[Active effect 6 on  (FF000892)].XPMSEWeaponStyleScaleEffect.Restyle() - "XPMSEWeaponStyleScaleEffect.psc" Line 564
	[Active effect 6 on  (FF000892)].XPMSEWeaponStyleScaleEffect.onBeginState() - "XPMSEWeaponStyleScaleEffect.psc" Line 255
	[Active effect 6 on  (FF000892)].XPMSEWeaponStyleScaleEffect.GotoState() - "ActiveMagicEffect.psc" Line ?
	[Active effect 6 on  (FF000892)].XPMSEWeaponStyleScaleEffect.OnEffectStart() - "XPMSEWeaponStyleScaleEffect.psc" Line 222
[07/31/2026 - 08:40:45PM] warning: Assigning None to a non-object variable named "::temp70"
stack:
	[Active effect 6 on  (FF000892)].XPMSEWeaponStyleScaleEffect.Restyle() - "XPMSEWeaponStyleScaleEffect.psc" Line 564
	[Active effect 6 on  (FF000892)].XPMSEWeaponStyleScaleEffect.onBeginState() - "XPMSEWeaponStyleScaleEffect.psc" Line 255
	[Active effect 6 on  (FF000892)].XPMSEWeaponStyleScaleEffect.GotoState() - "ActiveMagicEffect.psc" Line ?
	[Active effect 6 on  (FF000892)].XPMSEWeaponStyleScaleEffect.OnEffectStart() - "XPMSEWeaponStyleScaleEffect.psc" Line 222
[07/31/2026 - 08:40:45PM] Error: Static function GetInstallationCRC not found on object fnis_aa. Aborting call and returning None
stack:
	[Active effect 6 on  (FF000892)].XPMSEWeaponStyleScaleEffect.GetFNISSaveData() - "XPMSEWeaponStyleScaleEffect.psc" Line 1657
	[Active effect 6 on  (FF000892)].XPMSEWeaponStyleScaleEffect.Restyle() - "XPMSEWeaponStyleScaleEffect.psc" Line 860
	[Active effect 6 on  (FF000892)].XPMSEWeaponStyleScaleEffect.onBeginState() - "XPMSEWeaponStyleScaleEffect.psc" Line 255
	[Active effect 6 on  (FF000892)].XPMSEWeaponStyleScaleEffect.GotoState() - "ActiveMagicEffect.psc" Line ?
	[Active effect 6 on  (FF000892)].XPMSEWeaponStyleScaleEffect.OnEffectStart() - "XPMSEWeaponStyleScaleEffect.psc" Line 222
[07/31/2026 - 08:40:45PM] warning: Assigning None to a non-object variable named "::temp150"
stack:
	[Active effect 6 on  (FF000892)].XPMSEWeaponStyleScaleEffect.GetFNISSaveData() - "XPMSEWeaponStyleScaleEffect.psc" Line 1657
	[Active effect 6 on  (FF000892)].XPMSEWeaponStyleScaleEffect.Restyle() - "XPMSEWeaponStyleScaleEffect.psc" Line 860
	[Active effect 6 on  (FF000892)].XPMSEWeaponStyleScaleEffect.onBeginState() - "XPMSEWeaponStyleScaleEffect.psc" Line 255
	[Active effect 6 on  (FF000892)].XPMSEWeaponStyleScaleEffect.GotoState() - "ActiveMagicEffect.psc" Line ?
	[Active effect 6 on  (FF000892)].XPMSEWeaponStyleScaleEffect.OnEffectStart() - "XPMSEWeaponStyleScaleEffect.psc" Line 222
[07/31/2026 - 08:40:45PM] Error: Static function SetAnimGroupEX not found on object fnis_aa. Aborting call and returning None
stack:
	<unknown self>.xpmselib.SetAA() - "XPMSELib.psc" Line 242
	[Active effect 6 on  (FF000892)].XPMSEWeaponStyleScaleEffect.SetAA() - "XPMSEWeaponStyleScaleEffect.psc" Line 1558
	[Active effect 6 on  (FF000892)].XPMSEWeaponStyleScaleEffect.Restyle() - "XPMSEWeaponStyleScaleEffect.psc" Line 860
	[Active effect 6 on  (FF000892)].XPMSEWeaponStyleScaleEffect.onBeginState() - "XPMSEWeaponStyleScaleEffect.psc" Line 255
	[Active effect 6 on  (FF000892)].XPMSEWeaponStyleScaleEffect.GotoState() - "ActiveMagicEffect.psc" Line ?
	[Active effect 6 on  (FF000892)].XPMSEWeaponStyleScaleEffect.OnEffectStart() - "XPMSEWeaponStyleScaleEffect.psc" Line 222
[07/31/2026 - 08:40:45PM] warning: Assigning None to a non-object variable named "::temp54"
stack:
	<unknown self>.xpmselib.SetAA() - "XPMSELib.psc" Line 242
	[Active effect 6 on  (FF000892)].XPMSEWeaponStyleScaleEffect.SetAA() - "XPMSEWeaponStyleScaleEffect.psc" Line 1558
	[Active effect 6 on  (FF000892)].XPMSEWeaponStyleScaleEffect.Restyle() - "XPMSEWeaponStyleScaleEffect.psc" Line 860
	[Active effect 6 on  (FF000892)].XPMSEWeaponStyleScaleEffect.onBeginState() - "XPMSEWeaponStyleScaleEffect.psc" Line 255
	[Active effect 6 on  (FF000892)].XPMSEWeaponStyleScaleEffect.GotoState() - "ActiveMagicEffect.psc" Line ?
	[Active effect 6 on  (FF000892)].XPMSEWeaponStyleScaleEffect.OnEffectStart() - "XPMSEWeaponStyleScaleEffect.psc" Line 222
[07/31/2026 - 08:40:45PM] Error: Static function GetInstallationCRC not found on object fnis_aa. Aborting call and returning None
stack:
	[Active effect 6 on  (FF000892)].XPMSEWeaponStyleScaleEffect.GetFNISSaveData() - "XPMSEWeaponStyleScaleEffect.psc" Line 1657
	[Active effect 6 on  (FF000892)].XPMSEWeaponStyleScaleEffect.Restyle() - "XPMSEWeaponStyleScaleEffect.psc" Line 1261
	[Active effect 6 on  (FF000892)].XPMSEWeaponStyleScaleEffect.onBeginState() - "XPMSEWeaponStyleScaleEffect.psc" Line 255
	[Active effect 6 on  (FF000892)].XPMSEWeaponStyleScaleEffect.GotoState() - "ActiveMagicEffect.psc" Line ?
	[Active effect 6 on  (FF000892)].XPMSEWeaponStyleScaleEffect.OnEffectStart() - "XPMSEWeaponStyleScaleEffect.psc" Line 222
[07/31/2026 - 08:40:45PM] warning: Assigning None to a non-object variable named "::temp150"
stack:
	[Active effect 6 on  (FF000892)].XPMSEWeaponStyleScaleEffect.GetFNISSaveData() - "XPMSEWeaponStyleScaleEffect.psc" Line 1657
	[Active effect 6 on  (FF000892)].XPMSEWeaponStyleScaleEffect.Restyle() - "XPMSEWeaponStyleScaleEffect.psc" Line 1261
	[Active effect 6 on  (FF000892)].XPMSEWeaponStyleScaleEffect.onBeginState() - "XPMSEWeaponStyleScaleEffect.psc" Line 255
	[Active effect 6 on  (FF000892)].XPMSEWeaponStyleScaleEffect.GotoState() - "ActiveMagicEffect.psc" Line ?
	[Active effect 6 on  (FF000892)].XPMSEWeaponStyleScaleEffect.OnEffectStart() - "XPMSEWeaponStyleScaleEffect.psc" Line 222
[07/31/2026 - 08:40:45PM] Error: Static function SetAnimGroupEX not found on object fnis_aa. Aborting call and returning None
stack:
	<unknown self>.xpmselib.SetAA() - "XPMSELib.psc" Line 242
	[Active effect 6 on  (FF000892)].XPMSEWeaponStyleScaleEffect.SetAA() - "XPMSEWeaponStyleScaleEffect.psc" Line 1558
	[Active effect 6 on  (FF000892)].XPMSEWeaponStyleScaleEffect.Restyle() - "XPMSEWeaponStyleScaleEffect.psc" Line 1261
	[Active effect 6 on  (FF000892)].XPMSEWeaponStyleScaleEffect.onBeginState() - "XPMSEWeaponStyleScaleEffect.psc" Line 255
	[Active effect 6 on  (FF000892)].XPMSEWeaponStyleScaleEffect.GotoState() - "ActiveMagicEffect.psc" Line ?
	[Active effect 6 on  (FF000892)].XPMSEWeaponStyleScaleEffect.OnEffectStart() - "XPMSEWeaponStyleScaleEffect.psc" Line 222
[07/31/2026 - 08:40:45PM] warning: Assigning None to a non-object variable named "::temp54"
stack:
	<unknown self>.xpmselib.SetAA() - "XPMSELib.psc" Line 242
	[Active effect 6 on  (FF000892)].XPMSEWeaponStyleScaleEffect.SetAA() - "XPMSEWeaponStyleScaleEffect.psc" Line 1558
	[Active effect 6 on  (FF000892)].XPMSEWeaponStyleScaleEffect.Restyle() - "XPMSEWeaponStyleScaleEffect.psc" Line 1261
	[Active effect 6 on  (FF000892)].XPMSEWeaponStyleScaleEffect.onBeginState() - "XPMSEWeaponStyleScaleEffect.psc" Line 255
	[Active effect 6 on  (FF000892)].XPMSEWeaponStyleScaleEffect.GotoState() - "ActiveMagicEffect.psc" Line ?
	[Active effect 6 on  (FF000892)].XPMSEWeaponStyleScaleEffect.OnEffectStart() - "XPMSEWeaponStyleScaleEffect.psc" Line 222
[07/31/2026 - 08:40:46PM] Error: Static function GetInstallationCRC not found on object fnis_aa. Aborting call and returning None
stack:
	[Active effect 6 on  (FF000892)].XPMSEWeaponStyleScaleEffect.GetFNISSaveData() - "XPMSEWeaponStyleScaleEffect.psc" Line 1657
	[Active effect 6 on  (FF000892)].XPMSEWeaponStyleScaleEffect.Restyle() - "XPMSEWeaponStyleScaleEffect.psc" Line 1310
	[Active effect 6 on  (FF000892)].XPMSEWeaponStyleScaleEffect.onBeginState() - "XPMSEWeaponStyleScaleEffect.psc" Line 255
	[Active effect 6 on  (FF000892)].XPMSEWeaponStyleScaleEffect.GotoState() - "ActiveMagicEffect.psc" Line ?
	[Active effect 6 on  (FF000892)].XPMSEWeaponStyleScaleEffect.OnEffectStart() - "XPMSEWeaponStyleScaleEffect.psc" Line 222
[07/31/2026 - 08:40:46PM] warning: Assigning None to a non-object variable named "::temp150"
stack:
	[Active effect 6 on  (FF000892)].XPMSEWeaponStyleScaleEffect.GetFNISSaveData() - "XPMSEWeaponStyleScaleEffect.psc" Line 1657
	[Active effect 6 on  (FF000892)].XPMSEWeaponStyleScaleEffect.Restyle() - "XPMSEWeaponStyleScaleEffect.psc" Line 1310
	[Active effect 6 on  (FF000892)].XPMSEWeaponStyleScaleEffect.onBeginState() - "XPMSEWeaponStyleScaleEffect.psc" Line 255
	[Active effect 6 on  (FF000892)].XPMSEWeaponStyleScaleEffect.GotoState() - "ActiveMagicEffect.psc" Line ?
	[Active effect 6 on  (FF000892)].XPMSEWeaponStyleScaleEffect.OnEffectStart() - "XPMSEWeaponStyleScaleEffect.psc" Line 222
[07/31/2026 - 08:40:46PM] Error: Static function SetAnimGroupEX not found on object fnis_aa. Aborting call and returning None
stack:
	<unknown self>.xpmselib.SetAA() - "XPMSELib.psc" Line 242
	[Active effect 6 on  (FF000892)].XPMSEWeaponStyleScaleEffect.SetAA() - "XPMSEWeaponStyleScaleEffect.psc" Line 1558
	[Active effect 6 on  (FF000892)].XPMSEWeaponStyleScaleEffect.Restyle() - "XPMSEWeaponStyleScaleEffect.psc" Line 1310
	[Active effect 6 on  (FF000892)].XPMSEWeaponStyleScaleEffect.onBeginState() - "XPMSEWeaponStyleScaleEffect.psc" Line 255
	[Active effect 6 on  (FF000892)].XPMSEWeaponStyleScaleEffect.GotoState() - "ActiveMagicEffect.psc" Line ?
	[Active effect 6 on  (FF000892)].XPMSEWeaponStyleScaleEffect.OnEffectStart() - "XPMSEWeaponStyleScaleEffect.psc" Line 222
[07/31/2026 - 08:40:46PM] warning: Assigning None to a non-object variable named "::temp54"
stack:
	<unknown self>.xpmselib.SetAA() - "XPMSELib.psc" Line 242
	[Active effect 6 on  (FF000892)].XPMSEWeaponStyleScaleEffect.SetAA() - "XPMSEWeaponStyleScaleEffect.psc" Line 1558
	[Active effect 6 on  (FF000892)].XPMSEWeaponStyleScaleEffect.Restyle() - "XPMSEWeaponStyleScaleEffect.psc" Line 1310
	[Active effect 6 on  (FF000892)].XPMSEWeaponStyleScaleEffect.onBeginState() - "XPMSEWeaponStyleScaleEffect.psc" Line 255
	[Active effect 6 on  (FF000892)].XPMSEWeaponStyleScaleEffect.GotoState() - "ActiveMagicEffect.psc" Line ?
	[Active effect 6 on  (FF000892)].XPMSEWeaponStyleScaleEffect.OnEffectStart() - "XPMSEWeaponStyleScaleEffect.psc" Line 222
[07/31/2026 - 08:40:46PM] PL/Station 2: OnUpdate rename refresh
[07/31/2026 - 08:40:46PM] PL/Station 4: OnUpdate rename refresh
[07/31/2026 - 08:40:46PM] PL/Station 5: OnUpdate rename refresh
[07/31/2026 - 08:40:46PM] PL/Station 2: UpdateTriggerName â€” bound=False name=''
[07/31/2026 - 08:40:46PM] PL/Station 4: UpdateTriggerName â€” bound=False name=''
[07/31/2026 - 08:40:46PM] PL/Station 5: UpdateTriggerName â€” bound=TRUE name='girl'
[07/31/2026 - 08:40:46PM] PL/Station 3: OnUpdate rename refresh
[07/31/2026 - 08:40:46PM] PL/Station 3: UpdateTriggerName â€” bound=False name=''
[07/31/2026 - 08:40:46PM] PL/Station 1: OnUpdate rename refresh
[07/31/2026 - 08:40:46PM] PL/Station 6: OnUpdate rename refresh
[07/31/2026 - 08:40:46PM] PL/Station 1: UpdateTriggerName â€” bound=False name=''
[07/31/2026 - 08:40:46PM] PL/Station 6: UpdateTriggerName â€” bound=False name=''
[07/31/2026 - 08:40:52PM] PL/Station 2: OnUpdate rename refresh
[07/31/2026 - 08:40:52PM] PL/Station 4: OnUpdate rename refresh
[07/31/2026 - 08:40:52PM] PL/Station 5: OnUpdate rename refresh
[07/31/2026 - 08:40:52PM] PL/Station 5: UpdateTriggerName â€” bound=TRUE name='girl'
[07/31/2026 - 08:40:52PM] PL/Station 2: UpdateTriggerName â€” bound=False name=''
[07/31/2026 - 08:40:52PM] PL/Station 4: UpdateTriggerName â€” bound=False name=''
[07/31/2026 - 08:40:53PM] PL/Station 3: OnUpdate rename refresh
[07/31/2026 - 08:40:53PM] PL/Station 3: UpdateTriggerName â€” bound=False name=''
[07/31/2026 - 08:40:53PM] PL/Station 6: OnUpdate rename refresh
[07/31/2026 - 08:40:53PM] PL/Station 1: OnUpdate rename refresh
[07/31/2026 - 08:40:53PM] PL/Station 6: UpdateTriggerName â€” bound=False name=''
[07/31/2026 - 08:40:53PM] PL/Station 1: UpdateTriggerName â€” bound=False name=''
[07/31/2026 - 08:40:59PM] PL/Station 5: OnUpdate rename refresh
[07/31/2026 - 08:40:59PM] PL/Station 4: OnUpdate rename refresh
[07/31/2026 - 08:40:59PM] PL/Station 2: OnUpdate rename refresh
[07/31/2026 - 08:40:59PM] PL/Station 4: UpdateTriggerName â€” bound=False name=''
[07/31/2026 - 08:40:59PM] PL/Station 5: UpdateTriggerName â€” bound=TRUE name='girl'
[07/31/2026 - 08:40:59PM] PL/Station 2: UpdateTriggerName â€” bound=False name=''
[07/31/2026 - 08:40:59PM] PL/Station 3: OnUpdate rename refresh
[07/31/2026 - 08:40:59PM] PL/Station 3: UpdateTriggerName â€” bound=False name=''
[07/31/2026 - 08:40:59PM] PL/Station 1: OnUpdate rename refresh
[07/31/2026 - 08:40:59PM] PL/Station 6: OnUpdate rename refresh
[07/31/2026 - 08:40:59PM] PL/Station 1: UpdateTriggerName â€” bound=False name=''
[07/31/2026 - 08:40:59PM] PL/Station 6: UpdateTriggerName â€” bound=False name=''
